Tissue,Timepoint,Treatment,Cell_ID,mean_Proportion_idPerSample,sem_Proportion_idPerSample
Lung,2,Hh,B-cells,0.306714452,0.01848907439180029
Lung,2,Hh,CD103+CD4+ T-cells,0.0093503835,4.928315950218528e-4
Lung,2,Hh,CD206+ Macrophages,0.0069661415,9.94866557852149e-4
Lung,2,Hh,CD4+ T-cells,0.24143409483333333,0.011233083430708427
Lung,2,Hh,CD64+MHCII- Macrophages,5.679341666666667e-4,9.856698147433101e-5
Lung,2,Hh,Drop,0.0876690495,0.006420451087665098
Lung,2,Hh,Ly6C(hi)CD64(hi) Monocytes,0.011801042166666668,0.0017126714979415916
Lung,2,Hh,Ly6C+ NK cells,0.048254024666666666,0.00403946399341632
Lung,2,Hh,Ly6C+CD8+ T-cells,0.056388199666666666,0.004290144085703834
Lung,2,Hh,Ly6C- NK cells,0.05913116783333333,0.0023679542650361933
Lung,2,Hh,Ly6C-CD8+ T-cells,0.04837630466666667,0.0038129473727056148
Lung,2,Hh,Monocytes,0.0087486545,0.001022422712843038
Lung,2,Hh,Neutrophils,0.025903064,0.0050079054504603695
Lung,2,Hh,Unknown Myeloid,0.042019605333333335,0.0037862150123792555
Lung,2,Hh,cDC1,0.004422864166666667,5.255446897068106e-4
Lung,2,Hh,cDC2,0.001464923,1.8408046128708686e-4
Lung,2,Hh,moDCs,0.036646847499999996,0.004773084817915215
Lung,2,Hh,pDCs,0.0041412474999999995,3.5078357426583797e-4
Lung,2,Hh+IAV,B-cells,0.306714452,0.01848907439180029
Lung,2,Hh+IAV,CD103+CD4+ T-cells,0.0093503835,4.928315950218528e-4
Lung,2,Hh+IAV,CD206+ Macrophages,0.0069661415,9.94866557852149e-4
Lung,2,Hh+IAV,CD4+ T-cells,0.24143409483333333,0.011233083430708427
Lung,2,Hh+IAV,CD64+MHCII- Macrophages,5.679341666666667e-4,9.856698147433101e-5
Lung,2,Hh+IAV,Drop,0.0876690495,0.006420451087665098
Lung,2,Hh+IAV,Ly6C(hi)CD64(hi) Monocytes,0.011801042166666668,0.0017126714979415916
Lung,2,Hh+IAV,Ly6C+ NK cells,0.048254024666666666,0.00403946399341632
Lung,2,Hh+IAV,Ly6C+CD8+ T-cells,0.056388199666666666,0.004290144085703834
Lung,2,Hh+IAV,Ly6C- NK cells,0.05913116783333333,0.0023679542650361933
Lung,2,Hh+IAV,Ly6C-CD8+ T-cells,0.04837630466666667,0.0038129473727056148
Lung,2,Hh+IAV,Monocytes,0.0087486545,0.001022422712843038
Lung,2,Hh+IAV,Neutrophils,0.025903064,0.0050079054504603695
Lung,2,Hh+IAV,Unknown Myeloid,0.042019605333333335,0.0037862150123792555
Lung,2,Hh+IAV,cDC1,0.004422864166666667,5.255446897068106e-4
Lung,2,Hh+IAV,cDC2,0.001464923,1.8408046128708686e-4
Lung,2,Hh+IAV,moDCs,0.036646847499999996,0.004773084817915215
Lung,2,Hh+IAV,pDCs,0.0041412474999999995,3.5078357426583797e-4
Lung,2,Hh+IAV+NTHi,B-cells,0.306714452,0.01848907439180029
Lung,2,Hh+IAV+NTHi,CD103+CD4+ T-cells,0.0093503835,4.928315950218528e-4
Lung,2,Hh+IAV+NTHi,CD206+ Macrophages,0.0069661415,9.94866557852149e-4
Lung,2,Hh+IAV+NTHi,CD4+ T-cells,0.24143409483333333,0.011233083430708427
Lung,2,Hh+IAV+NTHi,CD64+MHCII- Macrophages,5.679341666666667e-4,9.856698147433101e-5
Lung,2,Hh+IAV+NTHi,Drop,0.0876690495,0.006420451087665098
Lung,2,Hh+IAV+NTHi,Ly6C(hi)CD64(hi) Monocytes,0.011801042166666668,0.0017126714979415916
Lung,2,Hh+IAV+NTHi,Ly6C+ NK cells,0.048254024666666666,0.00403946399341632
Lung,2,Hh+IAV+NTHi,Ly6C+CD8+ T-cells,0.056388199666666666,0.004290144085703834
Lung,2,Hh+IAV+NTHi,Ly6C- NK cells,0.05913116783333333,0.0023679542650361933
Lung,2,Hh+IAV+NTHi,Ly6C-CD8+ T-cells,0.04837630466666667,0.0038129473727056148
Lung,2,Hh+IAV+NTHi,Monocytes,0.0087486545,0.001022422712843038
Lung,2,Hh+IAV+NTHi,Neutrophils,0.025903064,0.0050079054504603695
Lung,2,Hh+IAV+NTHi,Unknown Myeloid,0.042019605333333335,0.0037862150123792555
Lung,2,Hh+IAV+NTHi,cDC1,0.004422864166666667,5.255446897068106e-4
Lung,2,Hh+IAV+NTHi,cDC2,0.001464923,1.8408046128708686e-4
Lung,2,Hh+IAV+NTHi,moDCs,0.036646847499999996,0.004773084817915215
Lung,2,Hh+IAV+NTHi,pDCs,0.0041412474999999995,3.5078357426583797e-4
Lung,2,Hh+NTHi,B-cells,0.306714452,0.01848907439180029
Lung,2,Hh+NTHi,CD103+CD4+ T-cells,0.0093503835,4.928315950218528e-4
Lung,2,Hh+NTHi,CD206+ Macrophages,0.0069661415,9.94866557852149e-4
Lung,2,Hh+NTHi,CD4+ T-cells,0.24143409483333333,0.011233083430708427
Lung,2,Hh+NTHi,CD64+MHCII- Macrophages,5.679341666666667e-4,9.856698147433101e-5
Lung,2,Hh+NTHi,Drop,0.0876690495,0.006420451087665098
Lung,2,Hh+NTHi,Ly6C(hi)CD64(hi) Monocytes,0.011801042166666668,0.0017126714979415916
Lung,2,Hh+NTHi,Ly6C+ NK cells,0.048254024666666666,0.00403946399341632
Lung,2,Hh+NTHi,Ly6C+CD8+ T-cells,0.056388199666666666,0.004290144085703834
Lung,2,Hh+NTHi,Ly6C- NK cells,0.05913116783333333,0.0023679542650361933
Lung,2,Hh+NTHi,Ly6C-CD8+ T-cells,0.04837630466666667,0.0038129473727056148
Lung,2,Hh+NTHi,Monocytes,0.0087486545,0.001022422712843038
Lung,2,Hh+NTHi,Neutrophils,0.025903064,0.0050079054504603695
Lung,2,Hh+NTHi,Unknown Myeloid,0.042019605333333335,0.0037862150123792555
Lung,2,Hh+NTHi,cDC1,0.004422864166666667,5.255446897068106e-4
Lung,2,Hh+NTHi,cDC2,0.001464923,1.8408046128708686e-4
Lung,2,Hh+NTHi,moDCs,0.036646847499999996,0.004773084817915215
Lung,2,Hh+NTHi,pDCs,0.0041412474999999995,3.5078357426583797e-4
Lung,2,Pam1ug,B-cells,0.2537768501666667,0.021088399498933368
Lung,2,Pam1ug,CD103+CD4+ T-cells,0.008588581833333334,3.075913636825562e-4
Lung,2,Pam1ug,CD206+ Macrophages,0.005758765833333334,7.080174695721107e-4
Lung,2,Pam1ug,CD4+ T-cells,0.2434147045,0.007217330847170106
Lung,2,Pam1ug,CD64+MHCII- Macrophages,5.247806666666667e-4,1.3751718406940198e-4
Lung,2,Pam1ug,Drop,0.08140320766666667,0.00754934533124688
Lung,2,Pam1ug,Ly6C(hi)CD64(hi) Monocytes,0.03897769783333333,0.00836200589681961
Lung,2,Pam1ug,Ly6C+ NK cells,0.04657594966666667,0.00947222460614688
Lung,2,Pam1ug,Ly6C+CD8+ T-cells,0.058831668499999996,0.0016401800051986722
Lung,2,Pam1ug,Ly6C- NK cells,0.053562035,0.00507304407561585
Lung,2,Pam1ug,Ly6C-CD8+ T-cells,0.047421884,0.00355411627242113
Lung,2,Pam1ug,Monocytes,0.020465411833333332,0.0056995621268819035
Lung,2,Pam1ug,Neutrophils,0.06368273099999999,0.020304569244946388
Lung,2,Pam1ug,Unknown Myeloid,0.033764203666666666,0.0020804173594582676
Lung,2,Pam1ug,cDC1,0.0042211961666666666,6.518695085672909e-4
Lung,2,Pam1ug,cDC2,0.0015583088333333333,1.9494360105005016e-4
Lung,2,Pam1ug,moDCs,0.032808679333333333,0.007114646591912334
Lung,2,Pam1ug,pDCs,0.004663343166666667,3.611095795157307e-4
Lung,2,Pam1ug+IAV,B-cells,0.2537768501666667,0.021088399498933368
Lung,2,Pam1ug+IAV,CD103+CD4+ T-cells,0.008588581833333334,3.075913636825562e-4
Lung,2,Pam1ug+IAV,CD206+ Macrophages,0.005758765833333334,7.080174695721107e-4
Lung,2,Pam1ug+IAV,CD4+ T-cells,0.2434147045,0.007217330847170106
Lung,2,Pam1ug+IAV,CD64+MHCII- Macrophages,5.247806666666667e-4,1.3751718406940198e-4
Lung,2,Pam1ug+IAV,Drop,0.08140320766666667,0.00754934533124688
Lung,2,Pam1ug+IAV,Ly6C(hi)CD64(hi) Monocytes,0.03897769783333333,0.00836200589681961
Lung,2,Pam1ug+IAV,Ly6C+ NK cells,0.04657594966666667,0.00947222460614688
Lung,2,Pam1ug+IAV,Ly6C+CD8+ T-cells,0.058831668499999996,0.0016401800051986722
Lung,2,Pam1ug+IAV,Ly6C- NK cells,0.053562035,0.00507304407561585
Lung,2,Pam1ug+IAV,Ly6C-CD8+ T-cells,0.047421884,0.00355411627242113
Lung,2,Pam1ug+IAV,Monocytes,0.020465411833333332,0.0056995621268819035
Lung,2,Pam1ug+IAV,Neutrophils,0.06368273099999999,0.020304569244946388
Lung,2,Pam1ug+IAV,Unknown Myeloid,0.033764203666666666,0.0020804173594582676
Lung,2,Pam1ug+IAV,cDC1,0.0042211961666666666,6.518695085672909e-4
Lung,2,Pam1ug+IAV,cDC2,0.0015583088333333333,1.9494360105005016e-4
Lung,2,Pam1ug+IAV,moDCs,0.032808679333333333,0.007114646591912334
Lung,2,Pam1ug+IAV,pDCs,0.004663343166666667,3.611095795157307e-4
Lung,2,Pam1ug+IAV+NTHi,B-cells,0.2537768501666667,0.021088399498933368
Lung,2,Pam1ug+IAV+NTHi,CD103+CD4+ T-cells,0.008588581833333334,3.075913636825562e-4
Lung,2,Pam1ug+IAV+NTHi,CD206+ Macrophages,0.005758765833333334,7.080174695721107e-4
Lung,2,Pam1ug+IAV+NTHi,CD4+ T-cells,0.2434147045,0.007217330847170106
Lung,2,Pam1ug+IAV+NTHi,CD64+MHCII- Macrophages,5.247806666666667e-4,1.3751718406940198e-4
Lung,2,Pam1ug+IAV+NTHi,Drop,0.08140320766666667,0.00754934533124688
Lung,2,Pam1ug+IAV+NTHi,Ly6C(hi)CD64(hi) Monocytes,0.03897769783333333,0.00836200589681961
Lung,2,Pam1ug+IAV+NTHi,Ly6C+ NK cells,0.04657594966666667,0.00947222460614688
Lung,2,Pam1ug+IAV+NTHi,Ly6C+CD8+ T-cells,0.058831668499999996,0.0016401800051986722
Lung,2,Pam1ug+IAV+NTHi,Ly6C- NK cells,0.053562035,0.00507304407561585
Lung,2,Pam1ug+IAV+NTHi,Ly6C-CD8+ T-cells,0.047421884,0.00355411627242113
Lung,2,Pam1ug+IAV+NTHi,Monocytes,0.020465411833333332,0.0056995621268819035
Lung,2,Pam1ug+IAV+NTHi,Neutrophils,0.06368273099999999,0.020304569244946388
Lung,2,Pam1ug+IAV+NTHi,Unknown Myeloid,0.033764203666666666,0.0020804173594582676
Lung,2,Pam1ug+IAV+NTHi,cDC1,0.0042211961666666666,6.518695085672909e-4
Lung,2,Pam1ug+IAV+NTHi,cDC2,0.0015583088333333333,1.9494360105005016e-4
Lung,2,Pam1ug+IAV+NTHi,moDCs,0.032808679333333333,0.007114646591912334
Lung,2,Pam1ug+IAV+NTHi,pDCs,0.004663343166666667,3.611095795157307e-4
Lung,2,Pam1ug+NTHi,B-cells,0.2537768501666667,0.021088399498933368
Lung,2,Pam1ug+NTHi,CD103+CD4+ T-cells,0.008588581833333334,3.075913636825562e-4
Lung,2,Pam1ug+NTHi,CD206+ Macrophages,0.005758765833333334,7.080174695721107e-4
Lung,2,Pam1ug+NTHi,CD4+ T-cells,0.2434147045,0.007217330847170106
Lung,2,Pam1ug+NTHi,CD64+MHCII- Macrophages,5.247806666666667e-4,1.3751718406940198e-4
Lung,2,Pam1ug+NTHi,Drop,0.08140320766666667,0.00754934533124688
Lung,2,Pam1ug+NTHi,Ly6C(hi)CD64(hi) Monocytes,0.03897769783333333,0.00836200589681961
Lung,2,Pam1ug+NTHi,Ly6C+ NK cells,0.04657594966666667,0.00947222460614688
Lung,2,Pam1ug+NTHi,Ly6C+CD8+ T-cells,0.058831668499999996,0.0016401800051986722
Lung,2,Pam1ug+NTHi,Ly6C- NK cells,0.053562035,0.00507304407561585
Lung,2,Pam1ug+NTHi,Ly6C-CD8+ T-cells,0.047421884,0.00355411627242113
Lung,2,Pam1ug+NTHi,Monocytes,0.020465411833333332,0.0056995621268819035
Lung,2,Pam1ug+NTHi,Neutrophils,0.06368273099999999,0.020304569244946388
Lung,2,Pam1ug+NTHi,Unknown Myeloid,0.033764203666666666,0.0020804173594582676
Lung,2,Pam1ug+NTHi,cDC1,0.0042211961666666666,6.518695085672909e-4
Lung,2,Pam1ug+NTHi,cDC2,0.0015583088333333333,1.9494360105005016e-4
Lung,2,Pam1ug+NTHi,moDCs,0.032808679333333333,0.007114646591912334
Lung,2,Pam1ug+NTHi,pDCs,0.004663343166666667,3.611095795157307e-4
Lung,2,Saline,B-cells,0.32095503233333333,0.023245863639763695
Lung,2,Saline,CD103+CD4+ T-cells,0.008390452333333333,4.599119973512083e-4
Lung,2,Saline,CD206+ Macrophages,0.005884375333333333,9.665663543973817e-4
Lung,2,Saline,CD4+ T-cells,0.2358138215,0.013594068304133941
Lung,2,Saline,CD64+MHCII- Macrophages,7.145113333333333e-4,2.466349972321672e-4
Lung,2,Saline,Drop,0.0947607835,0.0052021410232593705
Lung,2,Saline,Ly6C(hi)CD64(hi) Monocytes,0.010636585666666667,0.0016040193319717744
Lung,2,Saline,Ly6C+ NK cells,0.052128270666666664,0.0038529538565886972
Lung,2,Saline,Ly6C+CD8+ T-cells,0.056102627833333335,0.004549403653713289
Lung,2,Saline,Ly6C- NK cells,0.058589910499999995,0.0054932934657044175
Lung,2,Saline,Ly6C-CD8+ T-cells,0.05372282233333334,0.00737001250788499
Lung,2,Saline,Monocytes,0.007941669666666666,7.556852564674735e-4
Lung,2,Saline,Neutrophils,0.009906895166666667,0.0019495253811072993
Lung,2,Saline,Unknown Myeloid,0.04147276816666667,0.002456186874891409
Lung,2,Saline,cDC1,0.0038062335,3.1766622773583706e-4
Lung,2,Saline,cDC2,0.0015289203333333334,1.3298132853917672e-4
Lung,2,Saline,moDCs,0.03392857966666667,0.004828050221481406
Lung,2,Saline,pDCs,0.0037157396666666668,3.727185464597174e-4
Lung,2,Saline+IAV,B-cells,0.32095503233333333,0.023245863639763695
Lung,2,Saline+IAV,CD103+CD4+ T-cells,0.008390452333333333,4.599119973512083e-4
Lung,2,Saline+IAV,CD206+ Macrophages,0.005884375333333333,9.665663543973817e-4
Lung,2,Saline+IAV,CD4+ T-cells,0.2358138215,0.013594068304133941
Lung,2,Saline+IAV,CD64+MHCII- Macrophages,7.145113333333333e-4,2.466349972321672e-4
Lung,2,Saline+IAV,Drop,0.0947607835,0.0052021410232593705
Lung,2,Saline+IAV,Ly6C(hi)CD64(hi) Monocytes,0.010636585666666667,0.0016040193319717744
Lung,2,Saline+IAV,Ly6C+ NK cells,0.052128270666666664,0.0038529538565886972
Lung,2,Saline+IAV,Ly6C+CD8+ T-cells,0.056102627833333335,0.004549403653713289
Lung,2,Saline+IAV,Ly6C- NK cells,0.058589910499999995,0.0054932934657044175
Lung,2,Saline+IAV,Ly6C-CD8+ T-cells,0.05372282233333334,0.00737001250788499
Lung,2,Saline+IAV,Monocytes,0.007941669666666666,7.556852564674735e-4
Lung,2,Saline+IAV,Neutrophils,0.009906895166666667,0.0019495253811072993
Lung,2,Saline+IAV,Unknown Myeloid,0.04147276816666667,0.002456186874891409
Lung,2,Saline+IAV,cDC1,0.0038062335,3.1766622773583706e-4
Lung,2,Saline+IAV,cDC2,0.0015289203333333334,1.3298132853917672e-4
Lung,2,Saline+IAV,moDCs,0.03392857966666667,0.004828050221481406
Lung,2,Saline+IAV,pDCs,0.0037157396666666668,3.727185464597174e-4
Lung,2,Saline+IAV+NTHi,B-cells,0.32095503233333333,0.023245863639763695
Lung,2,Saline+IAV+NTHi,CD103+CD4+ T-cells,0.008390452333333333,4.599119973512083e-4
Lung,2,Saline+IAV+NTHi,CD206+ Macrophages,0.005884375333333333,9.665663543973817e-4
Lung,2,Saline+IAV+NTHi,CD4+ T-cells,0.2358138215,0.013594068304133941
Lung,2,Saline+IAV+NTHi,CD64+MHCII- Macrophages,7.145113333333333e-4,2.466349972321672e-4
Lung,2,Saline+IAV+NTHi,Drop,0.0947607835,0.0052021410232593705
Lung,2,Saline+IAV+NTHi,Ly6C(hi)CD64(hi) Monocytes,0.010636585666666667,0.0016040193319717744
Lung,2,Saline+IAV+NTHi,Ly6C+ NK cells,0.052128270666666664,0.0038529538565886972
Lung,2,Saline+IAV+NTHi,Ly6C+CD8+ T-cells,0.056102627833333335,0.004549403653713289
Lung,2,Saline+IAV+NTHi,Ly6C- NK cells,0.058589910499999995,0.0054932934657044175
Lung,2,Saline+IAV+NTHi,Ly6C-CD8+ T-cells,0.05372282233333334,0.00737001250788499
Lung,2,Saline+IAV+NTHi,Monocytes,0.007941669666666666,7.556852564674735e-4
Lung,2,Saline+IAV+NTHi,Neutrophils,0.009906895166666667,0.0019495253811072993
Lung,2,Saline+IAV+NTHi,Unknown Myeloid,0.04147276816666667,0.002456186874891409
Lung,2,Saline+IAV+NTHi,cDC1,0.0038062335,3.1766622773583706e-4
Lung,2,Saline+IAV+NTHi,cDC2,0.0015289203333333334,1.3298132853917672e-4
Lung,2,Saline+IAV+NTHi,moDCs,0.03392857966666667,0.004828050221481406
Lung,2,Saline+IAV+NTHi,pDCs,0.0037157396666666668,3.727185464597174e-4
Lung,2,Saline+NTHi,B-cells,0.32095503233333333,0.023245863639763695
Lung,2,Saline+NTHi,CD103+CD4+ T-cells,0.008390452333333333,4.599119973512083e-4
Lung,2,Saline+NTHi,CD206+ Macrophages,0.005884375333333333,9.665663543973817e-4
Lung,2,Saline+NTHi,CD4+ T-cells,0.2358138215,0.013594068304133941
Lung,2,Saline+NTHi,CD64+MHCII- Macrophages,7.145113333333333e-4,2.466349972321672e-4
Lung,2,Saline+NTHi,Drop,0.0947607835,0.0052021410232593705
Lung,2,Saline+NTHi,Ly6C(hi)CD64(hi) Monocytes,0.010636585666666667,0.0016040193319717744
Lung,2,Saline+NTHi,Ly6C+ NK cells,0.052128270666666664,0.0038529538565886972
Lung,2,Saline+NTHi,Ly6C+CD8+ T-cells,0.056102627833333335,0.004549403653713289
Lung,2,Saline+NTHi,Ly6C- NK cells,0.058589910499999995,0.0054932934657044175
Lung,2,Saline+NTHi,Ly6C-CD8+ T-cells,0.05372282233333334,0.00737001250788499
Lung,2,Saline+NTHi,Monocytes,0.007941669666666666,7.556852564674735e-4
Lung,2,Saline+NTHi,Neutrophils,0.009906895166666667,0.0019495253811072993
Lung,2,Saline+NTHi,Unknown Myeloid,0.04147276816666667,0.002456186874891409
Lung,2,Saline+NTHi,cDC1,0.0038062335,3.1766622773583706e-4
Lung,2,Saline+NTHi,cDC2,0.0015289203333333334,1.3298132853917672e-4
Lung,2,Saline+NTHi,moDCs,0.03392857966666667,0.004828050221481406
Lung,2,Saline+NTHi,pDCs,0.0037157396666666668,3.727185464597174e-4
Lung,6,Hh,B-cells,0.19992282833333333,0.010357937352474597
Lung,6,Hh,CD103+CD4+ T-cells,0.006003521166666667,0.0010244002310424516
Lung,6,Hh,CD206+ Macrophages,0.008080809333333333,0.0017505539343649424
Lung,6,Hh,CD4+ T-cells,0.2106780895,0.02954567855263394
Lung,6,Hh,CD64+MHCII- Macrophages,8.258795e-4,1.9144352587516944e-4
Lung,6,Hh,Drop,0.042646521,0.0037822418854135975
Lung,6,Hh,Ly6C(hi)CD64(hi) Monocytes,0.025170652166666665,0.002975899576466041
Lung,6,Hh,Ly6C+ NK cells,0.03491603716666667,0.0062374512479155654
Lung,6,Hh,Ly6C+CD8+ T-cells,0.0495891895,0.003747794764827595
Lung,6,Hh,Ly6C- NK cells,0.04056966433333333,0.009191090544472811
Lung,6,Hh,Ly6C-CD8+ T-cells,0.0411402635,0.008907348263140612
Lung,6,Hh,Monocytes,0.013138377333333333,0.0010236512551418627
Lung,6,Hh,Neutrophils,0.25032316683333333,0.05968729791930451
Lung,6,Hh,Unknown Myeloid,0.04286185083333333,0.005876739438062387
Lung,6,Hh,cDC1,0.0047745608333333335,8.024899746958181e-4
Lung,6,Hh,cDC2,9.646516666666667e-4,1.0336290335694803e-4
Lung,6,Hh,moDCs,0.024571343666666665,0.004222581595923516
Lung,6,Hh,pDCs,0.003822593,4.388415622382032e-4
Lung,6,Hh+IAV,B-cells,0.19992282833333333,0.010357937352474597
Lung,6,Hh+IAV,CD103+CD4+ T-cells,0.006003521166666667,0.0010244002310424516
Lung,6,Hh+IAV,CD206+ Macrophages,0.008080809333333333,0.0017505539343649424
Lung,6,Hh+IAV,CD4+ T-cells,0.2106780895,0.02954567855263394
Lung,6,Hh+IAV,CD64+MHCII- Macrophages,8.258795e-4,1.9144352587516944e-4
Lung,6,Hh+IAV,Drop,0.042646521,0.0037822418854135975
Lung,6,Hh+IAV,Ly6C(hi)CD64(hi) Monocytes,0.025170652166666665,0.002975899576466041
Lung,6,Hh+IAV,Ly6C+ NK cells,0.03491603716666667,0.0062374512479155654
Lung,6,Hh+IAV,Ly6C+CD8+ T-cells,0.0495891895,0.003747794764827595
Lung,6,Hh+IAV,Ly6C- NK cells,0.04056966433333333,0.009191090544472811
Lung,6,Hh+IAV,Ly6C-CD8+ T-cells,0.0411402635,0.008907348263140612
Lung,6,Hh+IAV,Monocytes,0.013138377333333333,0.0010236512551418627
Lung,6,Hh+IAV,Neutrophils,0.25032316683333333,0.05968729791930451
Lung,6,Hh+IAV,Unknown Myeloid,0.04286185083333333,0.005876739438062387
Lung,6,Hh+IAV,cDC1,0.0047745608333333335,8.024899746958181e-4
Lung,6,Hh+IAV,cDC2,9.646516666666667e-4,1.0336290335694803e-4
Lung,6,Hh+IAV,moDCs,0.024571343666666665,0.004222581595923516
Lung,6,Hh+IAV,pDCs,0.003822593,4.388415622382032e-4
Lung,6,Hh+IAV+NTHi,B-cells,0.19992282833333333,0.010357937352474597
Lung,6,Hh+IAV+NTHi,CD103+CD4+ T-cells,0.006003521166666667,0.0010244002310424516
Lung,6,Hh+IAV+NTHi,CD206+ Macrophages,0.008080809333333333,0.0017505539343649424
Lung,6,Hh+IAV+NTHi,CD4+ T-cells,0.2106780895,0.02954567855263394
Lung,6,Hh+IAV+NTHi,CD64+MHCII- Macrophages,8.258795e-4,1.9144352587516944e-4
Lung,6,Hh+IAV+NTHi,Drop,0.042646521,0.0037822418854135975
Lung,6,Hh+IAV+NTHi,Ly6C(hi)CD64(hi) Monocytes,0.025170652166666665,0.002975899576466041
Lung,6,Hh+IAV+NTHi,Ly6C+ NK cells,0.03491603716666667,0.0062374512479155654
Lung,6,Hh+IAV+NTHi,Ly6C+CD8+ T-cells,0.0495891895,0.003747794764827595
Lung,6,Hh+IAV+NTHi,Ly6C- NK cells,0.04056966433333333,0.009191090544472811
Lung,6,Hh+IAV+NTHi,Ly6C-CD8+ T-cells,0.0411402635,0.008907348263140612
Lung,6,Hh+IAV+NTHi,Monocytes,0.013138377333333333,0.0010236512551418627
Lung,6,Hh+IAV+NTHi,Neutrophils,0.25032316683333333,0.05968729791930451
Lung,6,Hh+IAV+NTHi,Unknown Myeloid,0.04286185083333333,0.005876739438062387
Lung,6,Hh+IAV+NTHi,cDC1,0.0047745608333333335,8.024899746958181e-4
Lung,6,Hh+IAV+NTHi,cDC2,9.646516666666667e-4,1.0336290335694803e-4
Lung,6,Hh+IAV+NTHi,moDCs,0.024571343666666665,0.004222581595923516
Lung,6,Hh+IAV+NTHi,pDCs,0.003822593,4.388415622382032e-4
Lung,6,Hh+NTHi,B-cells,0.19992282833333333,0.010357937352474597
Lung,6,Hh+NTHi,CD103+CD4+ T-cells,0.006003521166666667,0.0010244002310424516
Lung,6,Hh+NTHi,CD206+ Macrophages,0.008080809333333333,0.0017505539343649424
Lung,6,Hh+NTHi,CD4+ T-cells,0.2106780895,0.02954567855263394
Lung,6,Hh+NTHi,CD64+MHCII- Macrophages,8.258795e-4,1.9144352587516944e-4
Lung,6,Hh+NTHi,Drop,0.042646521,0.0037822418854135975
Lung,6,Hh+NTHi,Ly6C(hi)CD64(hi) Monocytes,0.025170652166666665,0.002975899576466041
Lung,6,Hh+NTHi,Ly6C+ NK cells,0.03491603716666667,0.0062374512479155654
Lung,6,Hh+NTHi,Ly6C+CD8+ T-cells,0.0495891895,0.003747794764827595
Lung,6,Hh+NTHi,Ly6C- NK cells,0.04056966433333333,0.009191090544472811
Lung,6,Hh+NTHi,Ly6C-CD8+ T-cells,0.0411402635,0.008907348263140612
Lung,6,Hh+NTHi,Monocytes,0.013138377333333333,0.0010236512551418627
Lung,6,Hh+NTHi,Neutrophils,0.25032316683333333,0.05968729791930451
Lung,6,Hh+NTHi,Unknown Myeloid,0.04286185083333333,0.005876739438062387
Lung,6,Hh+NTHi,cDC1,0.0047745608333333335,8.024899746958181e-4
Lung,6,Hh+NTHi,cDC2,9.646516666666667e-4,1.0336290335694803e-4
Lung,6,Hh+NTHi,moDCs,0.024571343666666665,0.004222581595923516
Lung,6,Hh+NTHi,pDCs,0.003822593,4.388415622382032e-4
Lung,6,Pam10ug,B-cells,0.145955524,0.01647460729878104
Lung,6,Pam10ug,CD103+CD4+ T-cells,0.00856959975,0.001723006954538701
Lung,6,Pam10ug,CD206+ Macrophages,0.00364288575,1.7286075305399963e-4
Lung,6,Pam10ug,CD4+ T-cells,0.20257267725,0.0399263189467657
Lung,6,Pam10ug,CD64+MHCII- Macrophages,4.204935e-4,9.548706043621826e-5
Lung,6,Pam10ug,Drop,0.04617977175,0.012723762464369081
Lung,6,Pam10ug,Ly6C(hi)CD64(hi) Monocytes,0.054717706500000005,0.01709275216127444
Lung,6,Pam10ug,Ly6C+ NK cells,0.04446800325,0.013314109023602883
Lung,6,Pam10ug,Ly6C+CD8+ T-cells,0.046167664,0.009369745893327853
Lung,6,Pam10ug,Ly6C- NK cells,0.0787170935,0.020984034543180357
Lung,6,Pam10ug,Ly6C-CD8+ T-cells,0.039534266,0.007978679193572005
Lung,6,Pam10ug,Monocytes,0.0315935515,0.007187848120153178
Lung,6,Pam10ug,Neutrophils,0.227062442,0.09970883807376509
Lung,6,Pam10ug,Unknown Myeloid,0.0310385755,0.006182178508718178
Lung,6,Pam10ug,cDC1,0.003375774,1.6048821633430493e-4
Lung,6,Pam10ug,cDC2,0.00126080825,1.3199505972849576e-4
Lung,6,Pam10ug,moDCs,0.03161397925,0.008895962195299967
Lung,6,Pam10ug,pDCs,0.00310918475,4.726754477636452e-4
Lung,6,Pam1ug,B-cells,0.22247540700000001,0.028187570350455524
Lung,6,Pam1ug,CD103+CD4+ T-cells,0.007129353,0.0010132021886762451
Lung,6,Pam1ug,CD206+ Macrophages,0.005470171,0.0010287264338715452
Lung,6,Pam1ug,CD4+ T-cells,0.2033879185,0.012654787897843725
Lung,6,Pam1ug,CD64+MHCII- Macrophages,7.361145e-4,1.907496661081831e-4
Lung,6,Pam1ug,Drop,0.050653122,0.008655314687935496
Lung,6,Pam1ug,Ly6C(hi)CD64(hi) Monocytes,0.05127759466666666,0.007748762262243628
Lung,6,Pam1ug,Ly6C+ NK cells,0.033873952,0.0030254498179453472
Lung,6,Pam1ug,Ly6C+CD8+ T-cells,0.04350941766666667,0.002020536856679708
Lung,6,Pam1ug,Ly6C- NK cells,0.04625230166666667,0.0038201712082540115
Lung,6,Pam1ug,Ly6C-CD8+ T-cells,0.040531633666666664,0.002534580154261736
Lung,6,Pam1ug,Monocytes,0.030039781166666668,0.0023566952860484876
Lung,6,Pam1ug,Neutrophils,0.18721733916666666,0.04878475443344295
Lung,6,Pam1ug,Unknown Myeloid,0.0471207965,0.006530068383966107
Lung,6,Pam1ug,cDC1,0.0038807485,2.5496639417496445e-4
Lung,6,Pam1ug,cDC2,0.0010295546666666665,1.967146119035843e-4
Lung,6,Pam1ug,moDCs,0.02100565483333333,0.0024147190094353068
Lung,6,Pam1ug,pDCs,0.0044091393333333334,5.027605116704287e-4
Lung,6,Pam1ug+IAV,B-cells,0.22247540700000001,0.028187570350455524
Lung,6,Pam1ug+IAV,CD103+CD4+ T-cells,0.007129353,0.0010132021886762451
Lung,6,Pam1ug+IAV,CD206+ Macrophages,0.005470171,0.0010287264338715452
Lung,6,Pam1ug+IAV,CD4+ T-cells,0.2033879185,0.012654787897843725
Lung,6,Pam1ug+IAV,CD64+MHCII- Macrophages,7.361145e-4,1.907496661081831e-4
Lung,6,Pam1ug+IAV,Drop,0.050653122,0.008655314687935496
Lung,6,Pam1ug+IAV,Ly6C(hi)CD64(hi) Monocytes,0.05127759466666666,0.007748762262243628
Lung,6,Pam1ug+IAV,Ly6C+ NK cells,0.033873952,0.0030254498179453472
Lung,6,Pam1ug+IAV,Ly6C+CD8+ T-cells,0.04350941766666667,0.002020536856679708
Lung,6,Pam1ug+IAV,Ly6C- NK cells,0.04625230166666667,0.0038201712082540115
Lung,6,Pam1ug+IAV,Ly6C-CD8+ T-cells,0.040531633666666664,0.002534580154261736
Lung,6,Pam1ug+IAV,Monocytes,0.030039781166666668,0.0023566952860484876
Lung,6,Pam1ug+IAV,Neutrophils,0.18721733916666666,0.04878475443344295
Lung,6,Pam1ug+IAV,Unknown Myeloid,0.0471207965,0.006530068383966107
Lung,6,Pam1ug+IAV,cDC1,0.0038807485,2.5496639417496445e-4
Lung,6,Pam1ug+IAV,cDC2,0.0010295546666666665,1.967146119035843e-4
Lung,6,Pam1ug+IAV,moDCs,0.02100565483333333,0.0024147190094353068
Lung,6,Pam1ug+IAV,pDCs,0.0044091393333333334,5.027605116704287e-4
Lung,6,Pam1ug+IAV+NTHi,B-cells,0.22247540700000001,0.028187570350455524
Lung,6,Pam1ug+IAV+NTHi,CD103+CD4+ T-cells,0.007129353,0.0010132021886762451
Lung,6,Pam1ug+IAV+NTHi,CD206+ Macrophages,0.005470171,0.0010287264338715452
Lung,6,Pam1ug+IAV+NTHi,CD4+ T-cells,0.2033879185,0.012654787897843725
Lung,6,Pam1ug+IAV+NTHi,CD64+MHCII- Macrophages,7.361145e-4,1.907496661081831e-4
Lung,6,Pam1ug+IAV+NTHi,Drop,0.050653122,0.008655314687935496
Lung,6,Pam1ug+IAV+NTHi,Ly6C(hi)CD64(hi) Monocytes,0.05127759466666666,0.007748762262243628
Lung,6,Pam1ug+IAV+NTHi,Ly6C+ NK cells,0.033873952,0.0030254498179453472
Lung,6,Pam1ug+IAV+NTHi,Ly6C+CD8+ T-cells,0.04350941766666667,0.002020536856679708
Lung,6,Pam1ug+IAV+NTHi,Ly6C- NK cells,0.04625230166666667,0.0038201712082540115
Lung,6,Pam1ug+IAV+NTHi,Ly6C-CD8+ T-cells,0.040531633666666664,0.002534580154261736
Lung,6,Pam1ug+IAV+NTHi,Monocytes,0.030039781166666668,0.0023566952860484876
Lung,6,Pam1ug+IAV+NTHi,Neutrophils,0.18721733916666666,0.04878475443344295
Lung,6,Pam1ug+IAV+NTHi,Unknown Myeloid,0.0471207965,0.006530068383966107
Lung,6,Pam1ug+IAV+NTHi,cDC1,0.0038807485,2.5496639417496445e-4
Lung,6,Pam1ug+IAV+NTHi,cDC2,0.0010295546666666665,1.967146119035843e-4
Lung,6,Pam1ug+IAV+NTHi,moDCs,0.02100565483333333,0.0024147190094353068
Lung,6,Pam1ug+IAV+NTHi,pDCs,0.0044091393333333334,5.027605116704287e-4
Lung,6,Pam1ug+NTHi,B-cells,0.22247540700000001,0.028187570350455524
Lung,6,Pam1ug+NTHi,CD103+CD4+ T-cells,0.007129353,0.0010132021886762451
Lung,6,Pam1ug+NTHi,CD206+ Macrophages,0.005470171,0.0010287264338715452
Lung,6,Pam1ug+NTHi,CD4+ T-cells,0.2033879185,0.012654787897843725
Lung,6,Pam1ug+NTHi,CD64+MHCII- Macrophages,7.361145e-4,1.907496661081831e-4
Lung,6,Pam1ug+NTHi,Drop,0.050653122,0.008655314687935496
Lung,6,Pam1ug+NTHi,Ly6C(hi)CD64(hi) Monocytes,0.05127759466666666,0.007748762262243628
Lung,6,Pam1ug+NTHi,Ly6C+ NK cells,0.033873952,0.0030254498179453472
Lung,6,Pam1ug+NTHi,Ly6C+CD8+ T-cells,0.04350941766666667,0.002020536856679708
Lung,6,Pam1ug+NTHi,Ly6C- NK cells,0.04625230166666667,0.0038201712082540115
Lung,6,Pam1ug+NTHi,Ly6C-CD8+ T-cells,0.040531633666666664,0.002534580154261736
Lung,6,Pam1ug+NTHi,Monocytes,0.030039781166666668,0.0023566952860484876
Lung,6,Pam1ug+NTHi,Neutrophils,0.18721733916666666,0.04878475443344295
Lung,6,Pam1ug+NTHi,Unknown Myeloid,0.0471207965,0.006530068383966107
Lung,6,Pam1ug+NTHi,cDC1,0.0038807485,2.5496639417496445e-4
Lung,6,Pam1ug+NTHi,cDC2,0.0010295546666666665,1.967146119035843e-4
Lung,6,Pam1ug+NTHi,moDCs,0.02100565483333333,0.0024147190094353068
Lung,6,Pam1ug+NTHi,pDCs,0.0044091393333333334,5.027605116704287e-4
Lung,6,Saline,B-cells,0.31270147233333334,0.032862597291592445
Lung,6,Saline,CD103+CD4+ T-cells,0.0076431369999999995,0.001001299183769533
Lung,6,Saline,CD206+ Macrophages,0.004699596,6.619589183055597e-4
Lung,6,Saline,CD4+ T-cells,0.2377353925,0.024012207323470803
Lung,6,Saline,CD64+MHCII- Macrophages,4.8687583333333333e-4,1.6716216153611974e-4
Lung,6,Saline,Drop,0.06709000133333333,0.009973586176723368
Lung,6,Saline,Ly6C(hi)CD64(hi) Monocytes,0.012761659833333333,0.0035983022240187613
Lung,6,Saline,Ly6C+ NK cells,0.04953004366666666,0.008650210209645924
Lung,6,Saline,Ly6C+CD8+ T-cells,0.06009345383333334,0.0035765686460046166
Lung,6,Saline,Ly6C- NK cells,0.0614979345,0.010410228403333872
Lung,6,Saline,Ly6C-CD8+ T-cells,0.06468324966666666,0.016000789020469655
Lung,6,Saline,Monocytes,0.0070850235,0.001223254790323852
Lung,6,Saline,Neutrophils,0.03980976233333334,0.023688133588156406
Lung,6,Saline,Unknown Myeloid,0.04201954166666667,0.0032800875329837336
Lung,6,Saline,cDC1,0.003688635333333333,6.855177049086657e-4
Lung,6,Saline,cDC2,0.0011902853333333333,1.358776447467026e-4
Lung,6,Saline,moDCs,0.023585569833333334,0.002756009202166706
Lung,6,Saline,pDCs,0.003698366166666667,5.144985169987968e-4
Lung,6,Saline+IAV,B-cells,0.31270147233333334,0.032862597291592445
Lung,6,Saline+IAV,CD103+CD4+ T-cells,0.0076431369999999995,0.001001299183769533
Lung,6,Saline+IAV,CD206+ Macrophages,0.004699596,6.619589183055597e-4
Lung,6,Saline+IAV,CD4+ T-cells,0.2377353925,0.024012207323470803
Lung,6,Saline+IAV,CD64+MHCII- Macrophages,4.8687583333333333e-4,1.6716216153611974e-4
Lung,6,Saline+IAV,Drop,0.06709000133333333,0.009973586176723368
Lung,6,Saline+IAV,Ly6C(hi)CD64(hi) Monocytes,0.012761659833333333,0.0035983022240187613
Lung,6,Saline+IAV,Ly6C+ NK cells,0.04953004366666666,0.008650210209645924
Lung,6,Saline+IAV,Ly6C+CD8+ T-cells,0.06009345383333334,0.0035765686460046166
Lung,6,Saline+IAV,Ly6C- NK cells,0.0614979345,0.010410228403333872
Lung,6,Saline+IAV,Ly6C-CD8+ T-cells,0.06468324966666666,0.016000789020469655
Lung,6,Saline+IAV,Monocytes,0.0070850235,0.001223254790323852
Lung,6,Saline+IAV,Neutrophils,0.03980976233333334,0.023688133588156406
Lung,6,Saline+IAV,Unknown Myeloid,0.04201954166666667,0.0032800875329837336
Lung,6,Saline+IAV,cDC1,0.003688635333333333,6.855177049086657e-4
Lung,6,Saline+IAV,cDC2,0.0011902853333333333,1.358776447467026e-4
Lung,6,Saline+IAV,moDCs,0.023585569833333334,0.002756009202166706
Lung,6,Saline+IAV,pDCs,0.003698366166666667,5.144985169987968e-4
Lung,6,Saline+IAV+NTHi,B-cells,0.31270147233333334,0.032862597291592445
Lung,6,Saline+IAV+NTHi,CD103+CD4+ T-cells,0.0076431369999999995,0.001001299183769533
Lung,6,Saline+IAV+NTHi,CD206+ Macrophages,0.004699596,6.619589183055597e-4
Lung,6,Saline+IAV+NTHi,CD4+ T-cells,0.2377353925,0.024012207323470803
Lung,6,Saline+IAV+NTHi,CD64+MHCII- Macrophages,4.8687583333333333e-4,1.6716216153611974e-4
Lung,6,Saline+IAV+NTHi,Drop,0.06709000133333333,0.009973586176723368
Lung,6,Saline+IAV+NTHi,Ly6C(hi)CD64(hi) Monocytes,0.012761659833333333,0.0035983022240187613
Lung,6,Saline+IAV+NTHi,Ly6C+ NK cells,0.04953004366666666,0.008650210209645924
Lung,6,Saline+IAV+NTHi,Ly6C+CD8+ T-cells,0.06009345383333334,0.0035765686460046166
Lung,6,Saline+IAV+NTHi,Ly6C- NK cells,0.0614979345,0.010410228403333872
Lung,6,Saline+IAV+NTHi,Ly6C-CD8+ T-cells,0.06468324966666666,0.016000789020469655
Lung,6,Saline+IAV+NTHi,Monocytes,0.0070850235,0.001223254790323852
Lung,6,Saline+IAV+NTHi,Neutrophils,0.03980976233333334,0.023688133588156406
Lung,6,Saline+IAV+NTHi,Unknown Myeloid,0.04201954166666667,0.0032800875329837336
Lung,6,Saline+IAV+NTHi,cDC1,0.003688635333333333,6.855177049086657e-4
Lung,6,Saline+IAV+NTHi,cDC2,0.0011902853333333333,1.358776447467026e-4
Lung,6,Saline+IAV+NTHi,moDCs,0.023585569833333334,0.002756009202166706
Lung,6,Saline+IAV+NTHi,pDCs,0.003698366166666667,5.144985169987968e-4
Lung,6,Saline+NTHi,B-cells,0.31270147233333334,0.032862597291592445
Lung,6,Saline+NTHi,CD103+CD4+ T-cells,0.0076431369999999995,0.001001299183769533
Lung,6,Saline+NTHi,CD206+ Macrophages,0.004699596,6.619589183055597e-4
Lung,6,Saline+NTHi,CD4+ T-cells,0.2377353925,0.024012207323470803
Lung,6,Saline+NTHi,CD64+MHCII- Macrophages,4.8687583333333333e-4,1.6716216153611974e-4
Lung,6,Saline+NTHi,Drop,0.06709000133333333,0.009973586176723368
Lung,6,Saline+NTHi,Ly6C(hi)CD64(hi) Monocytes,0.012761659833333333,0.0035983022240187613
Lung,6,Saline+NTHi,Ly6C+ NK cells,0.04953004366666666,0.008650210209645924
Lung,6,Saline+NTHi,Ly6C+CD8+ T-cells,0.06009345383333334,0.0035765686460046166
Lung,6,Saline+NTHi,Ly6C- NK cells,0.0614979345,0.010410228403333872
Lung,6,Saline+NTHi,Ly6C-CD8+ T-cells,0.06468324966666666,0.016000789020469655
Lung,6,Saline+NTHi,Monocytes,0.0070850235,0.001223254790323852
Lung,6,Saline+NTHi,Neutrophils,0.03980976233333334,0.023688133588156406
Lung,6,Saline+NTHi,Unknown Myeloid,0.04201954166666667,0.0032800875329837336
Lung,6,Saline+NTHi,cDC1,0.003688635333333333,6.855177049086657e-4
Lung,6,Saline+NTHi,cDC2,0.0011902853333333333,1.358776447467026e-4
Lung,6,Saline+NTHi,moDCs,0.023585569833333334,0.002756009202166706
Lung,6,Saline+NTHi,pDCs,0.003698366166666667,5.144985169987968e-4
Lung,24,Hh,B-cells,0.260676619,0.038819630093356934
Lung,24,Hh,CD103+CD4+ T-cells,0.013125002166666667,0.0026744521051372677
Lung,24,Hh,CD206+ Macrophages,0.005585704833333333,7.786329324581393e-4
Lung,24,Hh,CD4+ T-cells,0.1765902285,0.012863704597670143
Lung,24,Hh,CD64+MHCII- Macrophages,0.0021034668333333333,5.909860256764914e-4
Lung,24,Hh,Drop,0.049826685333333336,0.008512829128209234
Lung,24,Hh,Ly6C(hi)CD64(hi) Monocytes,0.021878430166666667,0.004143837182956207
Lung,24,Hh,Ly6C+ NK cells,0.03407135083333333,0.006148225853128763
Lung,24,Hh,Ly6C+CD8+ T-cells,0.04922568716666667,0.0018919717847734664
Lung,24,Hh,Ly6C- NK cells,0.0493968,0.005825246194869902
Lung,24,Hh,Ly6C-CD8+ T-cells,0.0932471745,0.059776976263417936
Lung,24,Hh,Monocytes,0.007455131833333333,0.001976388712617003
Lung,24,Hh,Neutrophils,0.15149233916666666,0.053773770511595084
Lung,24,Hh,Unknown Myeloid,0.051597672,0.006248855379819972
Lung,24,Hh,cDC1,0.004915755666666667,8.145565955389746e-4
Lung,24,Hh,cDC2,0.002175038,3.182752598257259e-4
Lung,24,Hh,moDCs,0.018152307666666666,0.0030961891604413183
Lung,24,Hh,pDCs,0.0084846065,0.0010513306690699729
Lung,24,Hh+IAV,B-cells,0.260676619,0.038819630093356934
Lung,24,Hh+IAV,CD103+CD4+ T-cells,0.013125002166666667,0.0026744521051372677
Lung,24,Hh+IAV,CD206+ Macrophages,0.005585704833333333,7.786329324581393e-4
Lung,24,Hh+IAV,CD4+ T-cells,0.1765902285,0.012863704597670143
Lung,24,Hh+IAV,CD64+MHCII- Macrophages,0.0021034668333333333,5.909860256764914e-4
Lung,24,Hh+IAV,Drop,0.049826685333333336,0.008512829128209234
Lung,24,Hh+IAV,Ly6C(hi)CD64(hi) Monocytes,0.021878430166666667,0.004143837182956207
Lung,24,Hh+IAV,Ly6C+ NK cells,0.03407135083333333,0.006148225853128763
Lung,24,Hh+IAV,Ly6C+CD8+ T-cells,0.04922568716666667,0.0018919717847734664
Lung,24,Hh+IAV,Ly6C- NK cells,0.0493968,0.005825246194869902
Lung,24,Hh+IAV,Ly6C-CD8+ T-cells,0.0932471745,0.059776976263417936
Lung,24,Hh+IAV,Monocytes,0.007455131833333333,0.001976388712617003
Lung,24,Hh+IAV,Neutrophils,0.15149233916666666,0.053773770511595084
Lung,24,Hh+IAV,Unknown Myeloid,0.051597672,0.006248855379819972
Lung,24,Hh+IAV,cDC1,0.004915755666666667,8.145565955389746e-4
Lung,24,Hh+IAV,cDC2,0.002175038,3.182752598257259e-4
Lung,24,Hh+IAV,moDCs,0.018152307666666666,0.0030961891604413183
Lung,24,Hh+IAV,pDCs,0.0084846065,0.0010513306690699729
Lung,24,Hh+IAV+NTHi,B-cells,0.260676619,0.038819630093356934
Lung,24,Hh+IAV+NTHi,CD103+CD4+ T-cells,0.013125002166666667,0.0026744521051372677
Lung,24,Hh+IAV+NTHi,CD206+ Macrophages,0.005585704833333333,7.786329324581393e-4
Lung,24,Hh+IAV+NTHi,CD4+ T-cells,0.1765902285,0.012863704597670143
Lung,24,Hh+IAV+NTHi,CD64+MHCII- Macrophages,0.0021034668333333333,5.909860256764914e-4
Lung,24,Hh+IAV+NTHi,Drop,0.049826685333333336,0.008512829128209234
Lung,24,Hh+IAV+NTHi,Ly6C(hi)CD64(hi) Monocytes,0.021878430166666667,0.004143837182956207
Lung,24,Hh+IAV+NTHi,Ly6C+ NK cells,0.03407135083333333,0.006148225853128763
Lung,24,Hh+IAV+NTHi,Ly6C+CD8+ T-cells,0.04922568716666667,0.0018919717847734664
Lung,24,Hh+IAV+NTHi,Ly6C- NK cells,0.0493968,0.005825246194869902
Lung,24,Hh+IAV+NTHi,Ly6C-CD8+ T-cells,0.0932471745,0.059776976263417936
Lung,24,Hh+IAV+NTHi,Monocytes,0.007455131833333333,0.001976388712617003
Lung,24,Hh+IAV+NTHi,Neutrophils,0.15149233916666666,0.053773770511595084
Lung,24,Hh+IAV+NTHi,Unknown Myeloid,0.051597672,0.006248855379819972
Lung,24,Hh+IAV+NTHi,cDC1,0.004915755666666667,8.145565955389746e-4
Lung,24,Hh+IAV+NTHi,cDC2,0.002175038,3.182752598257259e-4
Lung,24,Hh+IAV+NTHi,moDCs,0.018152307666666666,0.0030961891604413183
Lung,24,Hh+IAV+NTHi,pDCs,0.0084846065,0.0010513306690699729
Lung,24,Hh+NTHi,B-cells,0.260676619,0.038819630093356934
Lung,24,Hh+NTHi,CD103+CD4+ T-cells,0.013125002166666667,0.0026744521051372677
Lung,24,Hh+NTHi,CD206+ Macrophages,0.005585704833333333,7.786329324581393e-4
Lung,24,Hh+NTHi,CD4+ T-cells,0.1765902285,0.012863704597670143
Lung,24,Hh+NTHi,CD64+MHCII- Macrophages,0.0021034668333333333,5.909860256764914e-4
Lung,24,Hh+NTHi,Drop,0.049826685333333336,0.008512829128209234
Lung,24,Hh+NTHi,Ly6C(hi)CD64(hi) Monocytes,0.021878430166666667,0.004143837182956207
Lung,24,Hh+NTHi,Ly6C+ NK cells,0.03407135083333333,0.006148225853128763
Lung,24,Hh+NTHi,Ly6C+CD8+ T-cells,0.04922568716666667,0.0018919717847734664
Lung,24,Hh+NTHi,Ly6C- NK cells,0.0493968,0.005825246194869902
Lung,24,Hh+NTHi,Ly6C-CD8+ T-cells,0.0932471745,0.059776976263417936
Lung,24,Hh+NTHi,Monocytes,0.007455131833333333,0.001976388712617003
Lung,24,Hh+NTHi,Neutrophils,0.15149233916666666,0.053773770511595084
Lung,24,Hh+NTHi,Unknown Myeloid,0.051597672,0.006248855379819972
Lung,24,Hh+NTHi,cDC1,0.004915755666666667,8.145565955389746e-4
Lung,24,Hh+NTHi,cDC2,0.002175038,3.182752598257259e-4
Lung,24,Hh+NTHi,moDCs,0.018152307666666666,0.0030961891604413183
Lung,24,Hh+NTHi,pDCs,0.0084846065,0.0010513306690699729
Lung,24,Pam10ug,B-cells,0.294052689,0.013684862821103965
Lung,24,Pam10ug,CD103+CD4+ T-cells,0.013088103,0.0034298345428405872
Lung,24,Pam10ug,CD206+ Macrophages,0.009487546500000001,0.002528834737472627
Lung,24,Pam10ug,CD4+ T-cells,0.21851024175,0.009598150235026758
Lung,24,Pam10ug,CD64+MHCII- Macrophages,0.004388936,9.47637703149697e-4
Lung,24,Pam10ug,Drop,0.059985659,0.008882907776874371
Lung,24,Pam10ug,Ly6C(hi)CD64(hi) Monocytes,0.023203553999999998,0.007222230903785074
Lung,24,Pam10ug,Ly6C+ NK cells,0.0383089625,0.00443833637299455
Lung,24,Pam10ug,Ly6C+CD8+ T-cells,0.04424782575,0.0027975387252335867
Lung,24,Pam10ug,Ly6C- NK cells,0.05264507875,0.003216193324039342
Lung,24,Pam10ug,Ly6C-CD8+ T-cells,0.0409236965,0.002933934464627163
Lung,24,Pam10ug,Monocytes,0.01830751475,0.003933653924288213
Lung,24,Pam10ug,Neutrophils,0.05482170925,0.010025101872177462
Lung,24,Pam10ug,Unknown Myeloid,0.05909981625,0.00670876455090131
Lung,24,Pam10ug,cDC1,0.00852615525,0.0020725332493147677
Lung,24,Pam10ug,cDC2,0.0023791292499999997,3.269327381973686e-4
Lung,24,Pam10ug,moDCs,0.05244857225,0.013363915974994669
Lung,24,Pam10ug,pDCs,0.00557480975,7.582833825872065e-4
Lung,24,Pam1ug,B-cells,0.2755410191666667,0.04726115392856765
Lung,24,Pam1ug,CD103+CD4+ T-cells,0.010522226333333334,0.001675552755542335
Lung,24,Pam1ug,CD206+ Macrophages,0.0057535005,7.691762875332178e-4
Lung,24,Pam1ug,CD4+ T-cells,0.14225886616666666,0.008349176001388162
Lung,24,Pam1ug,CD64+MHCII- Macrophages,0.0029118388333333333,0.0012118124407878312
Lung,24,Pam1ug,Drop,0.04482069783333333,0.007750226654034119
Lung,24,Pam1ug,Ly6C(hi)CD64(hi) Monocytes,0.0215583585,0.0038938481045973
Lung,24,Pam1ug,Ly6C+ NK cells,0.03271900183333333,0.005349452910308875
Lung,24,Pam1ug,Ly6C+CD8+ T-cells,0.039915496833333335,0.003448149764827222
Lung,24,Pam1ug,Ly6C- NK cells,0.043690102833333334,0.0041930025072861535
Lung,24,Pam1ug,Ly6C-CD8+ T-cells,0.029481641833333332,0.002957862697439211
Lung,24,Pam1ug,Monocytes,0.0077390758333333335,0.0016203904542181683
Lung,24,Pam1ug,Neutrophils,0.26922088666666666,0.06957471190492442
Lung,24,Pam1ug,Unknown Myeloid,0.0493868375,0.006275507163704477
Lung,24,Pam1ug,cDC1,0.003281831833333333,3.6437108655676994e-4
Lung,24,Pam1ug,cDC2,0.0021966451666666667,3.883919735625696e-4
Lung,24,Pam1ug,moDCs,0.01283698,0.001692319000220132
Lung,24,Pam1ug,pDCs,0.006164993,3.6596968193590396e-4
Lung,24,Pam1ug+IAV,B-cells,0.2755410191666667,0.04726115392856765
Lung,24,Pam1ug+IAV,CD103+CD4+ T-cells,0.010522226333333334,0.001675552755542335
Lung,24,Pam1ug+IAV,CD206+ Macrophages,0.0057535005,7.691762875332178e-4
Lung,24,Pam1ug+IAV,CD4+ T-cells,0.14225886616666666,0.008349176001388162
Lung,24,Pam1ug+IAV,CD64+MHCII- Macrophages,0.0029118388333333333,0.0012118124407878312
Lung,24,Pam1ug+IAV,Drop,0.04482069783333333,0.007750226654034119
Lung,24,Pam1ug+IAV,Ly6C(hi)CD64(hi) Monocytes,0.0215583585,0.0038938481045973
Lung,24,Pam1ug+IAV,Ly6C+ NK cells,0.03271900183333333,0.005349452910308875
Lung,24,Pam1ug+IAV,Ly6C+CD8+ T-cells,0.039915496833333335,0.003448149764827222
Lung,24,Pam1ug+IAV,Ly6C- NK cells,0.043690102833333334,0.0041930025072861535
Lung,24,Pam1ug+IAV,Ly6C-CD8+ T-cells,0.029481641833333332,0.002957862697439211
Lung,24,Pam1ug+IAV,Monocytes,0.0077390758333333335,0.0016203904542181683
Lung,24,Pam1ug+IAV,Neutrophils,0.26922088666666666,0.06957471190492442
Lung,24,Pam1ug+IAV,Unknown Myeloid,0.0493868375,0.006275507163704477
Lung,24,Pam1ug+IAV,cDC1,0.003281831833333333,3.6437108655676994e-4
Lung,24,Pam1ug+IAV,cDC2,0.0021966451666666667,3.883919735625696e-4
Lung,24,Pam1ug+IAV,moDCs,0.01283698,0.001692319000220132
Lung,24,Pam1ug+IAV,pDCs,0.006164993,3.6596968193590396e-4
Lung,24,Pam1ug+IAV+NTHi,B-cells,0.2755410191666667,0.04726115392856765
Lung,24,Pam1ug+IAV+NTHi,CD103+CD4+ T-cells,0.010522226333333334,0.001675552755542335
Lung,24,Pam1ug+IAV+NTHi,CD206+ Macrophages,0.0057535005,7.691762875332178e-4
Lung,24,Pam1ug+IAV+NTHi,CD4+ T-cells,0.14225886616666666,0.008349176001388162
Lung,24,Pam1ug+IAV+NTHi,CD64+MHCII- Macrophages,0.0029118388333333333,0.0012118124407878312
Lung,24,Pam1ug+IAV+NTHi,Drop,0.04482069783333333,0.007750226654034119
Lung,24,Pam1ug+IAV+NTHi,Ly6C(hi)CD64(hi) Monocytes,0.0215583585,0.0038938481045973
Lung,24,Pam1ug+IAV+NTHi,Ly6C+ NK cells,0.03271900183333333,0.005349452910308875
Lung,24,Pam1ug+IAV+NTHi,Ly6C+CD8+ T-cells,0.039915496833333335,0.003448149764827222
Lung,24,Pam1ug+IAV+NTHi,Ly6C- NK cells,0.043690102833333334,0.0041930025072861535
Lung,24,Pam1ug+IAV+NTHi,Ly6C-CD8+ T-cells,0.029481641833333332,0.002957862697439211
Lung,24,Pam1ug+IAV+NTHi,Monocytes,0.0077390758333333335,0.0016203904542181683
Lung,24,Pam1ug+IAV+NTHi,Neutrophils,0.26922088666666666,0.06957471190492442
Lung,24,Pam1ug+IAV+NTHi,Unknown Myeloid,0.0493868375,0.006275507163704477
Lung,24,Pam1ug+IAV+NTHi,cDC1,0.003281831833333333,3.6437108655676994e-4
Lung,24,Pam1ug+IAV+NTHi,cDC2,0.0021966451666666667,3.883919735625696e-4
Lung,24,Pam1ug+IAV+NTHi,moDCs,0.01283698,0.001692319000220132
Lung,24,Pam1ug+IAV+NTHi,pDCs,0.006164993,3.6596968193590396e-4
Lung,24,Pam1ug+NTHi,B-cells,0.2755410191666667,0.04726115392856765
Lung,24,Pam1ug+NTHi,CD103+CD4+ T-cells,0.010522226333333334,0.001675552755542335
Lung,24,Pam1ug+NTHi,CD206+ Macrophages,0.0057535005,7.691762875332178e-4
Lung,24,Pam1ug+NTHi,CD4+ T-cells,0.14225886616666666,0.008349176001388162
Lung,24,Pam1ug+NTHi,CD64+MHCII- Macrophages,0.0029118388333333333,0.0012118124407878312
Lung,24,Pam1ug+NTHi,Drop,0.04482069783333333,0.007750226654034119
Lung,24,Pam1ug+NTHi,Ly6C(hi)CD64(hi) Monocytes,0.0215583585,0.0038938481045973
Lung,24,Pam1ug+NTHi,Ly6C+ NK cells,0.03271900183333333,0.005349452910308875
Lung,24,Pam1ug+NTHi,Ly6C+CD8+ T-cells,0.039915496833333335,0.003448149764827222
Lung,24,Pam1ug+NTHi,Ly6C- NK cells,0.043690102833333334,0.0041930025072861535
Lung,24,Pam1ug+NTHi,Ly6C-CD8+ T-cells,0.029481641833333332,0.002957862697439211
Lung,24,Pam1ug+NTHi,Monocytes,0.0077390758333333335,0.0016203904542181683
Lung,24,Pam1ug+NTHi,Neutrophils,0.26922088666666666,0.06957471190492442
Lung,24,Pam1ug+NTHi,Unknown Myeloid,0.0493868375,0.006275507163704477
Lung,24,Pam1ug+NTHi,cDC1,0.003281831833333333,3.6437108655676994e-4
Lung,24,Pam1ug+NTHi,cDC2,0.0021966451666666667,3.883919735625696e-4
Lung,24,Pam1ug+NTHi,moDCs,0.01283698,0.001692319000220132
Lung,24,Pam1ug+NTHi,pDCs,0.006164993,3.6596968193590396e-4
Lung,24,Saline,B-cells,0.39619891733333334,0.023949189714361555
Lung,24,Saline,CD103+CD4+ T-cells,0.006437749833333333,4.132151138345431e-4
Lung,24,Saline,CD206+ Macrophages,0.0069175905,0.0015551879586552606
Lung,24,Saline,CD4+ T-cells,0.20929220666666667,0.013568361469550472
Lung,24,Saline,CD64+MHCII- Macrophages,0.0010143413333333334,2.710327474630654e-4
Lung,24,Saline,Drop,0.052326847333333336,0.004940507036364133
Lung,24,Saline,Ly6C(hi)CD64(hi) Monocytes,0.0169680465,0.0026202858239748293
Lung,24,Saline,Ly6C+ NK cells,0.043725973,0.003626431040531163
Lung,24,Saline,Ly6C+CD8+ T-cells,0.05629767783333334,0.0028841661985222057
Lung,24,Saline,Ly6C- NK cells,0.055390763,0.00426721400783812
Lung,24,Saline,Ly6C-CD8+ T-cells,0.0499354155,0.005236533759078599
Lung,24,Saline,Monocytes,0.014284288333333334,0.00159341415052293
Lung,24,Saline,Neutrophils,0.011080260833333334,0.00405652511452871
Lung,24,Saline,Unknown Myeloid,0.046697877,0.0022993093806658992
Lung,24,Saline,cDC1,0.004079718166666667,8.227711203883868e-4
Lung,24,Saline,cDC2,0.0012341338333333334,8.631797553056053e-5
Lung,24,Saline,moDCs,0.022186364,0.005843436692260119
Lung,24,Saline,pDCs,0.005931829333333334,8.90157047363691e-4
Lung,24,Saline+IAV,B-cells,0.39619891733333334,0.023949189714361555
Lung,24,Saline+IAV,CD103+CD4+ T-cells,0.006437749833333333,4.132151138345431e-4
Lung,24,Saline+IAV,CD206+ Macrophages,0.0069175905,0.0015551879586552606
Lung,24,Saline+IAV,CD4+ T-cells,0.20929220666666667,0.013568361469550472
Lung,24,Saline+IAV,CD64+MHCII- Macrophages,0.0010143413333333334,2.710327474630654e-4
Lung,24,Saline+IAV,Drop,0.052326847333333336,0.004940507036364133
Lung,24,Saline+IAV,Ly6C(hi)CD64(hi) Monocytes,0.0169680465,0.0026202858239748293
Lung,24,Saline+IAV,Ly6C+ NK cells,0.043725973,0.003626431040531163
Lung,24,Saline+IAV,Ly6C+CD8+ T-cells,0.05629767783333334,0.0028841661985222057
Lung,24,Saline+IAV,Ly6C- NK cells,0.055390763,0.00426721400783812
Lung,24,Saline+IAV,Ly6C-CD8+ T-cells,0.0499354155,0.005236533759078599
Lung,24,Saline+IAV,Monocytes,0.014284288333333334,0.00159341415052293
Lung,24,Saline+IAV,Neutrophils,0.011080260833333334,0.00405652511452871
Lung,24,Saline+IAV,Unknown Myeloid,0.046697877,0.0022993093806658992
Lung,24,Saline+IAV,cDC1,0.004079718166666667,8.227711203883868e-4
Lung,24,Saline+IAV,cDC2,0.0012341338333333334,8.631797553056053e-5
Lung,24,Saline+IAV,moDCs,0.022186364,0.005843436692260119
Lung,24,Saline+IAV,pDCs,0.005931829333333334,8.90157047363691e-4
Lung,24,Saline+IAV+NTHi,B-cells,0.39619891733333334,0.023949189714361555
Lung,24,Saline+IAV+NTHi,CD103+CD4+ T-cells,0.006437749833333333,4.132151138345431e-4
Lung,24,Saline+IAV+NTHi,CD206+ Macrophages,0.0069175905,0.0015551879586552606
Lung,24,Saline+IAV+NTHi,CD4+ T-cells,0.20929220666666667,0.013568361469550472
Lung,24,Saline+IAV+NTHi,CD64+MHCII- Macrophages,0.0010143413333333334,2.710327474630654e-4
Lung,24,Saline+IAV+NTHi,Drop,0.052326847333333336,0.004940507036364133
Lung,24,Saline+IAV+NTHi,Ly6C(hi)CD64(hi) Monocytes,0.0169680465,0.0026202858239748293
Lung,24,Saline+IAV+NTHi,Ly6C+ NK cells,0.043725973,0.003626431040531163
Lung,24,Saline+IAV+NTHi,Ly6C+CD8+ T-cells,0.05629767783333334,0.0028841661985222057
Lung,24,Saline+IAV+NTHi,Ly6C- NK cells,0.055390763,0.00426721400783812
Lung,24,Saline+IAV+NTHi,Ly6C-CD8+ T-cells,0.0499354155,0.005236533759078599
Lung,24,Saline+IAV+NTHi,Monocytes,0.014284288333333334,0.00159341415052293
Lung,24,Saline+IAV+NTHi,Neutrophils,0.011080260833333334,0.00405652511452871
Lung,24,Saline+IAV+NTHi,Unknown Myeloid,0.046697877,0.0022993093806658992
Lung,24,Saline+IAV+NTHi,cDC1,0.004079718166666667,8.227711203883868e-4
Lung,24,Saline+IAV+NTHi,cDC2,0.0012341338333333334,8.631797553056053e-5
Lung,24,Saline+IAV+NTHi,moDCs,0.022186364,0.005843436692260119
Lung,24,Saline+IAV+NTHi,pDCs,0.005931829333333334,8.90157047363691e-4
Lung,24,Saline+NTHi,B-cells,0.39619891733333334,0.023949189714361555
Lung,24,Saline+NTHi,CD103+CD4+ T-cells,0.006437749833333333,4.132151138345431e-4
Lung,24,Saline+NTHi,CD206+ Macrophages,0.0069175905,0.0015551879586552606
Lung,24,Saline+NTHi,CD4+ T-cells,0.20929220666666667,0.013568361469550472
Lung,24,Saline+NTHi,CD64+MHCII- Macrophages,0.0010143413333333334,2.710327474630654e-4
Lung,24,Saline+NTHi,Drop,0.052326847333333336,0.004940507036364133
Lung,24,Saline+NTHi,Ly6C(hi)CD64(hi) Monocytes,0.0169680465,0.0026202858239748293
Lung,24,Saline+NTHi,Ly6C+ NK cells,0.043725973,0.003626431040531163
Lung,24,Saline+NTHi,Ly6C+CD8+ T-cells,0.05629767783333334,0.0028841661985222057
Lung,24,Saline+NTHi,Ly6C- NK cells,0.055390763,0.00426721400783812
Lung,24,Saline+NTHi,Ly6C-CD8+ T-cells,0.0499354155,0.005236533759078599
Lung,24,Saline+NTHi,Monocytes,0.014284288333333334,0.00159341415052293
Lung,24,Saline+NTHi,Neutrophils,0.011080260833333334,0.00405652511452871
Lung,24,Saline+NTHi,Unknown Myeloid,0.046697877,0.0022993093806658992
Lung,24,Saline+NTHi,cDC1,0.004079718166666667,8.227711203883868e-4
Lung,24,Saline+NTHi,cDC2,0.0012341338333333334,8.631797553056053e-5
Lung,24,Saline+NTHi,moDCs,0.022186364,0.005843436692260119
Lung,24,Saline+NTHi,pDCs,0.005931829333333334,8.90157047363691e-4
Lung,48,Hh,B-cells,0.39770624433333335,0.02961884901778808
Lung,48,Hh,CD103+CD4+ T-cells,0.0074546088333333335,5.398968970456871e-4
Lung,48,Hh,CD206+ Macrophages,0.005865139833333333,0.0011708387958661495
Lung,48,Hh,CD4+ T-cells,0.181240612,0.016488039900912736
Lung,48,Hh,CD64+MHCII- Macrophages,9.031865e-4,1.1642023658446731e-4
Lung,48,Hh,Drop,0.07081575383333333,0.007930858386943178
Lung,48,Hh,Ly6C(hi)CD64(hi) Monocytes,0.018259712333333334,0.0032810036802171753
Lung,48,Hh,Ly6C+ NK cells,0.044044881333333334,0.0030505043341446866
Lung,48,Hh,Ly6C+CD8+ T-cells,0.050540471833333336,0.003289588896969533
Lung,48,Hh,Ly6C- NK cells,0.04873457766666667,0.003774138064111661
Lung,48,Hh,Ly6C-CD8+ T-cells,0.038720763166666665,0.004816972107247134
Lung,48,Hh,Monocytes,0.01419985,0.0028150818137366337
Lung,48,Hh,Neutrophils,0.035298189,0.005420109963602953
Lung,48,Hh,Unknown Myeloid,0.054400418,0.005961858286626569
Lung,48,Hh,cDC1,0.0048422885,7.751017598436887e-4
Lung,48,Hh,cDC2,0.0013028365,1.381534364187756e-4
Lung,48,Hh,moDCs,0.020712561,0.005899120211698126
Lung,48,Hh,pDCs,0.004957905833333333,3.9919245303273766e-4
Lung,48,Hh+IAV,B-cells,0.4044451821666667,0.02261270134542782
Lung,48,Hh+IAV,CD103+CD4+ T-cells,0.009304736333333332,6.927774139982081e-4
Lung,48,Hh+IAV,CD206+ Macrophages,0.006758353333333333,0.001074641784675299
Lung,48,Hh+IAV,CD4+ T-cells,0.19397573333333334,0.015217111066861399
Lung,48,Hh+IAV,CD64+MHCII- Macrophages,9.99694e-4,1.26380005815266e-4
Lung,48,Hh+IAV,Drop,0.06012460033333333,0.004089999751550527
Lung,48,Hh+IAV,Ly6C(hi)CD64(hi) Monocytes,0.018881708333333334,0.0029464648702755727
Lung,48,Hh+IAV,Ly6C+ NK cells,0.042975448,0.002343080913287091
Lung,48,Hh+IAV,Ly6C+CD8+ T-cells,0.059650847666666666,0.0026570438620417327
Lung,48,Hh+IAV,Ly6C- NK cells,0.054944429833333336,0.003007785084913808
Lung,48,Hh+IAV,Ly6C-CD8+ T-cells,0.041927114833333334,0.004296780633960947
Lung,48,Hh+IAV,Monocytes,0.014666096166666667,0.0023528263979785877
Lung,48,Hh+IAV,Neutrophils,0.014212792333333333,0.003879435363205722
Lung,48,Hh+IAV,Unknown Myeloid,0.044643996500000005,0.003004669549037174
Lung,48,Hh+IAV,cDC1,0.004477244833333333,5.739250516538676e-4
Lung,48,Hh+IAV,cDC2,0.0016629691666666666,2.568764168237867e-4
Lung,48,Hh+IAV,moDCs,0.019308256333333332,0.003795876077545074
Lung,48,Hh+IAV,pDCs,0.007040796,5.367399644882054e-4
Lung,48,Hh+IAV+NTHi,B-cells,0.4044451821666667,0.02261270134542782
Lung,48,Hh+IAV+NTHi,CD103+CD4+ T-cells,0.009304736333333332,6.927774139982081e-4
Lung,48,Hh+IAV+NTHi,CD206+ Macrophages,0.006758353333333333,0.001074641784675299
Lung,48,Hh+IAV+NTHi,CD4+ T-cells,0.19397573333333334,0.015217111066861399
Lung,48,Hh+IAV+NTHi,CD64+MHCII- Macrophages,9.99694e-4,1.26380005815266e-4
Lung,48,Hh+IAV+NTHi,Drop,0.06012460033333333,0.004089999751550527
Lung,48,Hh+IAV+NTHi,Ly6C(hi)CD64(hi) Monocytes,0.018881708333333334,0.0029464648702755727
Lung,48,Hh+IAV+NTHi,Ly6C+ NK cells,0.042975448,0.002343080913287091
Lung,48,Hh+IAV+NTHi,Ly6C+CD8+ T-cells,0.059650847666666666,0.0026570438620417327
Lung,48,Hh+IAV+NTHi,Ly6C- NK cells,0.054944429833333336,0.003007785084913808
Lung,48,Hh+IAV+NTHi,Ly6C-CD8+ T-cells,0.041927114833333334,0.004296780633960947
Lung,48,Hh+IAV+NTHi,Monocytes,0.014666096166666667,0.0023528263979785877
Lung,48,Hh+IAV+NTHi,Neutrophils,0.014212792333333333,0.003879435363205722
Lung,48,Hh+IAV+NTHi,Unknown Myeloid,0.044643996500000005,0.003004669549037174
Lung,48,Hh+IAV+NTHi,cDC1,0.004477244833333333,5.739250516538676e-4
Lung,48,Hh+IAV+NTHi,cDC2,0.0016629691666666666,2.568764168237867e-4
Lung,48,Hh+IAV+NTHi,moDCs,0.019308256333333332,0.003795876077545074
Lung,48,Hh+IAV+NTHi,pDCs,0.007040796,5.367399644882054e-4
Lung,48,Hh+NTHi,B-cells,0.39770624433333335,0.02961884901778808
Lung,48,Hh+NTHi,CD103+CD4+ T-cells,0.0074546088333333335,5.398968970456871e-4
Lung,48,Hh+NTHi,CD206+ Macrophages,0.005865139833333333,0.0011708387958661495
Lung,48,Hh+NTHi,CD4+ T-cells,0.181240612,0.016488039900912736
Lung,48,Hh+NTHi,CD64+MHCII- Macrophages,9.031865e-4,1.1642023658446731e-4
Lung,48,Hh+NTHi,Drop,0.07081575383333333,0.007930858386943178
Lung,48,Hh+NTHi,Ly6C(hi)CD64(hi) Monocytes,0.018259712333333334,0.0032810036802171753
Lung,48,Hh+NTHi,Ly6C+ NK cells,0.044044881333333334,0.0030505043341446866
Lung,48,Hh+NTHi,Ly6C+CD8+ T-cells,0.050540471833333336,0.003289588896969533
Lung,48,Hh+NTHi,Ly6C- NK cells,0.04873457766666667,0.003774138064111661
Lung,48,Hh+NTHi,Ly6C-CD8+ T-cells,0.038720763166666665,0.004816972107247134
Lung,48,Hh+NTHi,Monocytes,0.01419985,0.0028150818137366337
Lung,48,Hh+NTHi,Neutrophils,0.035298189,0.005420109963602953
Lung,48,Hh+NTHi,Unknown Myeloid,0.054400418,0.005961858286626569
Lung,48,Hh+NTHi,cDC1,0.0048422885,7.751017598436887e-4
Lung,48,Hh+NTHi,cDC2,0.0013028365,1.381534364187756e-4
Lung,48,Hh+NTHi,moDCs,0.020712561,0.005899120211698126
Lung,48,Hh+NTHi,pDCs,0.004957905833333333,3.9919245303273766e-4
Lung,48,Pam1ug,B-cells,0.3586295033333333,0.02630628142015103
Lung,48,Pam1ug,CD103+CD4+ T-cells,0.0114031735,0.0020950386183363904
Lung,48,Pam1ug,CD206+ Macrophages,0.0053433648333333335,4.6122311590446964e-4
Lung,48,Pam1ug,CD4+ T-cells,0.17084323433333334,0.021751057897842128
Lung,48,Pam1ug,CD64+MHCII- Macrophages,0.0015219118333333333,3.9980383736130877e-4
Lung,48,Pam1ug,Drop,0.07844753333333333,0.00791297276360084
Lung,48,Pam1ug,Ly6C(hi)CD64(hi) Monocytes,0.0118469215,0.0018344315920427192
Lung,48,Pam1ug,Ly6C+ NK cells,0.0366365475,0.0033082261413310485
Lung,48,Pam1ug,Ly6C+CD8+ T-cells,0.05593776733333333,0.0027848110027187682
Lung,48,Pam1ug,Ly6C- NK cells,0.052736942833333335,0.004213527959483078
Lung,48,Pam1ug,Ly6C-CD8+ T-cells,0.043736541000000004,0.005445170238192535
Lung,48,Pam1ug,Monocytes,0.010606691666666666,0.0019208703168481843
Lung,48,Pam1ug,Neutrophils,0.07988505033333333,0.01918518536263946
Lung,48,Pam1ug,Unknown Myeloid,0.05123382433333333,0.0040863435640573
Lung,48,Pam1ug,cDC1,0.005744164,5.421776302064975e-4
Lung,48,Pam1ug,cDC2,0.0024963446666666665,5.103123019121831e-4
Lung,48,Pam1ug,moDCs,0.015482630166666666,0.0035388986963250913
Lung,48,Pam1ug,pDCs,0.007467853833333333,0.0011253078246339359
Lung,48,Pam1ug+IAV,B-cells,0.35105614500000004,0.030024745161151126
Lung,48,Pam1ug+IAV,CD103+CD4+ T-cells,0.014743593166666666,0.0018540917369468972
Lung,48,Pam1ug+IAV,CD206+ Macrophages,0.005120816,6.686067499856199e-4
Lung,48,Pam1ug+IAV,CD4+ T-cells,0.15511166033333335,0.013295549413903355
Lung,48,Pam1ug+IAV,CD64+MHCII- Macrophages,0.0023553688333333334,4.3306284143616067e-4
Lung,48,Pam1ug+IAV,Drop,0.059659952,0.00428190613376265
Lung,48,Pam1ug+IAV,Ly6C(hi)CD64(hi) Monocytes,0.019648047666666665,0.0026333012185913544
Lung,48,Pam1ug+IAV,Ly6C+ NK cells,0.037168346,0.0023340474928475498
Lung,48,Pam1ug+IAV,Ly6C+CD8+ T-cells,0.050639847333333335,0.003581155122436025
Lung,48,Pam1ug+IAV,Ly6C- NK cells,0.057472099666666665,0.004088378395535404
Lung,48,Pam1ug+IAV,Ly6C-CD8+ T-cells,0.067837786,0.031482244056057124
Lung,48,Pam1ug+IAV,Monocytes,0.016365496166666667,0.0026201485579766333
Lung,48,Pam1ug+IAV,Neutrophils,0.08507131116666666,0.025234490878467408
Lung,48,Pam1ug+IAV,Unknown Myeloid,0.049190169666666665,0.0045130371978026485
Lung,48,Pam1ug+IAV,cDC1,0.005217552,5.038286547163299e-4
Lung,48,Pam1ug+IAV,cDC2,0.0026630578333333333,3.4067333220084577e-4
Lung,48,Pam1ug+IAV,moDCs,0.010337122166666667,0.003238719031430672
Lung,48,Pam1ug+IAV,pDCs,0.010341629166666666,0.0010378951255474523
Lung,48,Pam1ug+IAV+NTHi,B-cells,0.35105614500000004,0.030024745161151126
Lung,48,Pam1ug+IAV+NTHi,CD103+CD4+ T-cells,0.014743593166666666,0.0018540917369468972
Lung,48,Pam1ug+IAV+NTHi,CD206+ Macrophages,0.005120816,6.686067499856199e-4
Lung,48,Pam1ug+IAV+NTHi,CD4+ T-cells,0.15511166033333335,0.013295549413903355
Lung,48,Pam1ug+IAV+NTHi,CD64+MHCII- Macrophages,0.0023553688333333334,4.3306284143616067e-4
Lung,48,Pam1ug+IAV+NTHi,Drop,0.059659952,0.00428190613376265
Lung,48,Pam1ug+IAV+NTHi,Ly6C(hi)CD64(hi) Monocytes,0.019648047666666665,0.0026333012185913544
Lung,48,Pam1ug+IAV+NTHi,Ly6C+ NK cells,0.037168346,0.0023340474928475498
Lung,48,Pam1ug+IAV+NTHi,Ly6C+CD8+ T-cells,0.050639847333333335,0.003581155122436025
Lung,48,Pam1ug+IAV+NTHi,Ly6C- NK cells,0.057472099666666665,0.004088378395535404
Lung,48,Pam1ug+IAV+NTHi,Ly6C-CD8+ T-cells,0.067837786,0.031482244056057124
Lung,48,Pam1ug+IAV+NTHi,Monocytes,0.016365496166666667,0.0026201485579766333
Lung,48,Pam1ug+IAV+NTHi,Neutrophils,0.08507131116666666,0.025234490878467408
Lung,48,Pam1ug+IAV+NTHi,Unknown Myeloid,0.049190169666666665,0.0045130371978026485
Lung,48,Pam1ug+IAV+NTHi,cDC1,0.005217552,5.038286547163299e-4
Lung,48,Pam1ug+IAV+NTHi,cDC2,0.0026630578333333333,3.4067333220084577e-4
Lung,48,Pam1ug+IAV+NTHi,moDCs,0.010337122166666667,0.003238719031430672
Lung,48,Pam1ug+IAV+NTHi,pDCs,0.010341629166666666,0.0010378951255474523
Lung,48,Pam1ug+NTHi,B-cells,0.3586295033333333,0.02630628142015103
Lung,48,Pam1ug+NTHi,CD103+CD4+ T-cells,0.0114031735,0.0020950386183363904
Lung,48,Pam1ug+NTHi,CD206+ Macrophages,0.0053433648333333335,4.6122311590446964e-4
Lung,48,Pam1ug+NTHi,CD4+ T-cells,0.17084323433333334,0.021751057897842128
Lung,48,Pam1ug+NTHi,CD64+MHCII- Macrophages,0.0015219118333333333,3.9980383736130877e-4
Lung,48,Pam1ug+NTHi,Drop,0.07844753333333333,0.00791297276360084
Lung,48,Pam1ug+NTHi,Ly6C(hi)CD64(hi) Monocytes,0.0118469215,0.0018344315920427192
Lung,48,Pam1ug+NTHi,Ly6C+ NK cells,0.0366365475,0.0033082261413310485
Lung,48,Pam1ug+NTHi,Ly6C+CD8+ T-cells,0.05593776733333333,0.0027848110027187682
Lung,48,Pam1ug+NTHi,Ly6C- NK cells,0.052736942833333335,0.004213527959483078
Lung,48,Pam1ug+NTHi,Ly6C-CD8+ T-cells,0.043736541000000004,0.005445170238192535
Lung,48,Pam1ug+NTHi,Monocytes,0.010606691666666666,0.0019208703168481843
Lung,48,Pam1ug+NTHi,Neutrophils,0.07988505033333333,0.01918518536263946
Lung,48,Pam1ug+NTHi,Unknown Myeloid,0.05123382433333333,0.0040863435640573
Lung,48,Pam1ug+NTHi,cDC1,0.005744164,5.421776302064975e-4
Lung,48,Pam1ug+NTHi,cDC2,0.0024963446666666665,5.103123019121831e-4
Lung,48,Pam1ug+NTHi,moDCs,0.015482630166666666,0.0035388986963250913
Lung,48,Pam1ug+NTHi,pDCs,0.007467853833333333,0.0011253078246339359
Lung,48,Saline,B-cells,0.4276386206666667,0.01830720399023311
Lung,48,Saline,CD103+CD4+ T-cells,0.006273677833333333,5.748315670786483e-4
Lung,48,Saline,CD206+ Macrophages,0.005173842666666667,6.056565492234945e-4
Lung,48,Saline,CD4+ T-cells,0.1818969095,0.010575711348668393
Lung,48,Saline,CD64+MHCII- Macrophages,8.35521e-4,1.4750694308382007e-4
Lung,48,Saline,Drop,0.07130608116666666,0.004935730729729627
Lung,48,Saline,Ly6C(hi)CD64(hi) Monocytes,0.015378424333333333,0.0012796961727561656
Lung,48,Saline,Ly6C+ NK cells,0.0396803255,0.004128204122246386
Lung,48,Saline,Ly6C+CD8+ T-cells,0.054705690833333334,0.0030980121679371367
Lung,48,Saline,Ly6C- NK cells,0.04906886033333333,0.0025090483704988584
Lung,48,Saline,Ly6C-CD8+ T-cells,0.039291304166666666,0.004434106704363496
Lung,48,Saline,Monocytes,0.012390586166666667,8.399791507822251e-4
Lung,48,Saline,Neutrophils,0.0244125095,0.00593067837791915
Lung,48,Saline,Unknown Myeloid,0.04435107566666667,0.00345229832206625
Lung,48,Saline,cDC1,0.00408751,3.651084980989442e-4
Lung,48,Saline,cDC2,0.0014495528333333333,6.915149549861119e-5
Lung,48,Saline,moDCs,0.017533540333333333,0.0022138752066624364
Lung,48,Saline,pDCs,0.004525968166666667,2.2019678180109977e-4
Lung,48,Saline+IAV,B-cells,0.41561962616666664,0.026901461077141534
Lung,48,Saline+IAV,CD103+CD4+ T-cells,0.007751457333333333,6.530985222745323e-4
Lung,48,Saline+IAV,CD206+ Macrophages,0.005024325833333333,0.001215947327346883
Lung,48,Saline+IAV,CD4+ T-cells,0.180232412,0.011149716967994504
Lung,48,Saline+IAV,CD64+MHCII- Macrophages,8.182608333333333e-4,2.301937631080125e-4
Lung,48,Saline+IAV,Drop,0.05787078466666667,0.00355529604464275
Lung,48,Saline+IAV,Ly6C(hi)CD64(hi) Monocytes,0.02042163216666667,0.0025993526470344938
Lung,48,Saline+IAV,Ly6C+ NK cells,0.04349574866666667,0.004506490757715562
Lung,48,Saline+IAV,Ly6C+CD8+ T-cells,0.056048810500000004,0.002664320715549122
Lung,48,Saline+IAV,Ly6C- NK cells,0.058930493,0.003516624117884973
Lung,48,Saline+IAV,Ly6C-CD8+ T-cells,0.0466493505,0.00948822137076062
Lung,48,Saline+IAV,Monocytes,0.016014138333333334,0.0021580497201010864
Lung,48,Saline+IAV,Neutrophils,0.022069315,0.00958917636559961
Lung,48,Saline+IAV,Unknown Myeloid,0.0433045315,0.003570704968331051
Lung,48,Saline+IAV,cDC1,0.003595877,6.123331748292484e-4
Lung,48,Saline+IAV,cDC2,0.0015673065,3.175329418676379e-4
Lung,48,Saline+IAV,moDCs,0.013797629333333334,0.0025278505227569357
Lung,48,Saline+IAV,pDCs,0.006788301833333333,0.001032147724594318
Lung,48,Saline+IAV+NTHi,B-cells,0.41561962616666664,0.026901461077141534
Lung,48,Saline+IAV+NTHi,CD103+CD4+ T-cells,0.007751457333333333,6.530985222745323e-4
Lung,48,Saline+IAV+NTHi,CD206+ Macrophages,0.005024325833333333,0.001215947327346883
Lung,48,Saline+IAV+NTHi,CD4+ T-cells,0.180232412,0.011149716967994504
Lung,48,Saline+IAV+NTHi,CD64+MHCII- Macrophages,8.182608333333333e-4,2.301937631080125e-4
Lung,48,Saline+IAV+NTHi,Drop,0.05787078466666667,0.00355529604464275
Lung,48,Saline+IAV+NTHi,Ly6C(hi)CD64(hi) Monocytes,0.02042163216666667,0.0025993526470344938
Lung,48,Saline+IAV+NTHi,Ly6C+ NK cells,0.04349574866666667,0.004506490757715562
Lung,48,Saline+IAV+NTHi,Ly6C+CD8+ T-cells,0.056048810500000004,0.002664320715549122
Lung,48,Saline+IAV+NTHi,Ly6C- NK cells,0.058930493,0.003516624117884973
Lung,48,Saline+IAV+NTHi,Ly6C-CD8+ T-cells,0.0466493505,0.00948822137076062
Lung,48,Saline+IAV+NTHi,Monocytes,0.016014138333333334,0.0021580497201010864
Lung,48,Saline+IAV+NTHi,Neutrophils,0.022069315,0.00958917636559961
Lung,48,Saline+IAV+NTHi,Unknown Myeloid,0.0433045315,0.003570704968331051
Lung,48,Saline+IAV+NTHi,cDC1,0.003595877,6.123331748292484e-4
Lung,48,Saline+IAV+NTHi,cDC2,0.0015673065,3.175329418676379e-4
Lung,48,Saline+IAV+NTHi,moDCs,0.013797629333333334,0.0025278505227569357
Lung,48,Saline+IAV+NTHi,pDCs,0.006788301833333333,0.001032147724594318
Lung,48,Saline+NTHi,B-cells,0.4276386206666667,0.01830720399023311
Lung,48,Saline+NTHi,CD103+CD4+ T-cells,0.006273677833333333,5.748315670786483e-4
Lung,48,Saline+NTHi,CD206+ Macrophages,0.005173842666666667,6.056565492234945e-4
Lung,48,Saline+NTHi,CD4+ T-cells,0.1818969095,0.010575711348668393
Lung,48,Saline+NTHi,CD64+MHCII- Macrophages,8.35521e-4,1.4750694308382007e-4
Lung,48,Saline+NTHi,Drop,0.07130608116666666,0.004935730729729627
Lung,48,Saline+NTHi,Ly6C(hi)CD64(hi) Monocytes,0.015378424333333333,0.0012796961727561656
Lung,48,Saline+NTHi,Ly6C+ NK cells,0.0396803255,0.004128204122246386
Lung,48,Saline+NTHi,Ly6C+CD8+ T-cells,0.054705690833333334,0.0030980121679371367
Lung,48,Saline+NTHi,Ly6C- NK cells,0.04906886033333333,0.0025090483704988584
Lung,48,Saline+NTHi,Ly6C-CD8+ T-cells,0.039291304166666666,0.004434106704363496
Lung,48,Saline+NTHi,Monocytes,0.012390586166666667,8.399791507822251e-4
Lung,48,Saline+NTHi,Neutrophils,0.0244125095,0.00593067837791915
Lung,48,Saline+NTHi,Unknown Myeloid,0.04435107566666667,0.00345229832206625
Lung,48,Saline+NTHi,cDC1,0.00408751,3.651084980989442e-4
Lung,48,Saline+NTHi,cDC2,0.0014495528333333333,6.915149549861119e-5
Lung,48,Saline+NTHi,moDCs,0.017533540333333333,0.0022138752066624364
Lung,48,Saline+NTHi,pDCs,0.004525968166666667,2.2019678180109977e-4
Lung,72,Hh,B-cells,0.3769271505,0.046211780654545
Lung,72,Hh,CD103+CD4+ T-cells,0.010264582333333334,0.0012464014639492543
Lung,72,Hh,CD206+ Macrophages,0.0034369651666666667,7.309319858082291e-4
Lung,72,Hh,CD4+ T-cells,0.16495822233333332,0.011219955020421937
Lung,72,Hh,CD64+MHCII- Macrophages,6.066438333333334e-4,1.6555883470444714e-4
Lung,72,Hh,Drop,0.053882615833333335,0.005620719715123202
Lung,72,Hh,Ly6C(hi)CD64(hi) Monocytes,0.0234777935,0.004173874342050815
Lung,72,Hh,Ly6C+ NK cells,0.04787275383333333,0.006565774004258687
Lung,72,Hh,Ly6C+CD8+ T-cells,0.05271064116666666,0.007448407406041355
Lung,72,Hh,Ly6C- NK cells,0.0559763405,0.00866577779602934
Lung,72,Hh,Ly6C-CD8+ T-cells,0.13812289716666667,0.08088910378889115
Lung,72,Hh,Monocytes,0.009307936666666666,0.001639155306129566
Lung,72,Hh,Neutrophils,0.007177755166666667,0.0014907499134339608
Lung,72,Hh,Unknown Myeloid,0.032922423666666666,0.0032930839830344924
Lung,72,Hh,cDC1,0.0026251605,2.2660218393295183e-4
Lung,72,Hh,cDC2,9.067351666666667e-4,1.6906160883859602e-4
Lung,72,Hh,moDCs,0.0135926115,0.002105138377614906
Lung,72,Hh,pDCs,0.005230772333333333,6.465919636582084e-4
Lung,72,Hh+IAV,B-cells,0.3439591971666667,0.027345466040955092
Lung,72,Hh+IAV,CD103+CD4+ T-cells,0.010920967166666667,9.373071249511344e-4
Lung,72,Hh+IAV,CD206+ Macrophages,0.0026974835000000003,4.17608560179007e-4
Lung,72,Hh+IAV,CD4+ T-cells,0.17761031733333332,0.015662570825565627
Lung,72,Hh+IAV,CD64+MHCII- Macrophages,0.0023270118333333333,3.760758610297854e-4
Lung,72,Hh+IAV,Drop,0.07016472733333333,0.0071163799752158394
Lung,72,Hh+IAV,Ly6C(hi)CD64(hi) Monocytes,0.057257631833333336,0.008663153792787584
Lung,72,Hh+IAV,Ly6C+ NK cells,0.06751367933333333,0.007127924149321264
Lung,72,Hh+IAV,Ly6C+CD8+ T-cells,0.08175848766666666,0.003710598204358479
Lung,72,Hh+IAV,Ly6C- NK cells,0.061843255,0.005933292260060644
Lung,72,Hh+IAV,Ly6C-CD8+ T-cells,0.0297184105,0.0035092156415588633
Lung,72,Hh+IAV,Monocytes,0.015382949,0.0025518713904405265
Lung,72,Hh+IAV,Neutrophils,0.030407865666666666,0.01344571291951596
Lung,72,Hh+IAV,Unknown Myeloid,0.026130702166666665,0.002991407295825377
Lung,72,Hh+IAV,cDC1,0.002215987,4.524766156565442e-4
Lung,72,Hh+IAV,cDC2,2.573338333333333e-4,3.6571158560097296e-5
Lung,72,Hh+IAV,moDCs,0.009303363,0.0019287679090207478
Lung,72,Hh+IAV,pDCs,0.010530631333333334,0.001761422361402411
Lung,72,Hh+IAV+NTHi,B-cells,0.3439591971666667,0.027345466040955092
Lung,72,Hh+IAV+NTHi,CD103+CD4+ T-cells,0.010920967166666667,9.373071249511344e-4
Lung,72,Hh+IAV+NTHi,CD206+ Macrophages,0.0026974835000000003,4.17608560179007e-4
Lung,72,Hh+IAV+NTHi,CD4+ T-cells,0.17761031733333332,0.015662570825565627
Lung,72,Hh+IAV+NTHi,CD64+MHCII- Macrophages,0.0023270118333333333,3.760758610297854e-4
Lung,72,Hh+IAV+NTHi,Drop,0.07016472733333333,0.0071163799752158394
Lung,72,Hh+IAV+NTHi,Ly6C(hi)CD64(hi) Monocytes,0.057257631833333336,0.008663153792787584
Lung,72,Hh+IAV+NTHi,Ly6C+ NK cells,0.06751367933333333,0.007127924149321264
Lung,72,Hh+IAV+NTHi,Ly6C+CD8+ T-cells,0.08175848766666666,0.003710598204358479
Lung,72,Hh+IAV+NTHi,Ly6C- NK cells,0.061843255,0.005933292260060644
Lung,72,Hh+IAV+NTHi,Ly6C-CD8+ T-cells,0.0297184105,0.0035092156415588633
Lung,72,Hh+IAV+NTHi,Monocytes,0.015382949,0.0025518713904405265
Lung,72,Hh+IAV+NTHi,Neutrophils,0.030407865666666666,0.01344571291951596
Lung,72,Hh+IAV+NTHi,Unknown Myeloid,0.026130702166666665,0.002991407295825377
Lung,72,Hh+IAV+NTHi,cDC1,0.002215987,4.524766156565442e-4
Lung,72,Hh+IAV+NTHi,cDC2,2.573338333333333e-4,3.6571158560097296e-5
Lung,72,Hh+IAV+NTHi,moDCs,0.009303363,0.0019287679090207478
Lung,72,Hh+IAV+NTHi,pDCs,0.010530631333333334,0.001761422361402411
Lung,72,Hh+NTHi,B-cells,0.3769271505,0.046211780654545
Lung,72,Hh+NTHi,CD103+CD4+ T-cells,0.010264582333333334,0.0012464014639492543
Lung,72,Hh+NTHi,CD206+ Macrophages,0.0034369651666666667,7.309319858082291e-4
Lung,72,Hh+NTHi,CD4+ T-cells,0.16495822233333332,0.011219955020421937
Lung,72,Hh+NTHi,CD64+MHCII- Macrophages,6.066438333333334e-4,1.6555883470444714e-4
Lung,72,Hh+NTHi,Drop,0.053882615833333335,0.005620719715123202
Lung,72,Hh+NTHi,Ly6C(hi)CD64(hi) Monocytes,0.0234777935,0.004173874342050815
Lung,72,Hh+NTHi,Ly6C+ NK cells,0.04787275383333333,0.006565774004258687
Lung,72,Hh+NTHi,Ly6C+CD8+ T-cells,0.05271064116666666,0.007448407406041355
Lung,72,Hh+NTHi,Ly6C- NK cells,0.0559763405,0.00866577779602934
Lung,72,Hh+NTHi,Ly6C-CD8+ T-cells,0.13812289716666667,0.08088910378889115
Lung,72,Hh+NTHi,Monocytes,0.009307936666666666,0.001639155306129566
Lung,72,Hh+NTHi,Neutrophils,0.007177755166666667,0.0014907499134339608
Lung,72,Hh+NTHi,Unknown Myeloid,0.032922423666666666,0.0032930839830344924
Lung,72,Hh+NTHi,cDC1,0.0026251605,2.2660218393295183e-4
Lung,72,Hh+NTHi,cDC2,9.067351666666667e-4,1.6906160883859602e-4
Lung,72,Hh+NTHi,moDCs,0.0135926115,0.002105138377614906
Lung,72,Hh+NTHi,pDCs,0.005230772333333333,6.465919636582084e-4
Lung,72,Pam1ug,B-cells,0.4393498555,0.017854363367868612
Lung,72,Pam1ug,CD103+CD4+ T-cells,0.012376790166666667,0.0016195901391984626
Lung,72,Pam1ug,CD206+ Macrophages,0.005295558333333334,2.4850402954179867e-4
Lung,72,Pam1ug,CD4+ T-cells,0.15654689666666666,0.009358201091516043
Lung,72,Pam1ug,CD64+MHCII- Macrophages,0.001320113,2.978422270330384e-4
Lung,72,Pam1ug,Drop,0.060276784166666666,0.009364214617715905
Lung,72,Pam1ug,Ly6C(hi)CD64(hi) Monocytes,0.022842170666666668,0.0030647658567708094
Lung,72,Pam1ug,Ly6C+ NK cells,0.04801846083333333,0.0034705946388747418
Lung,72,Pam1ug,Ly6C+CD8+ T-cells,0.05296051833333333,0.004048749610351289
Lung,72,Pam1ug,Ly6C- NK cells,0.05762899033333333,0.004977448088932605
Lung,72,Pam1ug,Ly6C-CD8+ T-cells,0.03704024116666667,0.004070319055179126
Lung,72,Pam1ug,Monocytes,0.010448812,0.0024546272178360205
Lung,72,Pam1ug,Neutrophils,0.013253282,0.004036806186394059
Lung,72,Pam1ug,Unknown Myeloid,0.05413610566666667,0.002477616880693444
Lung,72,Pam1ug,cDC1,0.005766670666666667,9.765062360476308e-4
Lung,72,Pam1ug,cDC2,0.0014364755,5.504434224074866e-5
Lung,72,Pam1ug,moDCs,0.012794149166666668,0.0014916617381788098
Lung,72,Pam1ug,pDCs,0.008508125333333333,0.001397049025828721
Lung,72,Pam1ug+IAV,B-cells,0.39950713250000003,0.030882965144490317
Lung,72,Pam1ug+IAV,CD103+CD4+ T-cells,0.014183776333333334,0.001611406920059004
Lung,72,Pam1ug+IAV,CD206+ Macrophages,0.004638526666666667,0.0012822883580149117
Lung,72,Pam1ug+IAV,CD4+ T-cells,0.13415398083333333,0.012098442204979756
Lung,72,Pam1ug+IAV,CD64+MHCII- Macrophages,0.003997859833333333,2.478973991484403e-4
Lung,72,Pam1ug+IAV,Drop,0.06285069316666667,0.007449665428359852
Lung,72,Pam1ug+IAV,Ly6C(hi)CD64(hi) Monocytes,0.053723319666666665,0.008172009380314529
Lung,72,Pam1ug+IAV,Ly6C+ NK cells,0.056663911666666664,0.009769890885351271
Lung,72,Pam1ug+IAV,Ly6C+CD8+ T-cells,0.06023224816666667,0.005381656898909143
Lung,72,Pam1ug+IAV,Ly6C- NK cells,0.06440883933333333,0.003610378453405402
Lung,72,Pam1ug+IAV,Ly6C-CD8+ T-cells,0.03241337666666667,0.0035135519672001127
Lung,72,Pam1ug+IAV,Monocytes,0.015320650833333333,0.002589708509877774
Lung,72,Pam1ug+IAV,Neutrophils,0.033266579,0.011568914512803202
Lung,72,Pam1ug+IAV,Unknown Myeloid,0.03862851916666667,0.002839705330576425
Lung,72,Pam1ug+IAV,cDC1,0.005349322166666667,0.0010854598171448945
Lung,72,Pam1ug+IAV,cDC2,8.382098333333332e-4,2.884976552350027e-4
Lung,72,Pam1ug+IAV,moDCs,0.0056646568333333334,0.0010154123051717603
Lung,72,Pam1ug+IAV,pDCs,0.014158396833333333,0.0021473778636830767
Lung,72,Pam1ug+IAV+NTHi,B-cells,0.39950713250000003,0.030882965144490317
Lung,72,Pam1ug+IAV+NTHi,CD103+CD4+ T-cells,0.014183776333333334,0.001611406920059004
Lung,72,Pam1ug+IAV+NTHi,CD206+ Macrophages,0.004638526666666667,0.0012822883580149117
Lung,72,Pam1ug+IAV+NTHi,CD4+ T-cells,0.13415398083333333,0.012098442204979756
Lung,72,Pam1ug+IAV+NTHi,CD64+MHCII- Macrophages,0.003997859833333333,2.478973991484403e-4
Lung,72,Pam1ug+IAV+NTHi,Drop,0.06285069316666667,0.007449665428359852
Lung,72,Pam1ug+IAV+NTHi,Ly6C(hi)CD64(hi) Monocytes,0.053723319666666665,0.008172009380314529
Lung,72,Pam1ug+IAV+NTHi,Ly6C+ NK cells,0.056663911666666664,0.009769890885351271
Lung,72,Pam1ug+IAV+NTHi,Ly6C+CD8+ T-cells,0.06023224816666667,0.005381656898909143
Lung,72,Pam1ug+IAV+NTHi,Ly6C- NK cells,0.06440883933333333,0.003610378453405402
Lung,72,Pam1ug+IAV+NTHi,Ly6C-CD8+ T-cells,0.03241337666666667,0.0035135519672001127
Lung,72,Pam1ug+IAV+NTHi,Monocytes,0.015320650833333333,0.002589708509877774
Lung,72,Pam1ug+IAV+NTHi,Neutrophils,0.033266579,0.011568914512803202
Lung,72,Pam1ug+IAV+NTHi,Unknown Myeloid,0.03862851916666667,0.002839705330576425
Lung,72,Pam1ug+IAV+NTHi,cDC1,0.005349322166666667,0.0010854598171448945
Lung,72,Pam1ug+IAV+NTHi,cDC2,8.382098333333332e-4,2.884976552350027e-4
Lung,72,Pam1ug+IAV+NTHi,moDCs,0.0056646568333333334,0.0010154123051717603
Lung,72,Pam1ug+IAV+NTHi,pDCs,0.014158396833333333,0.0021473778636830767
Lung,72,Pam1ug+NTHi,B-cells,0.4393498555,0.017854363367868612
Lung,72,Pam1ug+NTHi,CD103+CD4+ T-cells,0.012376790166666667,0.0016195901391984626
Lung,72,Pam1ug+NTHi,CD206+ Macrophages,0.005295558333333334,2.4850402954179867e-4
Lung,72,Pam1ug+NTHi,CD4+ T-cells,0.15654689666666666,0.009358201091516043
Lung,72,Pam1ug+NTHi,CD64+MHCII- Macrophages,0.001320113,2.978422270330384e-4
Lung,72,Pam1ug+NTHi,Drop,0.060276784166666666,0.009364214617715905
Lung,72,Pam1ug+NTHi,Ly6C(hi)CD64(hi) Monocytes,0.022842170666666668,0.0030647658567708094
Lung,72,Pam1ug+NTHi,Ly6C+ NK cells,0.04801846083333333,0.0034705946388747418
Lung,72,Pam1ug+NTHi,Ly6C+CD8+ T-cells,0.05296051833333333,0.004048749610351289
Lung,72,Pam1ug+NTHi,Ly6C- NK cells,0.05762899033333333,0.004977448088932605
Lung,72,Pam1ug+NTHi,Ly6C-CD8+ T-cells,0.03704024116666667,0.004070319055179126
Lung,72,Pam1ug+NTHi,Monocytes,0.010448812,0.0024546272178360205
Lung,72,Pam1ug+NTHi,Neutrophils,0.013253282,0.004036806186394059
Lung,72,Pam1ug+NTHi,Unknown Myeloid,0.05413610566666667,0.002477616880693444
Lung,72,Pam1ug+NTHi,cDC1,0.005766670666666667,9.765062360476308e-4
Lung,72,Pam1ug+NTHi,cDC2,0.0014364755,5.504434224074866e-5
Lung,72,Pam1ug+NTHi,moDCs,0.012794149166666668,0.0014916617381788098
Lung,72,Pam1ug+NTHi,pDCs,0.008508125333333333,0.001397049025828721
Lung,72,Saline,B-cells,0.4393646385,0.023457037381181434
Lung,72,Saline,CD103+CD4+ T-cells,0.007351787166666667,7.027109607905382e-4
Lung,72,Saline,CD206+ Macrophages,0.003201843166666667,3.673227370521657e-4
Lung,72,Saline,CD4+ T-cells,0.1946296245,0.01718628184846693
Lung,72,Saline,CD64+MHCII- Macrophages,4.86094e-4,1.0239763096315594e-4
Lung,72,Saline,Drop,0.06106515816666667,0.011444624238721914
Lung,72,Saline,Ly6C(hi)CD64(hi) Monocytes,0.022534410666666664,0.0020000678569698357
Lung,72,Saline,Ly6C+ NK cells,0.04005091016666667,0.005768236582117852
Lung,72,Saline,Ly6C+CD8+ T-cells,0.050737128,0.002860037396629644
Lung,72,Saline,Ly6C- NK cells,0.05199068016666667,0.006207147630997863
Lung,72,Saline,Ly6C-CD8+ T-cells,0.0446879785,0.005395486192221327
Lung,72,Saline,Monocytes,0.011016656666666668,0.001818267237600214
Lung,72,Saline,Neutrophils,0.0072663635,0.0013448300394755404
Lung,72,Saline,Unknown Myeloid,0.041898111333333335,0.0051711726577137
Lung,72,Saline,cDC1,0.0029514278333333333,2.4620115037470437e-4
Lung,72,Saline,cDC2,0.0010788753333333333,1.2679991900067515e-4
Lung,72,Saline,moDCs,0.014602313,0.002365165577266717
Lung,72,Saline,pDCs,0.005086000333333333,5.189704639331393e-4
Lung,72,Saline+IAV,B-cells,0.3352444256666667,0.03194473677142673
Lung,72,Saline+IAV,CD103+CD4+ T-cells,0.011390320666666667,0.0014391155265903123
Lung,72,Saline+IAV,CD206+ Macrophages,0.003358212,9.627791744854064e-4
Lung,72,Saline+IAV,CD4+ T-cells,0.18955510683333335,0.015066270542556092
Lung,72,Saline+IAV,CD64+MHCII- Macrophages,0.0021146423333333335,4.0495822244396746e-4
Lung,72,Saline+IAV,Drop,0.077159266,0.00877302694139841
Lung,72,Saline+IAV,Ly6C(hi)CD64(hi) Monocytes,0.0503375825,0.0070274954631360945
Lung,72,Saline+IAV,Ly6C+ NK cells,0.07067667466666666,0.011842119188015057
Lung,72,Saline+IAV,Ly6C+CD8+ T-cells,0.07783884683333334,0.007138615427425091
Lung,72,Saline+IAV,Ly6C- NK cells,0.06845347083333334,0.006068456314761151
Lung,72,Saline+IAV,Ly6C-CD8+ T-cells,0.0255921515,0.0010950293440199295
Lung,72,Saline+IAV,Monocytes,0.014856496166666667,0.002775815919072846
Lung,72,Saline+IAV,Neutrophils,0.018891811666666668,0.005461987912826072
Lung,72,Saline+IAV,Unknown Myeloid,0.029218727333333333,0.005269238298868719
Lung,72,Saline+IAV,cDC1,0.0029615005,9.572633383583208e-4
Lung,72,Saline+IAV,cDC2,4.351865e-4,1.9734544930835542e-4
Lung,72,Saline+IAV,moDCs,0.010329903,0.004111107717255842
Lung,72,Saline+IAV,pDCs,0.011585674833333334,0.001623203215404475
Lung,72,Saline+IAV+NTHi,B-cells,0.3352444256666667,0.03194473677142673
Lung,72,Saline+IAV+NTHi,CD103+CD4+ T-cells,0.011390320666666667,0.0014391155265903123
Lung,72,Saline+IAV+NTHi,CD206+ Macrophages,0.003358212,9.627791744854064e-4
Lung,72,Saline+IAV+NTHi,CD4+ T-cells,0.18955510683333335,0.015066270542556092
Lung,72,Saline+IAV+NTHi,CD64+MHCII- Macrophages,0.0021146423333333335,4.0495822244396746e-4
Lung,72,Saline+IAV+NTHi,Drop,0.077159266,0.00877302694139841
Lung,72,Saline+IAV+NTHi,Ly6C(hi)CD64(hi) Monocytes,0.0503375825,0.0070274954631360945
Lung,72,Saline+IAV+NTHi,Ly6C+ NK cells,0.07067667466666666,0.011842119188015057
Lung,72,Saline+IAV+NTHi,Ly6C+CD8+ T-cells,0.07783884683333334,0.007138615427425091
Lung,72,Saline+IAV+NTHi,Ly6C- NK cells,0.06845347083333334,0.006068456314761151
Lung,72,Saline+IAV+NTHi,Ly6C-CD8+ T-cells,0.0255921515,0.0010950293440199295
Lung,72,Saline+IAV+NTHi,Monocytes,0.014856496166666667,0.002775815919072846
Lung,72,Saline+IAV+NTHi,Neutrophils,0.018891811666666668,0.005461987912826072
Lung,72,Saline+IAV+NTHi,Unknown Myeloid,0.029218727333333333,0.005269238298868719
Lung,72,Saline+IAV+NTHi,cDC1,0.0029615005,9.572633383583208e-4
Lung,72,Saline+IAV+NTHi,cDC2,4.351865e-4,1.9734544930835542e-4
Lung,72,Saline+IAV+NTHi,moDCs,0.010329903,0.004111107717255842
Lung,72,Saline+IAV+NTHi,pDCs,0.011585674833333334,0.001623203215404475
Lung,72,Saline+NTHi,B-cells,0.4393646385,0.023457037381181434
Lung,72,Saline+NTHi,CD103+CD4+ T-cells,0.007351787166666667,7.027109607905382e-4
Lung,72,Saline+NTHi,CD206+ Macrophages,0.003201843166666667,3.673227370521657e-4
Lung,72,Saline+NTHi,CD4+ T-cells,0.1946296245,0.01718628184846693
Lung,72,Saline+NTHi,CD64+MHCII- Macrophages,4.86094e-4,1.0239763096315594e-4
Lung,72,Saline+NTHi,Drop,0.06106515816666667,0.011444624238721914
Lung,72,Saline+NTHi,Ly6C(hi)CD64(hi) Monocytes,0.022534410666666664,0.0020000678569698357
Lung,72,Saline+NTHi,Ly6C+ NK cells,0.04005091016666667,0.005768236582117852
Lung,72,Saline+NTHi,Ly6C+CD8+ T-cells,0.050737128,0.002860037396629644
Lung,72,Saline+NTHi,Ly6C- NK cells,0.05199068016666667,0.006207147630997863
Lung,72,Saline+NTHi,Ly6C-CD8+ T-cells,0.0446879785,0.005395486192221327
Lung,72,Saline+NTHi,Monocytes,0.011016656666666668,0.001818267237600214
Lung,72,Saline+NTHi,Neutrophils,0.0072663635,0.0013448300394755404
Lung,72,Saline+NTHi,Unknown Myeloid,0.041898111333333335,0.0051711726577137
Lung,72,Saline+NTHi,cDC1,0.0029514278333333333,2.4620115037470437e-4
Lung,72,Saline+NTHi,cDC2,0.0010788753333333333,1.2679991900067515e-4
Lung,72,Saline+NTHi,moDCs,0.014602313,0.002365165577266717
Lung,72,Saline+NTHi,pDCs,0.005086000333333333,5.189704639331393e-4
Lung,96,Hh,B-cells,0.3904119111666667,0.015973617157238502
Lung,96,Hh,CD103+CD4+ T-cells,0.012899194499999999,0.0027129883278343672
Lung,96,Hh,CD206+ Macrophages,0.0077179685,7.337313339127502e-4
Lung,96,Hh,CD4+ T-cells,0.20103575816666666,0.017009989319231242
Lung,96,Hh,CD64+MHCII- Macrophages,0.0016887123333333334,0.00050813448564119765
Lung,96,Hh,Drop,0.04897184316666667,9.501704855335665e-4
Lung,96,Hh,Ly6C(hi)CD64(hi) Monocytes,0.020358237666666668,0.001786456476748793
Lung,96,Hh,Ly6C+ NK cells,0.05321196466666667,0.003692440125594201
Lung,96,Hh,Ly6C+CD8+ T-cells,0.05396665066666667,0.0027819964666865983
Lung,96,Hh,Ly6C- NK cells,0.06958067,0.003817948702503829
Lung,96,Hh,Ly6C-CD8+ T-cells,0.03722800116666666,0.0038079873149128125
Lung,96,Hh,Monocytes,0.014520512666666667,0.0029796331842824957
Lung,96,Hh,Neutrophils,0.0113877565,0.0010422383933008082
Lung,96,Hh,Unknown Myeloid,0.04574568,0.00576635530598841
Lung,96,Hh,cDC1,0.006913736,0.0010039779327640293
Lung,96,Hh,cDC2,0.0015843211666666667,2.3689442070585185e-4
Lung,96,Hh,moDCs,0.013979691833333334,0.003915183931163945
Lung,96,Hh,pDCs,0.008797389333333334,0.0014416193999491145
Lung,96,Hh+IAV,B-cells,0.36633974183333334,0.022829963860489383
Lung,96,Hh+IAV,CD103+CD4+ T-cells,0.011679126666666666,0.001348860087170365
Lung,96,Hh+IAV,CD206+ Macrophages,0.004147132833333333,9.090520266183676e-4
Lung,96,Hh+IAV,CD4+ T-cells,0.17692633366666666,0.01714353761698703
Lung,96,Hh+IAV,CD64+MHCII- Macrophages,0.0022358851666666665,2.1759248116167633e-4
Lung,96,Hh+IAV,Drop,0.06045462833333333,0.0027393873036858523
Lung,96,Hh+IAV,Ly6C(hi)CD64(hi) Monocytes,0.044282711833333335,0.005180858744934778
Lung,96,Hh+IAV,Ly6C+ NK cells,0.056575462666666666,0.005053880747994262
Lung,96,Hh+IAV,Ly6C+CD8+ T-cells,0.0807254055,0.007373456432541101
Lung,96,Hh+IAV,Ly6C- NK cells,0.075885044,0.006438606092191954
Lung,96,Hh+IAV,Ly6C-CD8+ T-cells,0.02501242416666667,0.003511120383693829
Lung,96,Hh+IAV,Monocytes,0.0143870335,0.002137330338964737
Lung,96,Hh+IAV,Neutrophils,0.023409162166666667,0.00660422251686262
Lung,96,Hh+IAV,Unknown Myeloid,0.031481107833333334,0.003219169859576176
Lung,96,Hh+IAV,cDC1,0.005353035666666667,8.202550551967629e-4
Lung,96,Hh+IAV,cDC2,3.9251633333333336e-4,7.136456917484411e-5
Lung,96,Hh+IAV,moDCs,0.009166864666666667,0.00472765812463815
Lung,96,Hh+IAV,pDCs,0.011546382833333334,0.0011836769443638309
Lung,96,Hh+IAV+NTHi,B-cells,0.36633974183333334,0.022829963860489383
Lung,96,Hh+IAV+NTHi,CD103+CD4+ T-cells,0.011679126666666666,0.001348860087170365
Lung,96,Hh+IAV+NTHi,CD206+ Macrophages,0.004147132833333333,9.090520266183676e-4
Lung,96,Hh+IAV+NTHi,CD4+ T-cells,0.17692633366666666,0.01714353761698703
Lung,96,Hh+IAV+NTHi,CD64+MHCII- Macrophages,0.0022358851666666665,2.1759248116167633e-4
Lung,96,Hh+IAV+NTHi,Drop,0.06045462833333333,0.0027393873036858523
Lung,96,Hh+IAV+NTHi,Ly6C(hi)CD64(hi) Monocytes,0.044282711833333335,0.005180858744934778
Lung,96,Hh+IAV+NTHi,Ly6C+ NK cells,0.056575462666666666,0.005053880747994262
Lung,96,Hh+IAV+NTHi,Ly6C+CD8+ T-cells,0.0807254055,0.007373456432541101
Lung,96,Hh+IAV+NTHi,Ly6C- NK cells,0.075885044,0.006438606092191954
Lung,96,Hh+IAV+NTHi,Ly6C-CD8+ T-cells,0.02501242416666667,0.003511120383693829
Lung,96,Hh+IAV+NTHi,Monocytes,0.0143870335,0.002137330338964737
Lung,96,Hh+IAV+NTHi,Neutrophils,0.023409162166666667,0.00660422251686262
Lung,96,Hh+IAV+NTHi,Unknown Myeloid,0.031481107833333334,0.003219169859576176
Lung,96,Hh+IAV+NTHi,cDC1,0.005353035666666667,8.202550551967629e-4
Lung,96,Hh+IAV+NTHi,cDC2,3.9251633333333336e-4,7.136456917484411e-5
Lung,96,Hh+IAV+NTHi,moDCs,0.009166864666666667,0.00472765812463815
Lung,96,Hh+IAV+NTHi,pDCs,0.011546382833333334,0.0011836769443638309
Lung,96,Hh+NTHi,B-cells,0.3904119111666667,0.015973617157238502
Lung,96,Hh+NTHi,CD103+CD4+ T-cells,0.012899194499999999,0.0027129883278343672
Lung,96,Hh+NTHi,CD206+ Macrophages,0.0077179685,7.337313339127502e-4
Lung,96,Hh+NTHi,CD4+ T-cells,0.20103575816666666,0.017009989319231242
Lung,96,Hh+NTHi,CD64+MHCII- Macrophages,0.0016887123333333334,0.00050813448564119765
Lung,96,Hh+NTHi,Drop,0.04897184316666667,9.501704855335665e-4
Lung,96,Hh+NTHi,Ly6C(hi)CD64(hi) Monocytes,0.020358237666666668,0.001786456476748793
Lung,96,Hh+NTHi,Ly6C+ NK cells,0.05321196466666667,0.003692440125594201
Lung,96,Hh+NTHi,Ly6C+CD8+ T-cells,0.05396665066666667,0.0027819964666865983
Lung,96,Hh+NTHi,Ly6C- NK cells,0.06958067,0.003817948702503829
Lung,96,Hh+NTHi,Ly6C-CD8+ T-cells,0.03722800116666666,0.0038079873149128125
Lung,96,Hh+NTHi,Monocytes,0.014520512666666667,0.0029796331842824957
Lung,96,Hh+NTHi,Neutrophils,0.0113877565,0.0010422383933008082
Lung,96,Hh+NTHi,Unknown Myeloid,0.04574568,0.00576635530598841
Lung,96,Hh+NTHi,cDC1,0.006913736,0.0010039779327640293
Lung,96,Hh+NTHi,cDC2,0.0015843211666666667,2.3689442070585185e-4
Lung,96,Hh+NTHi,moDCs,0.013979691833333334,0.003915183931163945
Lung,96,Hh+NTHi,pDCs,0.008797389333333334,0.0014416193999491145
Lung,96,Pam1ug,B-cells,0.4282228256666667,0.014017352920239416
Lung,96,Pam1ug,CD103+CD4+ T-cells,0.013013796833333334,0.002372232959863434
Lung,96,Pam1ug,CD206+ Macrophages,0.0079791035,0.0012501860517445328
Lung,96,Pam1ug,CD4+ T-cells,0.17255514033333333,0.010752326782076431
Lung,96,Pam1ug,CD64+MHCII- Macrophages,0.0025658676666666666,8.764838507170821e-4
Lung,96,Pam1ug,Drop,0.04984985583333333,0.005382297032178593
Lung,96,Pam1ug,Ly6C(hi)CD64(hi) Monocytes,0.020481813,0.0036825240839480377
Lung,96,Pam1ug,Ly6C+ NK cells,0.0434271835,0.0041733006509844925
Lung,96,Pam1ug,Ly6C+CD8+ T-cells,0.06067826366666667,0.002881468175623759
Lung,96,Pam1ug,Ly6C- NK cells,0.05649093933333333,0.0032153935677315423
Lung,96,Pam1ug,Ly6C-CD8+ T-cells,0.041389392500000004,0.0037379560252271634
Lung,96,Pam1ug,Monocytes,0.012130562166666666,0.0012423712883580984
Lung,96,Pam1ug,Neutrophils,0.0142911795,0.0035020029813435985
Lung,96,Pam1ug,Unknown Myeloid,0.04711561216666667,0.0031491652151385495
Lung,96,Pam1ug,cDC1,0.006899608666666667,0.0015491567487489805
Lung,96,Pam1ug,cDC2,0.001630074,1.821103242451308e-4
Lung,96,Pam1ug,moDCs,0.013095182166666667,0.00229962390230799
Lung,96,Pam1ug,pDCs,0.008183598833333333,0.001576769357739794
Lung,96,Pam1ug+IAV,B-cells,0.3991459943333333,0.023693777984132296
Lung,96,Pam1ug+IAV,CD103+CD4+ T-cells,0.010959092333333333,0.001507497044076918
Lung,96,Pam1ug+IAV,CD206+ Macrophages,0.005137791166666667,0.0014541916444233759
Lung,96,Pam1ug+IAV,CD4+ T-cells,0.14787252816666666,0.00522904822000928
Lung,96,Pam1ug+IAV,CD64+MHCII- Macrophages,0.004180680333333333,0.0010872257925205377
Lung,96,Pam1ug+IAV,Drop,0.06126597316666667,0.003026079623102488
Lung,96,Pam1ug+IAV,Ly6C(hi)CD64(hi) Monocytes,0.047281675833333335,0.0046888217000190325
Lung,96,Pam1ug+IAV,Ly6C+ NK cells,0.055125420833333334,0.004575734307703887
Lung,96,Pam1ug+IAV,Ly6C+CD8+ T-cells,0.0793023705,0.005647582338786494
Lung,96,Pam1ug+IAV,Ly6C- NK cells,0.06651640516666667,0.004531819965303643
Lung,96,Pam1ug+IAV,Ly6C-CD8+ T-cells,0.025727494833333333,0.004530254409100512
Lung,96,Pam1ug+IAV,Monocytes,0.0155448735,0.00233060081852667
Lung,96,Pam1ug+IAV,Neutrophils,0.021903494,0.003891870296438273
Lung,96,Pam1ug+IAV,Unknown Myeloid,0.03613752666666667,0.0044473884269673565
Lung,96,Pam1ug+IAV,cDC1,0.005996532666666667,0.0011840992434014605
Lung,96,Pam1ug+IAV,cDC2,4.952188333333333e-4,1.14519014187868e-4
Lung,96,Pam1ug+IAV,moDCs,0.006146138166666666,0.001261443511489051
Lung,96,Pam1ug+IAV,pDCs,0.011260788333333334,8.924689821654556e-4
Lung,96,Pam1ug+IAV+NTHi,B-cells,0.3991459943333333,0.023693777984132296
Lung,96,Pam1ug+IAV+NTHi,CD103+CD4+ T-cells,0.010959092333333333,0.001507497044076918
Lung,96,Pam1ug+IAV+NTHi,CD206+ Macrophages,0.005137791166666667,0.0014541916444233759
Lung,96,Pam1ug+IAV+NTHi,CD4+ T-cells,0.14787252816666666,0.00522904822000928
Lung,96,Pam1ug+IAV+NTHi,CD64+MHCII- Macrophages,0.004180680333333333,0.0010872257925205377
Lung,96,Pam1ug+IAV+NTHi,Drop,0.06126597316666667,0.003026079623102488
Lung,96,Pam1ug+IAV+NTHi,Ly6C(hi)CD64(hi) Monocytes,0.047281675833333335,0.0046888217000190325
Lung,96,Pam1ug+IAV+NTHi,Ly6C+ NK cells,0.055125420833333334,0.004575734307703887
Lung,96,Pam1ug+IAV+NTHi,Ly6C+CD8+ T-cells,0.0793023705,0.005647582338786494
Lung,96,Pam1ug+IAV+NTHi,Ly6C- NK cells,0.06651640516666667,0.004531819965303643
Lung,96,Pam1ug+IAV+NTHi,Ly6C-CD8+ T-cells,0.025727494833333333,0.004530254409100512
Lung,96,Pam1ug+IAV+NTHi,Monocytes,0.0155448735,0.00233060081852667
Lung,96,Pam1ug+IAV+NTHi,Neutrophils,0.021903494,0.003891870296438273
Lung,96,Pam1ug+IAV+NTHi,Unknown Myeloid,0.03613752666666667,0.0044473884269673565
Lung,96,Pam1ug+IAV+NTHi,cDC1,0.005996532666666667,0.0011840992434014605
Lung,96,Pam1ug+IAV+NTHi,cDC2,4.952188333333333e-4,1.14519014187868e-4
Lung,96,Pam1ug+IAV+NTHi,moDCs,0.006146138166666666,0.001261443511489051
Lung,96,Pam1ug+IAV+NTHi,pDCs,0.011260788333333334,8.924689821654556e-4
Lung,96,Pam1ug+NTHi,B-cells,0.4282228256666667,0.014017352920239416
Lung,96,Pam1ug+NTHi,CD103+CD4+ T-cells,0.013013796833333334,0.002372232959863434
Lung,96,Pam1ug+NTHi,CD206+ Macrophages,0.0079791035,0.0012501860517445328
Lung,96,Pam1ug+NTHi,CD4+ T-cells,0.17255514033333333,0.010752326782076431
Lung,96,Pam1ug+NTHi,CD64+MHCII- Macrophages,0.0025658676666666666,8.764838507170821e-4
Lung,96,Pam1ug+NTHi,Drop,0.04984985583333333,0.005382297032178593
Lung,96,Pam1ug+NTHi,Ly6C(hi)CD64(hi) Monocytes,0.020481813,0.0036825240839480377
Lung,96,Pam1ug+NTHi,Ly6C+ NK cells,0.0434271835,0.0041733006509844925
Lung,96,Pam1ug+NTHi,Ly6C+CD8+ T-cells,0.06067826366666667,0.002881468175623759
Lung,96,Pam1ug+NTHi,Ly6C- NK cells,0.05649093933333333,0.0032153935677315423
Lung,96,Pam1ug+NTHi,Ly6C-CD8+ T-cells,0.041389392500000004,0.0037379560252271634
Lung,96,Pam1ug+NTHi,Monocytes,0.012130562166666666,0.0012423712883580984
Lung,96,Pam1ug+NTHi,Neutrophils,0.0142911795,0.0035020029813435985
Lung,96,Pam1ug+NTHi,Unknown Myeloid,0.04711561216666667,0.0031491652151385495
Lung,96,Pam1ug+NTHi,cDC1,0.006899608666666667,0.0015491567487489805
Lung,96,Pam1ug+NTHi,cDC2,0.001630074,1.821103242451308e-4
Lung,96,Pam1ug+NTHi,moDCs,0.013095182166666667,0.00229962390230799
Lung,96,Pam1ug+NTHi,pDCs,0.008183598833333333,0.001576769357739794
Lung,96,Saline,B-cells,0.428653409,0.01647553316923003
Lung,96,Saline,CD103+CD4+ T-cells,0.0072775286666666664,3.338762414426106e-4
Lung,96,Saline,CD206+ Macrophages,0.004884416,7.921227467905464e-4
Lung,96,Saline,CD4+ T-cells,0.192936822,0.008316798764746183
Lung,96,Saline,CD64+MHCII- Macrophages,6.360293333333334e-4,1.212810195393785e-4
Lung,96,Saline,Drop,0.046741676,0.002666057421382656
Lung,96,Saline,Ly6C(hi)CD64(hi) Monocytes,0.019950738833333332,0.002834931731218425
Lung,96,Saline,Ly6C+ NK cells,0.049414292,0.005398212131261306
Lung,96,Saline,Ly6C+CD8+ T-cells,0.05818538733333334,0.0032916628358866254
Lung,96,Saline,Ly6C- NK cells,0.058271306,0.005171805643877814
Lung,96,Saline,Ly6C-CD8+ T-cells,0.046296216,0.006238230544418169
Lung,96,Saline,Monocytes,0.013095526833333333,0.001277626831326305
Lung,96,Saline,Neutrophils,0.009001183500000001,0.0015021166843178942
Lung,96,Saline,Unknown Myeloid,0.03906047916666667,0.002796543819837663
Lung,96,Saline,cDC1,0.003394561,3.941424407760897e-4
Lung,96,Saline,cDC2,0.0012325146666666666,1.2945541101518743e-4
Lung,96,Saline,moDCs,0.015116704666666666,0.002295508830017297
Lung,96,Saline,pDCs,0.005851208666666666,5.48967181734371e-4
Lung,96,Saline+IAV,B-cells,0.3876614561666667,0.03022239325234414
Lung,96,Saline+IAV,CD103+CD4+ T-cells,0.0096851665,0.001043776582443253
Lung,96,Saline+IAV,CD206+ Macrophages,0.003059284166666667,4.466299311167592e-4
Lung,96,Saline+IAV,CD4+ T-cells,0.16098419,0.0034157378389563426
Lung,96,Saline+IAV,CD64+MHCII- Macrophages,0.002777665166666667,4.423678188289633e-4
Lung,96,Saline+IAV,Drop,0.06055666566666666,0.004549721812703583
Lung,96,Saline+IAV,Ly6C(hi)CD64(hi) Monocytes,0.050553124166666664,0.006268707223101632
Lung,96,Saline+IAV,Ly6C+ NK cells,0.06281164083333333,0.007268340243248421
Lung,96,Saline+IAV,Ly6C+CD8+ T-cells,0.087865753,0.004379271895752893
Lung,96,Saline+IAV,Ly6C- NK cells,0.06832244666666668,0.00436355195391657
Lung,96,Saline+IAV,Ly6C-CD8+ T-cells,0.0225981005,0.0015655621442831915
Lung,96,Saline+IAV,Monocytes,0.015524644666666667,0.001913290558271877
Lung,96,Saline+IAV,Neutrophils,0.0180041835,0.004517820127975318
Lung,96,Saline+IAV,Unknown Myeloid,0.027319859000000002,0.001946714198129813
Lung,96,Saline+IAV,cDC1,0.003919191,4.840583270323251e-4
Lung,96,Saline+IAV,cDC2,2.9589566666666665e-4,2.3151629629706658e-5
Lung,96,Saline+IAV,moDCs,0.005439657,0.0010724931460162034
Lung,96,Saline+IAV,pDCs,0.012621076333333333,0.0010395145350011758
Lung,96,Saline+IAV+NTHi,B-cells,0.3876614561666667,0.03022239325234414
Lung,96,Saline+IAV+NTHi,CD103+CD4+ T-cells,0.0096851665,0.001043776582443253
Lung,96,Saline+IAV+NTHi,CD206+ Macrophages,0.003059284166666667,4.466299311167592e-4
Lung,96,Saline+IAV+NTHi,CD4+ T-cells,0.16098419,0.0034157378389563426
Lung,96,Saline+IAV+NTHi,CD64+MHCII- Macrophages,0.002777665166666667,4.423678188289633e-4
Lung,96,Saline+IAV+NTHi,Drop,0.06055666566666666,0.004549721812703583
Lung,96,Saline+IAV+NTHi,Ly6C(hi)CD64(hi) Monocytes,0.050553124166666664,0.006268707223101632
Lung,96,Saline+IAV+NTHi,Ly6C+ NK cells,0.06281164083333333,0.007268340243248421
Lung,96,Saline+IAV+NTHi,Ly6C+CD8+ T-cells,0.087865753,0.004379271895752893
Lung,96,Saline+IAV+NTHi,Ly6C- NK cells,0.06832244666666668,0.00436355195391657
Lung,96,Saline+IAV+NTHi,Ly6C-CD8+ T-cells,0.0225981005,0.0015655621442831915
Lung,96,Saline+IAV+NTHi,Monocytes,0.015524644666666667,0.001913290558271877
Lung,96,Saline+IAV+NTHi,Neutrophils,0.0180041835,0.004517820127975318
Lung,96,Saline+IAV+NTHi,Unknown Myeloid,0.027319859000000002,0.001946714198129813
Lung,96,Saline+IAV+NTHi,cDC1,0.003919191,4.840583270323251e-4
Lung,96,Saline+IAV+NTHi,cDC2,2.9589566666666665e-4,2.3151629629706658e-5
Lung,96,Saline+IAV+NTHi,moDCs,0.005439657,0.0010724931460162034
Lung,96,Saline+IAV+NTHi,pDCs,0.012621076333333333,0.0010395145350011758
Lung,96,Saline+NTHi,B-cells,0.428653409,0.01647553316923003
Lung,96,Saline+NTHi,CD103+CD4+ T-cells,0.0072775286666666664,3.338762414426106e-4
Lung,96,Saline+NTHi,CD206+ Macrophages,0.004884416,7.921227467905464e-4
Lung,96,Saline+NTHi,CD4+ T-cells,0.192936822,0.008316798764746183
Lung,96,Saline+NTHi,CD64+MHCII- Macrophages,6.360293333333334e-4,1.212810195393785e-4
Lung,96,Saline+NTHi,Drop,0.046741676,0.002666057421382656
Lung,96,Saline+NTHi,Ly6C(hi)CD64(hi) Monocytes,0.019950738833333332,0.002834931731218425
Lung,96,Saline+NTHi,Ly6C+ NK cells,0.049414292,0.005398212131261306
Lung,96,Saline+NTHi,Ly6C+CD8+ T-cells,0.05818538733333334,0.0032916628358866254
Lung,96,Saline+NTHi,Ly6C- NK cells,0.058271306,0.005171805643877814
Lung,96,Saline+NTHi,Ly6C-CD8+ T-cells,0.046296216,0.006238230544418169
Lung,96,Saline+NTHi,Monocytes,0.013095526833333333,0.001277626831326305
Lung,96,Saline+NTHi,Neutrophils,0.009001183500000001,0.0015021166843178942
Lung,96,Saline+NTHi,Unknown Myeloid,0.03906047916666667,0.002796543819837663
Lung,96,Saline+NTHi,cDC1,0.003394561,3.941424407760897e-4
Lung,96,Saline+NTHi,cDC2,0.0012325146666666666,1.2945541101518743e-4
Lung,96,Saline+NTHi,moDCs,0.015116704666666666,0.002295508830017297
Lung,96,Saline+NTHi,pDCs,0.005851208666666666,5.48967181734371e-4
Lung,144,Hh,B-cells,0.325797717,0.029502596631078147
Lung,144,Hh,CD103+CD4+ T-cells,0.008560138833333333,2.6621944136963604e-4
Lung,144,Hh,CD206+ Macrophages,0.0036990315,5.510355554203224e-4
Lung,144,Hh,CD4+ T-cells,0.20505401683333332,0.02102788356826453
Lung,144,Hh,CD64+MHCII- Macrophages,3.7156388333333334e-4,8.474508402135751e-5
Lung,144,Hh,Drop,0.06510100866666667,0.004986006275929221
Lung,144,Hh,Ly6C(hi)CD64(hi) Monocytes,0.017535920666666666,0.002468638371669312
Lung,144,Hh,Ly6C+ NK cells,0.057973606,0.004204457978835561
Lung,144,Hh,Ly6C+CD8+ T-cells,0.06379541866666666,0.003986467709524106
Lung,144,Hh,Ly6C- NK cells,0.066973387,0.0038782797106469346
Lung,144,Hh,Ly6C-CD8+ T-cells,0.05308928216666667,0.009785436577951077
Lung,144,Hh,Monocytes,0.019415428833333335,0.003940003293491199
Lung,144,Hh,Neutrophils,0.023388391833333334,0.005154668724458761
Lung,144,Hh,Unknown Myeloid,0.048168161,0.006229179516024889
Lung,144,Hh,cDC1,0.0037662576666666666,4.4275190452032823e-4
Lung,144,Hh,cDC2,0.0014634603333333334,2.228176941812397e-4
Lung,144,Hh,moDCs,0.029822728,0.003791451856501394
Lung,144,Hh,pDCs,0.0060244815,3.9940563783399875e-4
Lung,144,Hh+IAV,B-cells,0.27820574583333335,0.027164484219278806
Lung,144,Hh+IAV,CD103+CD4+ T-cells,0.017761482166666665,0.0011585579218599139
Lung,144,Hh+IAV,CD206+ Macrophages,0.0076199575,6.23893480512646e-4
Lung,144,Hh+IAV,CD4+ T-cells,0.17155808916666668,0.015098612162729824
Lung,144,Hh+IAV,CD64+MHCII- Macrophages,0.005233783666666667,6.678918024345295e-4
Lung,144,Hh+IAV,Drop,0.0712980455,0.00586630879037442
Lung,144,Hh+IAV,Ly6C(hi)CD64(hi) Monocytes,0.07038933983333333,0.008469458447855863
Lung,144,Hh+IAV,Ly6C+ NK cells,0.0469106925,0.0034550158940317944
Lung,144,Hh+IAV,Ly6C+CD8+ T-cells,0.07538941033333334,0.003920260342909237
Lung,144,Hh+IAV,Ly6C- NK cells,0.0912999055,0.005755319880364066
Lung,144,Hh+IAV,Ly6C-CD8+ T-cells,0.020679889666666666,0.0024012894171127263
Lung,144,Hh+IAV,Monocytes,0.022192038,0.002319403965569215
Lung,144,Hh+IAV,Neutrophils,0.0462338775,0.009322201288905327
Lung,144,Hh+IAV,Unknown Myeloid,0.0447878685,0.004002103835336966
Lung,144,Hh+IAV,cDC1,0.006212059333333333,3.1057523202799756e-4
Lung,144,Hh+IAV,cDC2,5.568333333333333e-4,8.779060730118633e-5
Lung,144,Hh+IAV,moDCs,0.009668391833333333,7.128077272584999e-4
Lung,144,Hh+IAV,pDCs,0.0140025895,0.0013599216859844726
Lung,144,Hh+IAV+NTHi,B-cells,0.3348818986666667,0.026255959642766603
Lung,144,Hh+IAV+NTHi,CD103+CD4+ T-cells,0.015176521666666666,0.0016889872364888507
Lung,144,Hh+IAV+NTHi,CD206+ Macrophages,0.0052835481666666665,4.689970864196221e-4
Lung,144,Hh+IAV+NTHi,CD4+ T-cells,0.17218909066666666,0.005791945224275298
Lung,144,Hh+IAV+NTHi,CD64+MHCII- Macrophages,0.0031322336666666666,3.6507372211830194e-4
Lung,144,Hh+IAV+NTHi,Drop,0.06888245666666667,0.0030552603428230765
Lung,144,Hh+IAV+NTHi,Ly6C(hi)CD64(hi) Monocytes,0.042716525666666665,0.007076651102622402
Lung,144,Hh+IAV+NTHi,Ly6C+ NK cells,0.043961355,0.00370522446256882
Lung,144,Hh+IAV+NTHi,Ly6C+CD8+ T-cells,0.07851751283333333,0.004343117774667913
Lung,144,Hh+IAV+NTHi,Ly6C- NK cells,0.07948501216666667,0.004467896376580038
Lung,144,Hh+IAV+NTHi,Ly6C-CD8+ T-cells,0.0250418915,0.0032416128948772895
Lung,144,Hh+IAV+NTHi,Monocytes,0.01740553066666667,0.0019699500321839246
Lung,144,Hh+IAV+NTHi,Neutrophils,0.04778425533333333,0.017933030604376014
Lung,144,Hh+IAV+NTHi,Unknown Myeloid,0.03997082783333333,0.0026075163793272383
Lung,144,Hh+IAV+NTHi,cDC1,0.00521895,4.4996594363610836e-4
Lung,144,Hh+IAV+NTHi,cDC2,4.80312e-4,8.23906037490522e-5
Lung,144,Hh+IAV+NTHi,moDCs,0.008155442833333333,0.0011604789120261633
Lung,144,Hh+IAV+NTHi,pDCs,0.011716634666666666,0.0010510014949683837
Lung,144,Hh+NTHi,B-cells,0.36444249483333335,0.01351350621215168
Lung,144,Hh+NTHi,CD103+CD4+ T-cells,0.0132290445,0.0011623378619215028
Lung,144,Hh+NTHi,CD206+ Macrophages,0.006201099833333334,5.208711141237288e-4
Lung,144,Hh+NTHi,CD4+ T-cells,0.18178818400000002,0.00785202689135589
Lung,144,Hh+NTHi,CD64+MHCII- Macrophages,0.0012148355,2.8849776969799384e-4
Lung,144,Hh+NTHi,Drop,0.0622028025,0.006748570697548104
Lung,144,Hh+NTHi,Ly6C(hi)CD64(hi) Monocytes,0.019617141666666667,0.002540269455913023
Lung,144,Hh+NTHi,Ly6C+ NK cells,0.0537770065,0.002866597715442144
Lung,144,Hh+NTHi,Ly6C+CD8+ T-cells,0.060023382,0.0026700811982042164
Lung,144,Hh+NTHi,Ly6C- NK cells,0.06087278,0.003055605131434896
Lung,144,Hh+NTHi,Ly6C-CD8+ T-cells,0.040064448833333335,0.003736211260993133
Lung,144,Hh+NTHi,Monocytes,0.018451825833333334,0.0018298235271384947
Lung,144,Hh+NTHi,Neutrophils,0.0345235185,0.00831389896616697
Lung,144,Hh+NTHi,Unknown Myeloid,0.046931354,0.004529709801124469
Lung,144,Hh+NTHi,cDC1,0.005803829666666666,4.68509053484467e-4
Lung,144,Hh+NTHi,cDC2,0.0014138735000000001,1.942686500546344e-4
Lung,144,Hh+NTHi,moDCs,0.0206945065,0.005283222399952626
Lung,144,Hh+NTHi,pDCs,0.008747871833333334,0.0011394508495390348
Lung,144,Pam1ug,B-cells,0.3171843676666667,0.03129305845009715
Lung,144,Pam1ug,CD103+CD4+ T-cells,0.013546074833333333,0.0020521829023912304
Lung,144,Pam1ug,CD206+ Macrophages,0.007008151666666667,0.0011233642827203373
Lung,144,Pam1ug,CD4+ T-cells,0.19321609266666667,0.015610540527064095
Lung,144,Pam1ug,CD64+MHCII- Macrophages,0.0012520230000000001,4.499120326767593e-4
Lung,144,Pam1ug,Drop,0.0638385195,0.003985108010589364
Lung,144,Pam1ug,Ly6C(hi)CD64(hi) Monocytes,0.020094881000000002,0.003688633359121118
Lung,144,Pam1ug,Ly6C+ NK cells,0.046481334666666665,0.0035003077129039345
Lung,144,Pam1ug,Ly6C+CD8+ T-cells,0.06637105266666667,0.0028132265617508744
Lung,144,Pam1ug,Ly6C- NK cells,0.0661538915,0.0027562787698074474
Lung,144,Pam1ug,Ly6C-CD8+ T-cells,0.05199420766666667,0.006706692214825724
Lung,144,Pam1ug,Monocytes,0.020611842166666665,0.003500949205515322
Lung,144,Pam1ug,Neutrophils,0.023158572333333332,0.007253076613028823
Lung,144,Pam1ug,Unknown Myeloid,0.052207117166666664,0.006605524396648927
Lung,144,Pam1ug,cDC1,0.007104578,0.0014947915749577263
Lung,144,Pam1ug,cDC2,0.002069994,2.433483463564115e-4
Lung,144,Pam1ug,moDCs,0.04130681,0.00814923821621517
Lung,144,Pam1ug,pDCs,0.006400489166666666,4.4306697232415597e-4
Lung,144,Pam1ug+IAV,B-cells,0.284985023,0.02804711130019313
Lung,144,Pam1ug+IAV,CD103+CD4+ T-cells,0.013805477833333333,0.001155612846452231
Lung,144,Pam1ug+IAV,CD206+ Macrophages,0.0076121895,0.0012694399455530183
Lung,144,Pam1ug+IAV,CD4+ T-cells,0.16454410816666667,0.011993152560517811
Lung,144,Pam1ug+IAV,CD64+MHCII- Macrophages,0.0039791286666666665,6.586588587993367e-4
Lung,144,Pam1ug+IAV,Drop,0.066887695,0.004994943923488519
Lung,144,Pam1ug+IAV,Ly6C(hi)CD64(hi) Monocytes,0.0674906895,0.009797164346961805
Lung,144,Pam1ug+IAV,Ly6C+ NK cells,0.040447423,0.0028490669716331467
Lung,144,Pam1ug+IAV,Ly6C+CD8+ T-cells,0.07596224533333333,0.004425742232113666
Lung,144,Pam1ug+IAV,Ly6C- NK cells,0.08205270349999999,0.004569597266700162
Lung,144,Pam1ug+IAV,Ly6C-CD8+ T-cells,0.030846480666666665,0.00643100142882602
Lung,144,Pam1ug+IAV,Monocytes,0.023701620666666666,0.0027345507714355167
Lung,144,Pam1ug+IAV,Neutrophils,0.061918993166666665,0.01457459165457191
Lung,144,Pam1ug+IAV,Unknown Myeloid,0.04435548,0.0050337268495705325
Lung,144,Pam1ug+IAV,cDC1,0.0055118028333333334,4.953433085760096e-4
Lung,144,Pam1ug+IAV,cDC2,6.076541666666667e-4,1.294796111971345e-4
Lung,144,Pam1ug+IAV,moDCs,0.013464877333333333,0.0029402257104083093
Lung,144,Pam1ug+IAV,pDCs,0.011826408,0.0010920562570621837
Lung,144,Pam1ug+IAV+NTHi,B-cells,0.33790522833333336,0.01905797979337214
Lung,144,Pam1ug+IAV+NTHi,CD103+CD4+ T-cells,0.014780569,0.0018661102721287224
Lung,144,Pam1ug+IAV+NTHi,CD206+ Macrophages,0.005989260166666667,0.0010210985668588325
Lung,144,Pam1ug+IAV+NTHi,CD4+ T-cells,0.15888860016666667,0.011060339006951605
Lung,144,Pam1ug+IAV+NTHi,CD64+MHCII- Macrophages,0.003408636,7.31473645744853e-4
Lung,144,Pam1ug+IAV+NTHi,Drop,0.068206691,0.0033505698084615705
Lung,144,Pam1ug+IAV+NTHi,Ly6C(hi)CD64(hi) Monocytes,0.0474614245,0.00412381340390056
Lung,144,Pam1ug+IAV+NTHi,Ly6C+ NK cells,0.0482639855,0.006427636525261868
Lung,144,Pam1ug+IAV+NTHi,Ly6C+CD8+ T-cells,0.0788948005,0.00548849050129618
Lung,144,Pam1ug+IAV+NTHi,Ly6C- NK cells,0.08074206483333334,0.008631889898211209
Lung,144,Pam1ug+IAV+NTHi,Ly6C-CD8+ T-cells,0.0252295245,0.0021044125823261426
Lung,144,Pam1ug+IAV+NTHi,Monocytes,0.020455673833333334,0.002867857437732722
Lung,144,Pam1ug+IAV+NTHi,Neutrophils,0.037892340499999996,0.006479312513754361
Lung,144,Pam1ug+IAV+NTHi,Unknown Myeloid,0.041861890166666665,0.0036530617107614575
Lung,144,Pam1ug+IAV+NTHi,cDC1,0.0058417316666666665,8.910684477123207e-4
Lung,144,Pam1ug+IAV+NTHi,cDC2,5.868558333333334e-4,9.444514230932038e-5
Lung,144,Pam1ug+IAV+NTHi,moDCs,0.0116856825,0.0017029963067267597
Lung,144,Pam1ug+IAV+NTHi,pDCs,0.011905041833333333,8.680728681264578e-4
Lung,144,Pam1ug+NTHi,B-cells,0.3157985918333333,0.02660448104079651
Lung,144,Pam1ug+NTHi,CD103+CD4+ T-cells,0.012837511333333333,0.0015380713882419256
Lung,144,Pam1ug+NTHi,CD206+ Macrophages,0.005705010333333333,6.967433746187888e-4
Lung,144,Pam1ug+NTHi,CD4+ T-cells,0.202631976,0.019193947028758745
Lung,144,Pam1ug+NTHi,CD64+MHCII- Macrophages,0.0014533756666666668,3.4300306902773403e-4
Lung,144,Pam1ug+NTHi,Drop,0.068491474,0.007156571183438249
Lung,144,Pam1ug+NTHi,Ly6C(hi)CD64(hi) Monocytes,0.020271059166666668,0.004015568791317609
Lung,144,Pam1ug+NTHi,Ly6C+ NK cells,0.049756792,0.0031493816643039427
Lung,144,Pam1ug+NTHi,Ly6C+CD8+ T-cells,0.069544311,0.0052573145600973
Lung,144,Pam1ug+NTHi,Ly6C- NK cells,0.06568742966666667,0.0038914005869909677
Lung,144,Pam1ug+NTHi,Ly6C-CD8+ T-cells,0.050118402166666666,0.005595057225228226
Lung,144,Pam1ug+NTHi,Monocytes,0.017377705833333333,0.0036939747215988315
Lung,144,Pam1ug+NTHi,Neutrophils,0.028977972666666667,0.003992175643238849
Lung,144,Pam1ug+NTHi,Unknown Myeloid,0.048676152,0.0027104547711224777
Lung,144,Pam1ug+NTHi,cDC1,0.006509233333333333,7.804765958864138e-4
Lung,144,Pam1ug+NTHi,cDC2,0.001672467,1.3079147516995644e-4
Lung,144,Pam1ug+NTHi,moDCs,0.026496254666666667,0.004245161342917893
Lung,144,Pam1ug+NTHi,pDCs,0.007994281333333334,0.0015027371546343176
Lung,144,Saline,B-cells,0.32044924383333334,0.0197004447999671
Lung,144,Saline,CD103+CD4+ T-cells,0.010826107833333333,0.0011687810407941947
Lung,144,Saline,CD206+ Macrophages,0.005115471333333333,8.696559922121954e-4
Lung,144,Saline,CD4+ T-cells,0.20605742733333332,0.01357682465209797
Lung,144,Saline,CD64+MHCII- Macrophages,4.3995595e-4,1.0725981571515572e-4
Lung,144,Saline,Drop,0.06413781166666667,0.005146835874929422
Lung,144,Saline,Ly6C(hi)CD64(hi) Monocytes,0.017919009,0.001899439206192379
Lung,144,Saline,Ly6C+ NK cells,0.0552212065,0.002699598802356266
Lung,144,Saline,Ly6C+CD8+ T-cells,0.069059188,0.0025804958459860632
Lung,144,Saline,Ly6C- NK cells,0.06357239283333334,0.0020846702850415523
Lung,144,Saline,Ly6C-CD8+ T-cells,0.04927208733333333,0.010585534458916423
Lung,144,Saline,Monocytes,0.020268826833333333,0.002450649106884928
Lung,144,Saline,Neutrophils,0.019570685833333334,0.0039008746279739917
Lung,144,Saline,Unknown Myeloid,0.0549509455,0.004161685796005835
Lung,144,Saline,cDC1,0.004540447833333333,8.029424725496184e-4
Lung,144,Saline,cDC2,0.001356266,1.6143361802280635e-4
Lung,144,Saline,moDCs,0.03132966,0.004914655281994775
Lung,144,Saline,pDCs,0.005913266833333333,4.693402029353845e-4
Lung,144,Saline+IAV,B-cells,0.2844464563333333,0.023018939056865296
Lung,144,Saline+IAV,CD103+CD4+ T-cells,0.0102906895,0.0018324852619723987
Lung,144,Saline+IAV,CD206+ Macrophages,0.0060652805,8.42172216605913e-4
Lung,144,Saline+IAV,CD4+ T-cells,0.1723218125,0.013586827943727644
Lung,144,Saline+IAV,CD64+MHCII- Macrophages,0.004837901833333333,8.634373733517452e-4
Lung,144,Saline+IAV,Drop,0.07357762633333334,0.0056243066503398895
Lung,144,Saline+IAV,Ly6C(hi)CD64(hi) Monocytes,0.07495141666666666,0.011257859447490243
Lung,144,Saline+IAV,Ly6C+ NK cells,0.043185803833333335,0.005283467015990955
Lung,144,Saline+IAV,Ly6C+CD8+ T-cells,0.07716692566666666,0.004470616782343311
Lung,144,Saline+IAV,Ly6C- NK cells,0.08869762083333334,0.01084451747589591
Lung,144,Saline+IAV,Ly6C-CD8+ T-cells,0.027994193833333333,0.005396587611981158
Lung,144,Saline+IAV,Monocytes,0.022668906333333332,0.002168072737188103
Lung,144,Saline+IAV,Neutrophils,0.04565264266666667,0.009244459095111072
Lung,144,Saline+IAV,Unknown Myeloid,0.042803273833333336,0.0045212869703805825
Lung,144,Saline+IAV,cDC1,0.0047225175000000005,6.484591046098821e-4
Lung,144,Saline+IAV,cDC2,4.963803333333333e-4,7.06146147945153e-5
Lung,144,Saline+IAV,moDCs,0.006212972166666666,9.389375321265137e-4
Lung,144,Saline+IAV,pDCs,0.013907578333333333,0.001996328099654658
Lung,144,Saline+IAV+NTHi,B-cells,0.327358675,0.018088454253439638
Lung,144,Saline+IAV+NTHi,CD103+CD4+ T-cells,0.0110167045,7.621663667080283e-4
Lung,144,Saline+IAV+NTHi,CD206+ Macrophages,0.005362260333333334,4.2421603856342404e-4
Lung,144,Saline+IAV+NTHi,CD4+ T-cells,0.17629564883333335,0.012681751917194135
Lung,144,Saline+IAV+NTHi,CD64+MHCII- Macrophages,0.0036131793333333334,3.920093259917564e-4
Lung,144,Saline+IAV+NTHi,Drop,0.0688952435,0.0041409480663257515
Lung,144,Saline+IAV+NTHi,Ly6C(hi)CD64(hi) Monocytes,0.042015894666666664,0.0015478554517667693
Lung,144,Saline+IAV+NTHi,Ly6C+ NK cells,0.04669622683333333,0.0040296556647536974
Lung,144,Saline+IAV+NTHi,Ly6C+CD8+ T-cells,0.08077366583333334,0.005749275463836005
Lung,144,Saline+IAV+NTHi,Ly6C- NK cells,0.0813380065,0.00474908966959466
Lung,144,Saline+IAV+NTHi,Ly6C-CD8+ T-cells,0.024175222166666666,0.002973932306448601
Lung,144,Saline+IAV+NTHi,Monocytes,0.016488299166666668,0.0012030513375624614
Lung,144,Saline+IAV+NTHi,Neutrophils,0.0533227645,0.011504827905019993
Lung,144,Saline+IAV+NTHi,Unknown Myeloid,0.038249651333333336,0.0012551109809426323
Lung,144,Saline+IAV+NTHi,cDC1,0.005054712166666667,1.2910207506114865e-4
Lung,144,Saline+IAV+NTHi,cDC2,5.097681666666666e-4,4.769329601486054e-5
Lung,144,Saline+IAV+NTHi,moDCs,0.007019826166666666,6.612914105099413e-4
Lung,144,Saline+IAV+NTHi,pDCs,0.011814251,0.001154665637699099
Lung,144,Saline+NTHi,B-cells,0.36659597083333334,0.024370203141000486
Lung,144,Saline+NTHi,CD103+CD4+ T-cells,0.010135462,0.0013886897936795676
Lung,144,Saline+NTHi,CD206+ Macrophages,0.0053191321666666664,4.708596014548582e-4
Lung,144,Saline+NTHi,CD4+ T-cells,0.17977510933333335,0.01204174750872832
Lung,144,Saline+NTHi,CD64+MHCII- Macrophages,0.0010676281666666667,3.040149878020728e-4
Lung,144,Saline+NTHi,Drop,0.06886733716666667,0.010434204727383056
Lung,144,Saline+NTHi,Ly6C(hi)CD64(hi) Monocytes,0.018526787833333336,0.0012433855204235843
Lung,144,Saline+NTHi,Ly6C+ NK cells,0.052724340833333334,0.004577398863344518
Lung,144,Saline+NTHi,Ly6C+CD8+ T-cells,0.06280167533333333,0.004134430701157477
Lung,144,Saline+NTHi,Ly6C- NK cells,0.05927062733333333,0.0017075947983997979
Lung,144,Saline+NTHi,Ly6C-CD8+ T-cells,0.04700634483333333,0.005499977077882013
Lung,144,Saline+NTHi,Monocytes,0.017598277833333332,0.002643121408467628
Lung,144,Saline+NTHi,Neutrophils,0.030891568166666664,0.005019987753704023
Lung,144,Saline+NTHi,Unknown Myeloid,0.046193664833333335,0.0026840819989719694
Lung,144,Saline+NTHi,cDC1,0.0049151801666666665,2.682860065941341e-4
Lung,144,Saline+NTHi,cDC2,0.0012108671666666666,1.6574706256410033e-4
Lung,144,Saline+NTHi,moDCs,0.019127142833333333,0.0032643585462038276
Lung,144,Saline+NTHi,pDCs,0.007972882833333333,5.494994859046681e-4
Nasal Tissue,2,Hh,B-cells,0.5936987158333333,0.0283770854111398
Nasal Tissue,2,Hh,CD103+CD4+ T-cells,0.0057796375,0.0010313279673759058
Nasal Tissue,2,Hh,CD206+ Macrophages,0.018214759666666667,0.0023754539432740804
Nasal Tissue,2,Hh,CD4+ T-cells,0.039172526666666665,0.013801048114228796
Nasal Tissue,2,Hh,CD64+MHCII- Macrophages,0.0039250468333333335,7.817541941290506e-4
Nasal Tissue,2,Hh,Drop,0.059290595,0.0027112770064909885
Nasal Tissue,2,Hh,Ly6C(hi)CD64(hi) Monocytes,0.037167058,0.007103039500959704
Nasal Tissue,2,Hh,Ly6C+ NK cells,0.0063950305,8.051172447631359e-4
Nasal Tissue,2,Hh,Ly6C+CD8+ T-cells,0.00804708,0.0025253231305108928
Nasal Tissue,2,Hh,Ly6C- NK cells,0.024572455833333333,0.0034860364807076665
Nasal Tissue,2,Hh,Ly6C-CD8+ T-cells,0.006171388999999999,0.0015731917363006965
Nasal Tissue,2,Hh,Monocytes,0.016560116666666666,0.0026052422112665032
Nasal Tissue,2,Hh,Neutrophils,0.12226928666666667,0.032480009359209305
Nasal Tissue,2,Hh,Unknown Myeloid,0.039094452333333335,0.0018689687781096949
Nasal Tissue,2,Hh,cDC1,0.001204315,2.323178573994403e-4
Nasal Tissue,2,Hh,cDC2,0.0010492665,1.0432528533733644e-4
Nasal Tissue,2,Hh,moDCs,3.073167e-4,7.739380778449483e-5
Nasal Tissue,2,Hh,pDCs,0.017080952333333333,0.0016815967793090522
Nasal Tissue,2,Hh+IAV,B-cells,0.5936987158333333,0.0283770854111398
Nasal Tissue,2,Hh+IAV,CD103+CD4+ T-cells,0.0057796375,0.0010313279673759058
Nasal Tissue,2,Hh+IAV,CD206+ Macrophages,0.018214759666666667,0.0023754539432740804
Nasal Tissue,2,Hh+IAV,CD4+ T-cells,0.039172526666666665,0.013801048114228796
Nasal Tissue,2,Hh+IAV,CD64+MHCII- Macrophages,0.0039250468333333335,7.817541941290506e-4
Nasal Tissue,2,Hh+IAV,Drop,0.059290595,0.0027112770064909885
Nasal Tissue,2,Hh+IAV,Ly6C(hi)CD64(hi) Monocytes,0.037167058,0.007103039500959704
Nasal Tissue,2,Hh+IAV,Ly6C+ NK cells,0.0063950305,8.051172447631359e-4
Nasal Tissue,2,Hh+IAV,Ly6C+CD8+ T-cells,0.00804708,0.0025253231305108928
Nasal Tissue,2,Hh+IAV,Ly6C- NK cells,0.024572455833333333,0.0034860364807076665
Nasal Tissue,2,Hh+IAV,Ly6C-CD8+ T-cells,0.006171388999999999,0.0015731917363006965
Nasal Tissue,2,Hh+IAV,Monocytes,0.016560116666666666,0.0026052422112665032
Nasal Tissue,2,Hh+IAV,Neutrophils,0.12226928666666667,0.032480009359209305
Nasal Tissue,2,Hh+IAV,Unknown Myeloid,0.039094452333333335,0.0018689687781096949
Nasal Tissue,2,Hh+IAV,cDC1,0.001204315,2.323178573994403e-4
Nasal Tissue,2,Hh+IAV,cDC2,0.0010492665,1.0432528533733644e-4
Nasal Tissue,2,Hh+IAV,moDCs,3.073167e-4,7.739380778449483e-5
Nasal Tissue,2,Hh+IAV,pDCs,0.017080952333333333,0.0016815967793090522
Nasal Tissue,2,Hh+IAV+NTHi,B-cells,0.5936987158333333,0.0283770854111398
Nasal Tissue,2,Hh+IAV+NTHi,CD103+CD4+ T-cells,0.0057796375,0.0010313279673759058
Nasal Tissue,2,Hh+IAV+NTHi,CD206+ Macrophages,0.018214759666666667,0.0023754539432740804
Nasal Tissue,2,Hh+IAV+NTHi,CD4+ T-cells,0.039172526666666665,0.013801048114228796
Nasal Tissue,2,Hh+IAV+NTHi,CD64+MHCII- Macrophages,0.0039250468333333335,7.817541941290506e-4
Nasal Tissue,2,Hh+IAV+NTHi,Drop,0.059290595,0.0027112770064909885
Nasal Tissue,2,Hh+IAV+NTHi,Ly6C(hi)CD64(hi) Monocytes,0.037167058,0.007103039500959704
Nasal Tissue,2,Hh+IAV+NTHi,Ly6C+ NK cells,0.0063950305,8.051172447631359e-4
Nasal Tissue,2,Hh+IAV+NTHi,Ly6C+CD8+ T-cells,0.00804708,0.0025253231305108928
Nasal Tissue,2,Hh+IAV+NTHi,Ly6C- NK cells,0.024572455833333333,0.0034860364807076665
Nasal Tissue,2,Hh+IAV+NTHi,Ly6C-CD8+ T-cells,0.006171388999999999,0.0015731917363006965
Nasal Tissue,2,Hh+IAV+NTHi,Monocytes,0.016560116666666666,0.0026052422112665032
Nasal Tissue,2,Hh+IAV+NTHi,Neutrophils,0.12226928666666667,0.032480009359209305
Nasal Tissue,2,Hh+IAV+NTHi,Unknown Myeloid,0.039094452333333335,0.0018689687781096949
Nasal Tissue,2,Hh+IAV+NTHi,cDC1,0.001204315,2.323178573994403e-4
Nasal Tissue,2,Hh+IAV+NTHi,cDC2,0.0010492665,1.0432528533733644e-4
Nasal Tissue,2,Hh+IAV+NTHi,moDCs,3.073167e-4,7.739380778449483e-5
Nasal Tissue,2,Hh+IAV+NTHi,pDCs,0.017080952333333333,0.0016815967793090522
Nasal Tissue,2,Hh+NTHi,B-cells,0.5936987158333333,0.0283770854111398
Nasal Tissue,2,Hh+NTHi,CD103+CD4+ T-cells,0.0057796375,0.0010313279673759058
Nasal Tissue,2,Hh+NTHi,CD206+ Macrophages,0.018214759666666667,0.0023754539432740804
Nasal Tissue,2,Hh+NTHi,CD4+ T-cells,0.039172526666666665,0.013801048114228796
Nasal Tissue,2,Hh+NTHi,CD64+MHCII- Macrophages,0.0039250468333333335,7.817541941290506e-4
Nasal Tissue,2,Hh+NTHi,Drop,0.059290595,0.0027112770064909885
Nasal Tissue,2,Hh+NTHi,Ly6C(hi)CD64(hi) Monocytes,0.037167058,0.007103039500959704
Nasal Tissue,2,Hh+NTHi,Ly6C+ NK cells,0.0063950305,8.051172447631359e-4
Nasal Tissue,2,Hh+NTHi,Ly6C+CD8+ T-cells,0.00804708,0.0025253231305108928
Nasal Tissue,2,Hh+NTHi,Ly6C- NK cells,0.024572455833333333,0.0034860364807076665
Nasal Tissue,2,Hh+NTHi,Ly6C-CD8+ T-cells,0.006171388999999999,0.0015731917363006965
Nasal Tissue,2,Hh+NTHi,Monocytes,0.016560116666666666,0.0026052422112665032
Nasal Tissue,2,Hh+NTHi,Neutrophils,0.12226928666666667,0.032480009359209305
Nasal Tissue,2,Hh+NTHi,Unknown Myeloid,0.039094452333333335,0.0018689687781096949
Nasal Tissue,2,Hh+NTHi,cDC1,0.001204315,2.323178573994403e-4
Nasal Tissue,2,Hh+NTHi,cDC2,0.0010492665,1.0432528533733644e-4
Nasal Tissue,2,Hh+NTHi,moDCs,3.073167e-4,7.739380778449483e-5
Nasal Tissue,2,Hh+NTHi,pDCs,0.017080952333333333,0.0016815967793090522
Nasal Tissue,2,Pam1ug,B-cells,0.509793251,0.0260787777274929
Nasal Tissue,2,Pam1ug,CD103+CD4+ T-cells,0.006753849166666667,8.600249290285881e-4
Nasal Tissue,2,Pam1ug,CD206+ Macrophages,0.0165614055,0.0021819600974321653
Nasal Tissue,2,Pam1ug,CD4+ T-cells,0.026175081166666666,0.009126976163999049
Nasal Tissue,2,Pam1ug,CD64+MHCII- Macrophages,0.0037602984999999998,9.989703364430048e-4
Nasal Tissue,2,Pam1ug,Drop,0.06541650516666667,0.0026017865762931105
Nasal Tissue,2,Pam1ug,Ly6C(hi)CD64(hi) Monocytes,0.047138050833333334,0.003145121754592079
Nasal Tissue,2,Pam1ug,Ly6C+ NK cells,0.0056635195,4.720641877714478e-4
Nasal Tissue,2,Pam1ug,Ly6C+CD8+ T-cells,0.0059949565,0.0014429710303264986
Nasal Tissue,2,Pam1ug,Ly6C- NK cells,0.024868670333333332,9.791992756312908e-4
Nasal Tissue,2,Pam1ug,Ly6C-CD8+ T-cells,0.0050565785,0.0011334392581444832
Nasal Tissue,2,Pam1ug,Monocytes,0.020809225166666667,0.0029658026215010715
Nasal Tissue,2,Pam1ug,Neutrophils,0.20078171,0.036281087076528024
Nasal Tissue,2,Pam1ug,Unknown Myeloid,0.04372698616666667,0.005658747520208794
Nasal Tissue,2,Pam1ug,cDC1,0.0014235223333333334,2.688528891827483e-4
Nasal Tissue,2,Pam1ug,cDC2,6.174473333333333e-4,8.683246951252995e-5
Nasal Tissue,2,Pam1ug,moDCs,4.4224844999999995e-4,1.7470777812200912e-4
Nasal Tissue,2,Pam1ug,pDCs,0.015016694333333334,7.597974022232362e-4
Nasal Tissue,2,Pam1ug+IAV,B-cells,0.509793251,0.0260787777274929
Nasal Tissue,2,Pam1ug+IAV,CD103+CD4+ T-cells,0.006753849166666667,8.600249290285881e-4
Nasal Tissue,2,Pam1ug+IAV,CD206+ Macrophages,0.0165614055,0.0021819600974321653
Nasal Tissue,2,Pam1ug+IAV,CD4+ T-cells,0.026175081166666666,0.009126976163999049
Nasal Tissue,2,Pam1ug+IAV,CD64+MHCII- Macrophages,0.0037602984999999998,9.989703364430048e-4
Nasal Tissue,2,Pam1ug+IAV,Drop,0.06541650516666667,0.0026017865762931105
Nasal Tissue,2,Pam1ug+IAV,Ly6C(hi)CD64(hi) Monocytes,0.047138050833333334,0.003145121754592079
Nasal Tissue,2,Pam1ug+IAV,Ly6C+ NK cells,0.0056635195,4.720641877714478e-4
Nasal Tissue,2,Pam1ug+IAV,Ly6C+CD8+ T-cells,0.0059949565,0.0014429710303264986
Nasal Tissue,2,Pam1ug+IAV,Ly6C- NK cells,0.024868670333333332,9.791992756312908e-4
Nasal Tissue,2,Pam1ug+IAV,Ly6C-CD8+ T-cells,0.0050565785,0.0011334392581444832
Nasal Tissue,2,Pam1ug+IAV,Monocytes,0.020809225166666667,0.0029658026215010715
Nasal Tissue,2,Pam1ug+IAV,Neutrophils,0.20078171,0.036281087076528024
Nasal Tissue,2,Pam1ug+IAV,Unknown Myeloid,0.04372698616666667,0.005658747520208794
Nasal Tissue,2,Pam1ug+IAV,cDC1,0.0014235223333333334,2.688528891827483e-4
Nasal Tissue,2,Pam1ug+IAV,cDC2,6.174473333333333e-4,8.683246951252995e-5
Nasal Tissue,2,Pam1ug+IAV,moDCs,4.4224844999999995e-4,1.7470777812200912e-4
Nasal Tissue,2,Pam1ug+IAV,pDCs,0.015016694333333334,7.597974022232362e-4
Nasal Tissue,2,Pam1ug+IAV+NTHi,B-cells,0.509793251,0.0260787777274929
Nasal Tissue,2,Pam1ug+IAV+NTHi,CD103+CD4+ T-cells,0.006753849166666667,8.600249290285881e-4
Nasal Tissue,2,Pam1ug+IAV+NTHi,CD206+ Macrophages,0.0165614055,0.0021819600974321653
Nasal Tissue,2,Pam1ug+IAV+NTHi,CD4+ T-cells,0.026175081166666666,0.009126976163999049
Nasal Tissue,2,Pam1ug+IAV+NTHi,CD64+MHCII- Macrophages,0.0037602984999999998,9.989703364430048e-4
Nasal Tissue,2,Pam1ug+IAV+NTHi,Drop,0.06541650516666667,0.0026017865762931105
Nasal Tissue,2,Pam1ug+IAV+NTHi,Ly6C(hi)CD64(hi) Monocytes,0.047138050833333334,0.003145121754592079
Nasal Tissue,2,Pam1ug+IAV+NTHi,Ly6C+ NK cells,0.0056635195,4.720641877714478e-4
Nasal Tissue,2,Pam1ug+IAV+NTHi,Ly6C+CD8+ T-cells,0.0059949565,0.0014429710303264986
Nasal Tissue,2,Pam1ug+IAV+NTHi,Ly6C- NK cells,0.024868670333333332,9.791992756312908e-4
Nasal Tissue,2,Pam1ug+IAV+NTHi,Ly6C-CD8+ T-cells,0.0050565785,0.0011334392581444832
Nasal Tissue,2,Pam1ug+IAV+NTHi,Monocytes,0.020809225166666667,0.0029658026215010715
Nasal Tissue,2,Pam1ug+IAV+NTHi,Neutrophils,0.20078171,0.036281087076528024
Nasal Tissue,2,Pam1ug+IAV+NTHi,Unknown Myeloid,0.04372698616666667,0.005658747520208794
Nasal Tissue,2,Pam1ug+IAV+NTHi,cDC1,0.0014235223333333334,2.688528891827483e-4
Nasal Tissue,2,Pam1ug+IAV+NTHi,cDC2,6.174473333333333e-4,8.683246951252995e-5
Nasal Tissue,2,Pam1ug+IAV+NTHi,moDCs,4.4224844999999995e-4,1.7470777812200912e-4
Nasal Tissue,2,Pam1ug+IAV+NTHi,pDCs,0.015016694333333334,7.597974022232362e-4
Nasal Tissue,2,Pam1ug+NTHi,B-cells,0.509793251,0.0260787777274929
Nasal Tissue,2,Pam1ug+NTHi,CD103+CD4+ T-cells,0.006753849166666667,8.600249290285881e-4
Nasal Tissue,2,Pam1ug+NTHi,CD206+ Macrophages,0.0165614055,0.0021819600974321653
Nasal Tissue,2,Pam1ug+NTHi,CD4+ T-cells,0.026175081166666666,0.009126976163999049
Nasal Tissue,2,Pam1ug+NTHi,CD64+MHCII- Macrophages,0.0037602984999999998,9.989703364430048e-4
Nasal Tissue,2,Pam1ug+NTHi,Drop,0.06541650516666667,0.0026017865762931105
Nasal Tissue,2,Pam1ug+NTHi,Ly6C(hi)CD64(hi) Monocytes,0.047138050833333334,0.003145121754592079
Nasal Tissue,2,Pam1ug+NTHi,Ly6C+ NK cells,0.0056635195,4.720641877714478e-4
Nasal Tissue,2,Pam1ug+NTHi,Ly6C+CD8+ T-cells,0.0059949565,0.0014429710303264986
Nasal Tissue,2,Pam1ug+NTHi,Ly6C- NK cells,0.024868670333333332,9.791992756312908e-4
Nasal Tissue,2,Pam1ug+NTHi,Ly6C-CD8+ T-cells,0.0050565785,0.0011334392581444832
Nasal Tissue,2,Pam1ug+NTHi,Monocytes,0.020809225166666667,0.0029658026215010715
Nasal Tissue,2,Pam1ug+NTHi,Neutrophils,0.20078171,0.036281087076528024
Nasal Tissue,2,Pam1ug+NTHi,Unknown Myeloid,0.04372698616666667,0.005658747520208794
Nasal Tissue,2,Pam1ug+NTHi,cDC1,0.0014235223333333334,2.688528891827483e-4
Nasal Tissue,2,Pam1ug+NTHi,cDC2,6.174473333333333e-4,8.683246951252995e-5
Nasal Tissue,2,Pam1ug+NTHi,moDCs,4.4224844999999995e-4,1.7470777812200912e-4
Nasal Tissue,2,Pam1ug+NTHi,pDCs,0.015016694333333334,7.597974022232362e-4
Nasal Tissue,2,Saline,B-cells,0.5809312326666667,0.029339531557170596
Nasal Tissue,2,Saline,CD103+CD4+ T-cells,0.0039258048333333335,4.999834591730288e-4
Nasal Tissue,2,Saline,CD206+ Macrophages,0.0216752795,0.002831868808458433
Nasal Tissue,2,Saline,CD4+ T-cells,0.027664519333333335,0.006564488219432965
Nasal Tissue,2,Saline,CD64+MHCII- Macrophages,0.0037790465,3.8878406364988347e-4
Nasal Tissue,2,Saline,Drop,0.05967591633333333,0.003542578735989022
Nasal Tissue,2,Saline,Ly6C(hi)CD64(hi) Monocytes,0.043746989666666666,0.003888500883380935
Nasal Tissue,2,Saline,Ly6C+ NK cells,0.004750884,7.937110813971292e-4
Nasal Tissue,2,Saline,Ly6C+CD8+ T-cells,0.005925104333333334,0.0013291310149063978
Nasal Tissue,2,Saline,Ly6C- NK cells,0.017466995666666665,0.0014835497119868207
Nasal Tissue,2,Saline,Ly6C-CD8+ T-cells,0.005603036,0.0011695554589634188
Nasal Tissue,2,Saline,Monocytes,0.018771275333333334,0.0023060482378344078
Nasal Tissue,2,Saline,Neutrophils,0.15759914466666666,0.031242582438300096
Nasal Tissue,2,Saline,Unknown Myeloid,0.031298543166666665,0.002899182858160789
Nasal Tissue,2,Saline,cDC1,9.954809999999999e-4,1.778027207341515e-4
Nasal Tissue,2,Saline,cDC2,7.215453333333334e-4,9.258302606549674e-5
Nasal Tissue,2,Saline,moDCs,2.812758e-4,4.684450833918528e-5
Nasal Tissue,2,Saline,pDCs,0.015234804666666667,9.2062424969393e-4
Nasal Tissue,2,Saline+IAV,B-cells,0.5809312326666667,0.029339531557170596
Nasal Tissue,2,Saline+IAV,CD103+CD4+ T-cells,0.0039258048333333335,4.999834591730288e-4
Nasal Tissue,2,Saline+IAV,CD206+ Macrophages,0.0216752795,0.002831868808458433
Nasal Tissue,2,Saline+IAV,CD4+ T-cells,0.027664519333333335,0.006564488219432965
Nasal Tissue,2,Saline+IAV,CD64+MHCII- Macrophages,0.0037790465,3.8878406364988347e-4
Nasal Tissue,2,Saline+IAV,Drop,0.05967591633333333,0.003542578735989022
Nasal Tissue,2,Saline+IAV,Ly6C(hi)CD64(hi) Monocytes,0.043746989666666666,0.003888500883380935
Nasal Tissue,2,Saline+IAV,Ly6C+ NK cells,0.004750884,7.937110813971292e-4
Nasal Tissue,2,Saline+IAV,Ly6C+CD8+ T-cells,0.005925104333333334,0.0013291310149063978
Nasal Tissue,2,Saline+IAV,Ly6C- NK cells,0.017466995666666665,0.0014835497119868207
Nasal Tissue,2,Saline+IAV,Ly6C-CD8+ T-cells,0.005603036,0.0011695554589634188
Nasal Tissue,2,Saline+IAV,Monocytes,0.018771275333333334,0.0023060482378344078
Nasal Tissue,2,Saline+IAV,Neutrophils,0.15759914466666666,0.031242582438300096
Nasal Tissue,2,Saline+IAV,Unknown Myeloid,0.031298543166666665,0.002899182858160789
Nasal Tissue,2,Saline+IAV,cDC1,9.954809999999999e-4,1.778027207341515e-4
Nasal Tissue,2,Saline+IAV,cDC2,7.215453333333334e-4,9.258302606549674e-5
Nasal Tissue,2,Saline+IAV,moDCs,2.812758e-4,4.684450833918528e-5
Nasal Tissue,2,Saline+IAV,pDCs,0.015234804666666667,9.2062424969393e-4
Nasal Tissue,2,Saline+IAV+NTHi,B-cells,0.5809312326666667,0.029339531557170596
Nasal Tissue,2,Saline+IAV+NTHi,CD103+CD4+ T-cells,0.0039258048333333335,4.999834591730288e-4
Nasal Tissue,2,Saline+IAV+NTHi,CD206+ Macrophages,0.0216752795,0.002831868808458433
Nasal Tissue,2,Saline+IAV+NTHi,CD4+ T-cells,0.027664519333333335,0.006564488219432965
Nasal Tissue,2,Saline+IAV+NTHi,CD64+MHCII- Macrophages,0.0037790465,3.8878406364988347e-4
Nasal Tissue,2,Saline+IAV+NTHi,Drop,0.05967591633333333,0.003542578735989022
Nasal Tissue,2,Saline+IAV+NTHi,Ly6C(hi)CD64(hi) Monocytes,0.043746989666666666,0.003888500883380935
Nasal Tissue,2,Saline+IAV+NTHi,Ly6C+ NK cells,0.004750884,7.937110813971292e-4
Nasal Tissue,2,Saline+IAV+NTHi,Ly6C+CD8+ T-cells,0.005925104333333334,0.0013291310149063978
Nasal Tissue,2,Saline+IAV+NTHi,Ly6C- NK cells,0.017466995666666665,0.0014835497119868207
Nasal Tissue,2,Saline+IAV+NTHi,Ly6C-CD8+ T-cells,0.005603036,0.0011695554589634188
Nasal Tissue,2,Saline+IAV+NTHi,Monocytes,0.018771275333333334,0.0023060482378344078
Nasal Tissue,2,Saline+IAV+NTHi,Neutrophils,0.15759914466666666,0.031242582438300096
Nasal Tissue,2,Saline+IAV+NTHi,Unknown Myeloid,0.031298543166666665,0.002899182858160789
Nasal Tissue,2,Saline+IAV+NTHi,cDC1,9.954809999999999e-4,1.778027207341515e-4
Nasal Tissue,2,Saline+IAV+NTHi,cDC2,7.215453333333334e-4,9.258302606549674e-5
Nasal Tissue,2,Saline+IAV+NTHi,moDCs,2.812758e-4,4.684450833918528e-5
Nasal Tissue,2,Saline+IAV+NTHi,pDCs,0.015234804666666667,9.2062424969393e-4
Nasal Tissue,2,Saline+NTHi,B-cells,0.5809312326666667,0.029339531557170596
Nasal Tissue,2,Saline+NTHi,CD103+CD4+ T-cells,0.0039258048333333335,4.999834591730288e-4
Nasal Tissue,2,Saline+NTHi,CD206+ Macrophages,0.0216752795,0.002831868808458433
Nasal Tissue,2,Saline+NTHi,CD4+ T-cells,0.027664519333333335,0.006564488219432965
Nasal Tissue,2,Saline+NTHi,CD64+MHCII- Macrophages,0.0037790465,3.8878406364988347e-4
Nasal Tissue,2,Saline+NTHi,Drop,0.05967591633333333,0.003542578735989022
Nasal Tissue,2,Saline+NTHi,Ly6C(hi)CD64(hi) Monocytes,0.043746989666666666,0.003888500883380935
Nasal Tissue,2,Saline+NTHi,Ly6C+ NK cells,0.004750884,7.937110813971292e-4
Nasal Tissue,2,Saline+NTHi,Ly6C+CD8+ T-cells,0.005925104333333334,0.0013291310149063978
Nasal Tissue,2,Saline+NTHi,Ly6C- NK cells,0.017466995666666665,0.0014835497119868207
Nasal Tissue,2,Saline+NTHi,Ly6C-CD8+ T-cells,0.005603036,0.0011695554589634188
Nasal Tissue,2,Saline+NTHi,Monocytes,0.018771275333333334,0.0023060482378344078
Nasal Tissue,2,Saline+NTHi,Neutrophils,0.15759914466666666,0.031242582438300096
Nasal Tissue,2,Saline+NTHi,Unknown Myeloid,0.031298543166666665,0.002899182858160789
Nasal Tissue,2,Saline+NTHi,cDC1,9.954809999999999e-4,1.778027207341515e-4
Nasal Tissue,2,Saline+NTHi,cDC2,7.215453333333334e-4,9.258302606549674e-5
Nasal Tissue,2,Saline+NTHi,moDCs,2.812758e-4,4.684450833918528e-5
Nasal Tissue,2,Saline+NTHi,pDCs,0.015234804666666667,9.2062424969393e-4
Nasal Tissue,6,Hh,B-cells,0.47949541500000004,0.030515685137376864
Nasal Tissue,6,Hh,CD103+CD4+ T-cells,0.005094101833333333,0.0013128455495922439
Nasal Tissue,6,Hh,CD206+ Macrophages,0.008856562333333333,0.0010018573507615963
Nasal Tissue,6,Hh,CD4+ T-cells,0.015847038833333334,0.0025510571029071253
Nasal Tissue,6,Hh,CD64+MHCII- Macrophages,0.0025735825,4.961688625318167e-4
Nasal Tissue,6,Hh,Drop,0.0469105035,0.003806314756207617
Nasal Tissue,6,Hh,Ly6C(hi)CD64(hi) Monocytes,0.0477418445,0.005645524473896538
Nasal Tissue,6,Hh,Ly6C+ NK cells,0.010952213166666667,0.0021281415361030297
Nasal Tissue,6,Hh,Ly6C+CD8+ T-cells,0.005265851,4.978172858477964e-4
Nasal Tissue,6,Hh,Ly6C- NK cells,0.028479847166666666,0.005295791690146926
Nasal Tissue,6,Hh,Ly6C-CD8+ T-cells,0.0038280998333333335,8.227605224684121e-4
Nasal Tissue,6,Hh,Monocytes,0.01943982316666667,0.0010883663871731621
Nasal Tissue,6,Hh,Neutrophils,0.27352133566666664,0.04338018528105447
Nasal Tissue,6,Hh,Unknown Myeloid,0.03552738783333333,0.006258467050090661
Nasal Tissue,6,Hh,cDC1,5.926612e-4,1.1283784608383837e-4
Nasal Tissue,6,Hh,cDC2,5.746628333333333e-4,1.01545553522025e-4
Nasal Tissue,6,Hh,moDCs,4.6161866e-4,2.2065044373985654e-4
Nasal Tissue,6,Hh,pDCs,0.015013163999999999,0.0028467151575203775
Nasal Tissue,6,Hh+IAV,B-cells,0.47949541500000004,0.030515685137376864
Nasal Tissue,6,Hh+IAV,CD103+CD4+ T-cells,0.005094101833333333,0.0013128455495922439
Nasal Tissue,6,Hh+IAV,CD206+ Macrophages,0.008856562333333333,0.0010018573507615963
Nasal Tissue,6,Hh+IAV,CD4+ T-cells,0.015847038833333334,0.0025510571029071253
Nasal Tissue,6,Hh+IAV,CD64+MHCII- Macrophages,0.0025735825,4.961688625318167e-4
Nasal Tissue,6,Hh+IAV,Drop,0.0469105035,0.003806314756207617
Nasal Tissue,6,Hh+IAV,Ly6C(hi)CD64(hi) Monocytes,0.0477418445,0.005645524473896538
Nasal Tissue,6,Hh+IAV,Ly6C+ NK cells,0.010952213166666667,0.0021281415361030297
Nasal Tissue,6,Hh+IAV,Ly6C+CD8+ T-cells,0.005265851,4.978172858477964e-4
Nasal Tissue,6,Hh+IAV,Ly6C- NK cells,0.028479847166666666,0.005295791690146926
Nasal Tissue,6,Hh+IAV,Ly6C-CD8+ T-cells,0.0038280998333333335,8.227605224684121e-4
Nasal Tissue,6,Hh+IAV,Monocytes,0.01943982316666667,0.0010883663871731621
Nasal Tissue,6,Hh+IAV,Neutrophils,0.27352133566666664,0.04338018528105447
Nasal Tissue,6,Hh+IAV,Unknown Myeloid,0.03552738783333333,0.006258467050090661
Nasal Tissue,6,Hh+IAV,cDC1,5.926612e-4,1.1283784608383837e-4
Nasal Tissue,6,Hh+IAV,cDC2,5.746628333333333e-4,1.01545553522025e-4
Nasal Tissue,6,Hh+IAV,moDCs,4.6161866e-4,2.2065044373985654e-4
Nasal Tissue,6,Hh+IAV,pDCs,0.015013163999999999,0.0028467151575203775
Nasal Tissue,6,Hh+IAV+NTHi,B-cells,0.47949541500000004,0.030515685137376864
Nasal Tissue,6,Hh+IAV+NTHi,CD103+CD4+ T-cells,0.005094101833333333,0.0013128455495922439
Nasal Tissue,6,Hh+IAV+NTHi,CD206+ Macrophages,0.008856562333333333,0.0010018573507615963
Nasal Tissue,6,Hh+IAV+NTHi,CD4+ T-cells,0.015847038833333334,0.0025510571029071253
Nasal Tissue,6,Hh+IAV+NTHi,CD64+MHCII- Macrophages,0.0025735825,4.961688625318167e-4
Nasal Tissue,6,Hh+IAV+NTHi,Drop,0.0469105035,0.003806314756207617
Nasal Tissue,6,Hh+IAV+NTHi,Ly6C(hi)CD64(hi) Monocytes,0.0477418445,0.005645524473896538
Nasal Tissue,6,Hh+IAV+NTHi,Ly6C+ NK cells,0.010952213166666667,0.0021281415361030297
Nasal Tissue,6,Hh+IAV+NTHi,Ly6C+CD8+ T-cells,0.005265851,4.978172858477964e-4
Nasal Tissue,6,Hh+IAV+NTHi,Ly6C- NK cells,0.028479847166666666,0.005295791690146926
Nasal Tissue,6,Hh+IAV+NTHi,Ly6C-CD8+ T-cells,0.0038280998333333335,8.227605224684121e-4
Nasal Tissue,6,Hh+IAV+NTHi,Monocytes,0.01943982316666667,0.0010883663871731621
Nasal Tissue,6,Hh+IAV+NTHi,Neutrophils,0.27352133566666664,0.04338018528105447
Nasal Tissue,6,Hh+IAV+NTHi,Unknown Myeloid,0.03552738783333333,0.006258467050090661
Nasal Tissue,6,Hh+IAV+NTHi,cDC1,5.926612e-4,1.1283784608383837e-4
Nasal Tissue,6,Hh+IAV+NTHi,cDC2,5.746628333333333e-4,1.01545553522025e-4
Nasal Tissue,6,Hh+IAV+NTHi,moDCs,4.6161866e-4,2.2065044373985654e-4
Nasal Tissue,6,Hh+IAV+NTHi,pDCs,0.015013163999999999,0.0028467151575203775
Nasal Tissue,6,Hh+NTHi,B-cells,0.47949541500000004,0.030515685137376864
Nasal Tissue,6,Hh+NTHi,CD103+CD4+ T-cells,0.005094101833333333,0.0013128455495922439
Nasal Tissue,6,Hh+NTHi,CD206+ Macrophages,0.008856562333333333,0.0010018573507615963
Nasal Tissue,6,Hh+NTHi,CD4+ T-cells,0.015847038833333334,0.0025510571029071253
Nasal Tissue,6,Hh+NTHi,CD64+MHCII- Macrophages,0.0025735825,4.961688625318167e-4
Nasal Tissue,6,Hh+NTHi,Drop,0.0469105035,0.003806314756207617
Nasal Tissue,6,Hh+NTHi,Ly6C(hi)CD64(hi) Monocytes,0.0477418445,0.005645524473896538
Nasal Tissue,6,Hh+NTHi,Ly6C+ NK cells,0.010952213166666667,0.0021281415361030297
Nasal Tissue,6,Hh+NTHi,Ly6C+CD8+ T-cells,0.005265851,4.978172858477964e-4
Nasal Tissue,6,Hh+NTHi,Ly6C- NK cells,0.028479847166666666,0.005295791690146926
Nasal Tissue,6,Hh+NTHi,Ly6C-CD8+ T-cells,0.0038280998333333335,8.227605224684121e-4
Nasal Tissue,6,Hh+NTHi,Monocytes,0.01943982316666667,0.0010883663871731621
Nasal Tissue,6,Hh+NTHi,Neutrophils,0.27352133566666664,0.04338018528105447
Nasal Tissue,6,Hh+NTHi,Unknown Myeloid,0.03552738783333333,0.006258467050090661
Nasal Tissue,6,Hh+NTHi,cDC1,5.926612e-4,1.1283784608383837e-4
Nasal Tissue,6,Hh+NTHi,cDC2,5.746628333333333e-4,1.01545553522025e-4
Nasal Tissue,6,Hh+NTHi,moDCs,4.6161866e-4,2.2065044373985654e-4
Nasal Tissue,6,Hh+NTHi,pDCs,0.015013163999999999,0.0028467151575203775
Nasal Tissue,6,Pam10ug,B-cells,0.44994668475,0.12906207797832506
Nasal Tissue,6,Pam10ug,CD103+CD4+ T-cells,0.00476830925,8.702267336572287e-4
Nasal Tissue,6,Pam10ug,CD206+ Macrophages,0.006334912,8.805469749194721e-4
Nasal Tissue,6,Pam10ug,CD4+ T-cells,0.0186433475,0.0052953683889543435
Nasal Tissue,6,Pam10ug,CD64+MHCII- Macrophages,0.001271027,1.2547012015283427e-4
Nasal Tissue,6,Pam10ug,Drop,0.04896334125,0.011150061405961205
Nasal Tissue,6,Pam10ug,Ly6C(hi)CD64(hi) Monocytes,0.03359963775,0.01215198736483276
Nasal Tissue,6,Pam10ug,Ly6C+ NK cells,0.0046061545,0.0015950517999637974
Nasal Tissue,6,Pam10ug,Ly6C+CD8+ T-cells,0.003994634,8.23240867943682e-4
Nasal Tissue,6,Pam10ug,Ly6C- NK cells,0.01831382325,0.004015411921069149
Nasal Tissue,6,Pam10ug,Ly6C-CD8+ T-cells,0.003974148,0.001237868168774917
Nasal Tissue,6,Pam10ug,Monocytes,0.013307325,0.001776887384326264
Nasal Tissue,6,Pam10ug,Neutrophils,0.34649674475,0.14977811140039288
Nasal Tissue,6,Pam10ug,Unknown Myeloid,0.0333619395,0.007715844404063979
Nasal Tissue,6,Pam10ug,cDC1,4.88143e-4,1.0672538279231734e-4
Nasal Tissue,6,Pam10ug,cDC2,3.7063374999999997e-4,1.0822611088470824e-4
Nasal Tissue,6,Pam10ug,moDCs,3.667874e-4,1.2407693661512333e-4
Nasal Tissue,6,Pam10ug,pDCs,0.01119240725,0.0027020411925051642
Nasal Tissue,6,Pam1ug,B-cells,0.5027460003333334,0.04376667865167304
Nasal Tissue,6,Pam1ug,CD103+CD4+ T-cells,0.0048243925,0.0012988537841234927
Nasal Tissue,6,Pam1ug,CD206+ Macrophages,0.0094915595,0.0011868119546539447
Nasal Tissue,6,Pam1ug,CD4+ T-cells,0.014226002666666666,0.002685761614826822
Nasal Tissue,6,Pam1ug,CD64+MHCII- Macrophages,0.0011894165,9.631534714736104e-5
Nasal Tissue,6,Pam1ug,Drop,0.048228694833333335,0.0032342325552586807
Nasal Tissue,6,Pam1ug,Ly6C(hi)CD64(hi) Monocytes,0.05350880166666667,0.005446247360554738
Nasal Tissue,6,Pam1ug,Ly6C+ NK cells,0.004989944166666666,7.391991556508262e-4
Nasal Tissue,6,Pam1ug,Ly6C+CD8+ T-cells,0.004070133666666666,4.385549705846591e-4
Nasal Tissue,6,Pam1ug,Ly6C- NK cells,0.018879964833333332,0.0013983259945132592
Nasal Tissue,6,Pam1ug,Ly6C-CD8+ T-cells,0.0042749611666666664,9.285292212141889e-4
Nasal Tissue,6,Pam1ug,Monocytes,0.03311251883333333,0.004244769457886002
Nasal Tissue,6,Pam1ug,Neutrophils,0.25002740183333333,0.04525997784421068
Nasal Tissue,6,Pam1ug,Unknown Myeloid,0.037012158333333336,0.003317494952211791
Nasal Tissue,6,Pam1ug,cDC1,3.260425e-4,7.425857791651637e-5
Nasal Tissue,6,Pam1ug,cDC2,4.618935e-4,1.0691969184540643e-4
Nasal Tissue,6,Pam1ug,moDCs,1.4488554e-4,6.816833863132943e-5
Nasal Tissue,6,Pam1ug,pDCs,0.012509375666666666,0.0017186830956991204
Nasal Tissue,6,Pam1ug+IAV,B-cells,0.5027460003333334,0.04376667865167304
Nasal Tissue,6,Pam1ug+IAV,CD103+CD4+ T-cells,0.0048243925,0.0012988537841234927
Nasal Tissue,6,Pam1ug+IAV,CD206+ Macrophages,0.0094915595,0.0011868119546539447
Nasal Tissue,6,Pam1ug+IAV,CD4+ T-cells,0.014226002666666666,0.002685761614826822
Nasal Tissue,6,Pam1ug+IAV,CD64+MHCII- Macrophages,0.0011894165,9.631534714736104e-5
Nasal Tissue,6,Pam1ug+IAV,Drop,0.048228694833333335,0.0032342325552586807
Nasal Tissue,6,Pam1ug+IAV,Ly6C(hi)CD64(hi) Monocytes,0.05350880166666667,0.005446247360554738
Nasal Tissue,6,Pam1ug+IAV,Ly6C+ NK cells,0.004989944166666666,7.391991556508262e-4
Nasal Tissue,6,Pam1ug+IAV,Ly6C+CD8+ T-cells,0.004070133666666666,4.385549705846591e-4
Nasal Tissue,6,Pam1ug+IAV,Ly6C- NK cells,0.018879964833333332,0.0013983259945132592
Nasal Tissue,6,Pam1ug+IAV,Ly6C-CD8+ T-cells,0.0042749611666666664,9.285292212141889e-4
Nasal Tissue,6,Pam1ug+IAV,Monocytes,0.03311251883333333,0.004244769457886002
Nasal Tissue,6,Pam1ug+IAV,Neutrophils,0.25002740183333333,0.04525997784421068
Nasal Tissue,6,Pam1ug+IAV,Unknown Myeloid,0.037012158333333336,0.003317494952211791
Nasal Tissue,6,Pam1ug+IAV,cDC1,3.260425e-4,7.425857791651637e-5
Nasal Tissue,6,Pam1ug+IAV,cDC2,4.618935e-4,1.0691969184540643e-4
Nasal Tissue,6,Pam1ug+IAV,moDCs,1.4488554e-4,6.816833863132943e-5
Nasal Tissue,6,Pam1ug+IAV,pDCs,0.012509375666666666,0.0017186830956991204
Nasal Tissue,6,Pam1ug+IAV+NTHi,B-cells,0.5027460003333334,0.04376667865167304
Nasal Tissue,6,Pam1ug+IAV+NTHi,CD103+CD4+ T-cells,0.0048243925,0.0012988537841234927
Nasal Tissue,6,Pam1ug+IAV+NTHi,CD206+ Macrophages,0.0094915595,0.0011868119546539447
Nasal Tissue,6,Pam1ug+IAV+NTHi,CD4+ T-cells,0.014226002666666666,0.002685761614826822
Nasal Tissue,6,Pam1ug+IAV+NTHi,CD64+MHCII- Macrophages,0.0011894165,9.631534714736104e-5
Nasal Tissue,6,Pam1ug+IAV+NTHi,Drop,0.048228694833333335,0.0032342325552586807
Nasal Tissue,6,Pam1ug+IAV+NTHi,Ly6C(hi)CD64(hi) Monocytes,0.05350880166666667,0.005446247360554738
Nasal Tissue,6,Pam1ug+IAV+NTHi,Ly6C+ NK cells,0.004989944166666666,7.391991556508262e-4
Nasal Tissue,6,Pam1ug+IAV+NTHi,Ly6C+CD8+ T-cells,0.004070133666666666,4.385549705846591e-4
Nasal Tissue,6,Pam1ug+IAV+NTHi,Ly6C- NK cells,0.018879964833333332,0.0013983259945132592
Nasal Tissue,6,Pam1ug+IAV+NTHi,Ly6C-CD8+ T-cells,0.0042749611666666664,9.285292212141889e-4
Nasal Tissue,6,Pam1ug+IAV+NTHi,Monocytes,0.03311251883333333,0.004244769457886002
Nasal Tissue,6,Pam1ug+IAV+NTHi,Neutrophils,0.25002740183333333,0.04525997784421068
Nasal Tissue,6,Pam1ug+IAV+NTHi,Unknown Myeloid,0.037012158333333336,0.003317494952211791
Nasal Tissue,6,Pam1ug+IAV+NTHi,cDC1,3.260425e-4,7.425857791651637e-5
Nasal Tissue,6,Pam1ug+IAV+NTHi,cDC2,4.618935e-4,1.0691969184540643e-4
Nasal Tissue,6,Pam1ug+IAV+NTHi,moDCs,1.4488554e-4,6.816833863132943e-5
Nasal Tissue,6,Pam1ug+IAV+NTHi,pDCs,0.012509375666666666,0.0017186830956991204
Nasal Tissue,6,Pam1ug+NTHi,B-cells,0.5027460003333334,0.04376667865167304
Nasal Tissue,6,Pam1ug+NTHi,CD103+CD4+ T-cells,0.0048243925,0.0012988537841234927
Nasal Tissue,6,Pam1ug+NTHi,CD206+ Macrophages,0.0094915595,0.0011868119546539447
Nasal Tissue,6,Pam1ug+NTHi,CD4+ T-cells,0.014226002666666666,0.002685761614826822
Nasal Tissue,6,Pam1ug+NTHi,CD64+MHCII- Macrophages,0.0011894165,9.631534714736104e-5
Nasal Tissue,6,Pam1ug+NTHi,Drop,0.048228694833333335,0.0032342325552586807
Nasal Tissue,6,Pam1ug+NTHi,Ly6C(hi)CD64(hi) Monocytes,0.05350880166666667,0.005446247360554738
Nasal Tissue,6,Pam1ug+NTHi,Ly6C+ NK cells,0.004989944166666666,7.391991556508262e-4
Nasal Tissue,6,Pam1ug+NTHi,Ly6C+CD8+ T-cells,0.004070133666666666,4.385549705846591e-4
Nasal Tissue,6,Pam1ug+NTHi,Ly6C- NK cells,0.018879964833333332,0.0013983259945132592
Nasal Tissue,6,Pam1ug+NTHi,Ly6C-CD8+ T-cells,0.0042749611666666664,9.285292212141889e-4
Nasal Tissue,6,Pam1ug+NTHi,Monocytes,0.03311251883333333,0.004244769457886002
Nasal Tissue,6,Pam1ug+NTHi,Neutrophils,0.25002740183333333,0.04525997784421068
Nasal Tissue,6,Pam1ug+NTHi,Unknown Myeloid,0.037012158333333336,0.003317494952211791
Nasal Tissue,6,Pam1ug+NTHi,cDC1,3.260425e-4,7.425857791651637e-5
Nasal Tissue,6,Pam1ug+NTHi,cDC2,4.618935e-4,1.0691969184540643e-4
Nasal Tissue,6,Pam1ug+NTHi,moDCs,1.4488554e-4,6.816833863132943e-5
Nasal Tissue,6,Pam1ug+NTHi,pDCs,0.012509375666666666,0.0017186830956991204
Nasal Tissue,6,Saline,B-cells,0.5112995378333334,0.022392994709992464
Nasal Tissue,6,Saline,CD103+CD4+ T-cells,0.003048637833333333,6.622216377890622e-4
Nasal Tissue,6,Saline,CD206+ Macrophages,0.0124622115,0.001637755828714398
Nasal Tissue,6,Saline,CD4+ T-cells,0.012349349499999999,0.0024654512638159877
Nasal Tissue,6,Saline,CD64+MHCII- Macrophages,0.0021531833333333335,5.233445116347145e-4
Nasal Tissue,6,Saline,Drop,0.05453821566666667,0.003680939580279785
Nasal Tissue,6,Saline,Ly6C(hi)CD64(hi) Monocytes,0.046464369666666665,0.001057805782456486
Nasal Tissue,6,Saline,Ly6C+ NK cells,0.004612397333333333,4.4360252737059313e-4
Nasal Tissue,6,Saline,Ly6C+CD8+ T-cells,0.0042513795,3.6150345469550266e-4
Nasal Tissue,6,Saline,Ly6C- NK cells,0.019569631,0.0030767029505321983
Nasal Tissue,6,Saline,Ly6C-CD8+ T-cells,0.00304234,4.785343078380067e-4
Nasal Tissue,6,Saline,Monocytes,0.018484346,0.0016656524001826233
Nasal Tissue,6,Saline,Neutrophils,0.2536557408333333,0.03399612956816324
Nasal Tissue,6,Saline,Unknown Myeloid,0.0355643285,0.0030650794546283875
Nasal Tissue,6,Saline,cDC1,7.161038333333334e-4,1.1139571340837633e-4
Nasal Tissue,6,Saline,cDC2,4.684275e-4,2.791223608115266e-5
Nasal Tissue,6,Saline,moDCs,2.719992166666667e-4,8.180141839508008e-5
Nasal Tissue,6,Saline,pDCs,0.017047800666666665,0.0015998045492085311
Nasal Tissue,6,Saline+IAV,B-cells,0.5112995378333334,0.022392994709992464
Nasal Tissue,6,Saline+IAV,CD103+CD4+ T-cells,0.003048637833333333,6.622216377890622e-4
Nasal Tissue,6,Saline+IAV,CD206+ Macrophages,0.0124622115,0.001637755828714398
Nasal Tissue,6,Saline+IAV,CD4+ T-cells,0.012349349499999999,0.0024654512638159877
Nasal Tissue,6,Saline+IAV,CD64+MHCII- Macrophages,0.0021531833333333335,5.233445116347145e-4
Nasal Tissue,6,Saline+IAV,Drop,0.05453821566666667,0.003680939580279785
Nasal Tissue,6,Saline+IAV,Ly6C(hi)CD64(hi) Monocytes,0.046464369666666665,0.001057805782456486
Nasal Tissue,6,Saline+IAV,Ly6C+ NK cells,0.004612397333333333,4.4360252737059313e-4
Nasal Tissue,6,Saline+IAV,Ly6C+CD8+ T-cells,0.0042513795,3.6150345469550266e-4
Nasal Tissue,6,Saline+IAV,Ly6C- NK cells,0.019569631,0.0030767029505321983
Nasal Tissue,6,Saline+IAV,Ly6C-CD8+ T-cells,0.00304234,4.785343078380067e-4
Nasal Tissue,6,Saline+IAV,Monocytes,0.018484346,0.0016656524001826233
Nasal Tissue,6,Saline+IAV,Neutrophils,0.2536557408333333,0.03399612956816324
Nasal Tissue,6,Saline+IAV,Unknown Myeloid,0.0355643285,0.0030650794546283875
Nasal Tissue,6,Saline+IAV,cDC1,7.161038333333334e-4,1.1139571340837633e-4
Nasal Tissue,6,Saline+IAV,cDC2,4.684275e-4,2.791223608115266e-5
Nasal Tissue,6,Saline+IAV,moDCs,2.719992166666667e-4,8.180141839508008e-5
Nasal Tissue,6,Saline+IAV,pDCs,0.017047800666666665,0.0015998045492085311
Nasal Tissue,6,Saline+IAV+NTHi,B-cells,0.5112995378333334,0.022392994709992464
Nasal Tissue,6,Saline+IAV+NTHi,CD103+CD4+ T-cells,0.003048637833333333,6.622216377890622e-4
Nasal Tissue,6,Saline+IAV+NTHi,CD206+ Macrophages,0.0124622115,0.001637755828714398
Nasal Tissue,6,Saline+IAV+NTHi,CD4+ T-cells,0.012349349499999999,0.0024654512638159877
Nasal Tissue,6,Saline+IAV+NTHi,CD64+MHCII- Macrophages,0.0021531833333333335,5.233445116347145e-4
Nasal Tissue,6,Saline+IAV+NTHi,Drop,0.05453821566666667,0.003680939580279785
Nasal Tissue,6,Saline+IAV+NTHi,Ly6C(hi)CD64(hi) Monocytes,0.046464369666666665,0.001057805782456486
Nasal Tissue,6,Saline+IAV+NTHi,Ly6C+ NK cells,0.004612397333333333,4.4360252737059313e-4
Nasal Tissue,6,Saline+IAV+NTHi,Ly6C+CD8+ T-cells,0.0042513795,3.6150345469550266e-4
Nasal Tissue,6,Saline+IAV+NTHi,Ly6C- NK cells,0.019569631,0.0030767029505321983
Nasal Tissue,6,Saline+IAV+NTHi,Ly6C-CD8+ T-cells,0.00304234,4.785343078380067e-4
Nasal Tissue,6,Saline+IAV+NTHi,Monocytes,0.018484346,0.0016656524001826233
Nasal Tissue,6,Saline+IAV+NTHi,Neutrophils,0.2536557408333333,0.03399612956816324
Nasal Tissue,6,Saline+IAV+NTHi,Unknown Myeloid,0.0355643285,0.0030650794546283875
Nasal Tissue,6,Saline+IAV+NTHi,cDC1,7.161038333333334e-4,1.1139571340837633e-4
Nasal Tissue,6,Saline+IAV+NTHi,cDC2,4.684275e-4,2.791223608115266e-5
Nasal Tissue,6,Saline+IAV+NTHi,moDCs,2.719992166666667e-4,8.180141839508008e-5
Nasal Tissue,6,Saline+IAV+NTHi,pDCs,0.017047800666666665,0.0015998045492085311
Nasal Tissue,6,Saline+NTHi,B-cells,0.5112995378333334,0.022392994709992464
Nasal Tissue,6,Saline+NTHi,CD103+CD4+ T-cells,0.003048637833333333,6.622216377890622e-4
Nasal Tissue,6,Saline+NTHi,CD206+ Macrophages,0.0124622115,0.001637755828714398
Nasal Tissue,6,Saline+NTHi,CD4+ T-cells,0.012349349499999999,0.0024654512638159877
Nasal Tissue,6,Saline+NTHi,CD64+MHCII- Macrophages,0.0021531833333333335,5.233445116347145e-4
Nasal Tissue,6,Saline+NTHi,Drop,0.05453821566666667,0.003680939580279785
Nasal Tissue,6,Saline+NTHi,Ly6C(hi)CD64(hi) Monocytes,0.046464369666666665,0.001057805782456486
Nasal Tissue,6,Saline+NTHi,Ly6C+ NK cells,0.004612397333333333,4.4360252737059313e-4
Nasal Tissue,6,Saline+NTHi,Ly6C+CD8+ T-cells,0.0042513795,3.6150345469550266e-4
Nasal Tissue,6,Saline+NTHi,Ly6C- NK cells,0.019569631,0.0030767029505321983
Nasal Tissue,6,Saline+NTHi,Ly6C-CD8+ T-cells,0.00304234,4.785343078380067e-4
Nasal Tissue,6,Saline+NTHi,Monocytes,0.018484346,0.0016656524001826233
Nasal Tissue,6,Saline+NTHi,Neutrophils,0.2536557408333333,0.03399612956816324
Nasal Tissue,6,Saline+NTHi,Unknown Myeloid,0.0355643285,0.0030650794546283875
Nasal Tissue,6,Saline+NTHi,cDC1,7.161038333333334e-4,1.1139571340837633e-4
Nasal Tissue,6,Saline+NTHi,cDC2,4.684275e-4,2.791223608115266e-5
Nasal Tissue,6,Saline+NTHi,moDCs,2.719992166666667e-4,8.180141839508008e-5
Nasal Tissue,6,Saline+NTHi,pDCs,0.017047800666666665,0.0015998045492085311
Nasal Tissue,24,Hh,B-cells,0.4835379115,0.059031175393403565
Nasal Tissue,24,Hh,CD103+CD4+ T-cells,0.004148229,7.169746744368777e-4
Nasal Tissue,24,Hh,CD206+ Macrophages,0.013229976666666667,9.086096055223301e-4
Nasal Tissue,24,Hh,CD4+ T-cells,0.015247831833333333,0.0031554873384682693
Nasal Tissue,24,Hh,CD64+MHCII- Macrophages,0.005482079666666667,0.0011108863521726146
Nasal Tissue,24,Hh,Drop,0.051427894,0.0023509896578575162
Nasal Tissue,24,Hh,Ly6C(hi)CD64(hi) Monocytes,0.0651219305,0.01748592599392558
Nasal Tissue,24,Hh,Ly6C+ NK cells,0.0053918325,3.208640062449874e-4
Nasal Tissue,24,Hh,Ly6C+CD8+ T-cells,0.0061948565,7.809008908257926e-4
Nasal Tissue,24,Hh,Ly6C- NK cells,0.020317940666666666,0.0011206225637534007
Nasal Tissue,24,Hh,Ly6C-CD8+ T-cells,0.004847203,0.0010981846749121328
Nasal Tissue,24,Hh,Monocytes,0.0201304235,0.004651879735367585
Nasal Tissue,24,Hh,Neutrophils,0.2464092345,0.04454040909868677
Nasal Tissue,24,Hh,Unknown Myeloid,0.037110194166666666,0.002752684352825564
Nasal Tissue,24,Hh,cDC1,0.0010932456666666666,1.2755689131146322e-4
Nasal Tissue,24,Hh,cDC2,7.481788333333334e-4,1.589263666652824e-4
Nasal Tissue,24,Hh,moDCs,2.4357248333333332e-4,9.414419962971843e-5
Nasal Tissue,24,Hh,pDCs,0.019317464833333332,0.001049650223956769
Nasal Tissue,24,Hh+IAV,B-cells,0.4835379115,0.059031175393403565
Nasal Tissue,24,Hh+IAV,CD103+CD4+ T-cells,0.004148229,7.169746744368777e-4
Nasal Tissue,24,Hh+IAV,CD206+ Macrophages,0.013229976666666667,9.086096055223301e-4
Nasal Tissue,24,Hh+IAV,CD4+ T-cells,0.015247831833333333,0.0031554873384682693
Nasal Tissue,24,Hh+IAV,CD64+MHCII- Macrophages,0.005482079666666667,0.0011108863521726146
Nasal Tissue,24,Hh+IAV,Drop,0.051427894,0.0023509896578575162
Nasal Tissue,24,Hh+IAV,Ly6C(hi)CD64(hi) Monocytes,0.0651219305,0.01748592599392558
Nasal Tissue,24,Hh+IAV,Ly6C+ NK cells,0.0053918325,3.208640062449874e-4
Nasal Tissue,24,Hh+IAV,Ly6C+CD8+ T-cells,0.0061948565,7.809008908257926e-4
Nasal Tissue,24,Hh+IAV,Ly6C- NK cells,0.020317940666666666,0.0011206225637534007
Nasal Tissue,24,Hh+IAV,Ly6C-CD8+ T-cells,0.004847203,0.0010981846749121328
Nasal Tissue,24,Hh+IAV,Monocytes,0.0201304235,0.004651879735367585
Nasal Tissue,24,Hh+IAV,Neutrophils,0.2464092345,0.04454040909868677
Nasal Tissue,24,Hh+IAV,Unknown Myeloid,0.037110194166666666,0.002752684352825564
Nasal Tissue,24,Hh+IAV,cDC1,0.0010932456666666666,1.2755689131146322e-4
Nasal Tissue,24,Hh+IAV,cDC2,7.481788333333334e-4,1.589263666652824e-4
Nasal Tissue,24,Hh+IAV,moDCs,2.4357248333333332e-4,9.414419962971843e-5
Nasal Tissue,24,Hh+IAV,pDCs,0.019317464833333332,0.001049650223956769
Nasal Tissue,24,Hh+IAV+NTHi,B-cells,0.4835379115,0.059031175393403565
Nasal Tissue,24,Hh+IAV+NTHi,CD103+CD4+ T-cells,0.004148229,7.169746744368777e-4
Nasal Tissue,24,Hh+IAV+NTHi,CD206+ Macrophages,0.013229976666666667,9.086096055223301e-4
Nasal Tissue,24,Hh+IAV+NTHi,CD4+ T-cells,0.015247831833333333,0.0031554873384682693
Nasal Tissue,24,Hh+IAV+NTHi,CD64+MHCII- Macrophages,0.005482079666666667,0.0011108863521726146
Nasal Tissue,24,Hh+IAV+NTHi,Drop,0.051427894,0.0023509896578575162
Nasal Tissue,24,Hh+IAV+NTHi,Ly6C(hi)CD64(hi) Monocytes,0.0651219305,0.01748592599392558
Nasal Tissue,24,Hh+IAV+NTHi,Ly6C+ NK cells,0.0053918325,3.208640062449874e-4
Nasal Tissue,24,Hh+IAV+NTHi,Ly6C+CD8+ T-cells,0.0061948565,7.809008908257926e-4
Nasal Tissue,24,Hh+IAV+NTHi,Ly6C- NK cells,0.020317940666666666,0.0011206225637534007
Nasal Tissue,24,Hh+IAV+NTHi,Ly6C-CD8+ T-cells,0.004847203,0.0010981846749121328
Nasal Tissue,24,Hh+IAV+NTHi,Monocytes,0.0201304235,0.004651879735367585
Nasal Tissue,24,Hh+IAV+NTHi,Neutrophils,0.2464092345,0.04454040909868677
Nasal Tissue,24,Hh+IAV+NTHi,Unknown Myeloid,0.037110194166666666,0.002752684352825564
Nasal Tissue,24,Hh+IAV+NTHi,cDC1,0.0010932456666666666,1.2755689131146322e-4
Nasal Tissue,24,Hh+IAV+NTHi,cDC2,7.481788333333334e-4,1.589263666652824e-4
Nasal Tissue,24,Hh+IAV+NTHi,moDCs,2.4357248333333332e-4,9.414419962971843e-5
Nasal Tissue,24,Hh+IAV+NTHi,pDCs,0.019317464833333332,0.001049650223956769
Nasal Tissue,24,Hh+NTHi,B-cells,0.4835379115,0.059031175393403565
Nasal Tissue,24,Hh+NTHi,CD103+CD4+ T-cells,0.004148229,7.169746744368777e-4
Nasal Tissue,24,Hh+NTHi,CD206+ Macrophages,0.013229976666666667,9.086096055223301e-4
Nasal Tissue,24,Hh+NTHi,CD4+ T-cells,0.015247831833333333,0.0031554873384682693
Nasal Tissue,24,Hh+NTHi,CD64+MHCII- Macrophages,0.005482079666666667,0.0011108863521726146
Nasal Tissue,24,Hh+NTHi,Drop,0.051427894,0.0023509896578575162
Nasal Tissue,24,Hh+NTHi,Ly6C(hi)CD64(hi) Monocytes,0.0651219305,0.01748592599392558
Nasal Tissue,24,Hh+NTHi,Ly6C+ NK cells,0.0053918325,3.208640062449874e-4
Nasal Tissue,24,Hh+NTHi,Ly6C+CD8+ T-cells,0.0061948565,7.809008908257926e-4
Nasal Tissue,24,Hh+NTHi,Ly6C- NK cells,0.020317940666666666,0.0011206225637534007
Nasal Tissue,24,Hh+NTHi,Ly6C-CD8+ T-cells,0.004847203,0.0010981846749121328
Nasal Tissue,24,Hh+NTHi,Monocytes,0.0201304235,0.004651879735367585
Nasal Tissue,24,Hh+NTHi,Neutrophils,0.2464092345,0.04454040909868677
Nasal Tissue,24,Hh+NTHi,Unknown Myeloid,0.037110194166666666,0.002752684352825564
Nasal Tissue,24,Hh+NTHi,cDC1,0.0010932456666666666,1.2755689131146322e-4
Nasal Tissue,24,Hh+NTHi,cDC2,7.481788333333334e-4,1.589263666652824e-4
Nasal Tissue,24,Hh+NTHi,moDCs,2.4357248333333332e-4,9.414419962971843e-5
Nasal Tissue,24,Hh+NTHi,pDCs,0.019317464833333332,0.001049650223956769
Nasal Tissue,24,Pam10ug,B-cells,0.46063457575,0.12274199851285603
Nasal Tissue,24,Pam10ug,CD103+CD4+ T-cells,0.012331705,0.003238512219022211
Nasal Tissue,24,Pam10ug,CD206+ Macrophages,0.0125397355,6.257010463340966e-4
Nasal Tissue,24,Pam10ug,CD4+ T-cells,0.01882599325,0.001237376996333937
Nasal Tissue,24,Pam10ug,CD64+MHCII- Macrophages,0.017383390500000002,0.008690600029236575
Nasal Tissue,24,Pam10ug,Drop,0.048910178,0.0026138303364492696
Nasal Tissue,24,Pam10ug,Ly6C(hi)CD64(hi) Monocytes,0.056950076749999995,0.02895300423842588
Nasal Tissue,24,Pam10ug,Ly6C+ NK cells,0.0073724705000000005,0.0016915039869098004
Nasal Tissue,24,Pam10ug,Ly6C+CD8+ T-cells,0.00514092875,7.062005779252066e-4
Nasal Tissue,24,Pam10ug,Ly6C- NK cells,0.028478287999999997,0.0035162950497739085
Nasal Tissue,24,Pam10ug,Ly6C-CD8+ T-cells,0.00483261975,9.322472943273846e-4
Nasal Tissue,24,Pam10ug,Monocytes,0.03755466825,0.004003616070733668
Nasal Tissue,24,Pam10ug,Neutrophils,0.21984187875,0.08678716652962123
Nasal Tissue,24,Pam10ug,Unknown Myeloid,0.049625183,0.004075058552025849
Nasal Tissue,24,Pam10ug,cDC1,8.218254999999999e-4,1.7008935689635804e-4
Nasal Tissue,24,Pam10ug,cDC2,0.00188261625,4.4921100378670877e-4
Nasal Tissue,24,Pam10ug,moDCs,1.329337e-4,7.089785502685065e-5
Nasal Tissue,24,Pam10ug,pDCs,0.01674093325,9.4774514237596e-4
Nasal Tissue,24,Pam1ug,B-cells,0.46887881600000003,0.018261363583336344
Nasal Tissue,24,Pam1ug,CD103+CD4+ T-cells,0.011892918166666665,0.005599638315633909
Nasal Tissue,24,Pam1ug,CD206+ Macrophages,0.0161208705,0.0033898301988213395
Nasal Tissue,24,Pam1ug,CD4+ T-cells,0.0210730945,0.00628422628109897
Nasal Tissue,24,Pam1ug,CD64+MHCII- Macrophages,0.0075342970000000006,0.001708261041420856
Nasal Tissue,24,Pam1ug,Drop,0.043278804,0.0016696498729377761
Nasal Tissue,24,Pam1ug,Ly6C(hi)CD64(hi) Monocytes,0.04959874633333333,0.005051178221580378
Nasal Tissue,24,Pam1ug,Ly6C+ NK cells,0.006432764333333334,0.0010768922209357713
Nasal Tissue,24,Pam1ug,Ly6C+CD8+ T-cells,0.005304512833333334,8.624147266894438e-4
Nasal Tissue,24,Pam1ug,Ly6C- NK cells,0.022881321166666666,0.0025566885925069616
Nasal Tissue,24,Pam1ug,Ly6C-CD8+ T-cells,0.004951251666666667,9.584652982819173e-4
Nasal Tissue,24,Pam1ug,Monocytes,0.019466144833333334,0.0031114706822313936
Nasal Tissue,24,Pam1ug,Neutrophils,0.25146090466666665,0.02187565433763999
Nasal Tissue,24,Pam1ug,Unknown Myeloid,0.05271436166666667,0.009310709969573287
Nasal Tissue,24,Pam1ug,cDC1,0.0011803711666666667,3.0797050121371655e-4
Nasal Tissue,24,Pam1ug,cDC2,0.0012985246666666667,4.274755359057535e-4
Nasal Tissue,24,Pam1ug,moDCs,2.5861133333333333e-4,4.8701791224188503e-5
Nasal Tissue,24,Pam1ug,pDCs,0.015673685,5.45265020486613e-4
Nasal Tissue,24,Pam1ug+IAV,B-cells,0.46887881600000003,0.018261363583336344
Nasal Tissue,24,Pam1ug+IAV,CD103+CD4+ T-cells,0.011892918166666665,0.005599638315633909
Nasal Tissue,24,Pam1ug+IAV,CD206+ Macrophages,0.0161208705,0.0033898301988213395
Nasal Tissue,24,Pam1ug+IAV,CD4+ T-cells,0.0210730945,0.00628422628109897
Nasal Tissue,24,Pam1ug+IAV,CD64+MHCII- Macrophages,0.0075342970000000006,0.001708261041420856
Nasal Tissue,24,Pam1ug+IAV,Drop,0.043278804,0.0016696498729377761
Nasal Tissue,24,Pam1ug+IAV,Ly6C(hi)CD64(hi) Monocytes,0.04959874633333333,0.005051178221580378
Nasal Tissue,24,Pam1ug+IAV,Ly6C+ NK cells,0.006432764333333334,0.0010768922209357713
Nasal Tissue,24,Pam1ug+IAV,Ly6C+CD8+ T-cells,0.005304512833333334,8.624147266894438e-4
Nasal Tissue,24,Pam1ug+IAV,Ly6C- NK cells,0.022881321166666666,0.0025566885925069616
Nasal Tissue,24,Pam1ug+IAV,Ly6C-CD8+ T-cells,0.004951251666666667,9.584652982819173e-4
Nasal Tissue,24,Pam1ug+IAV,Monocytes,0.019466144833333334,0.0031114706822313936
Nasal Tissue,24,Pam1ug+IAV,Neutrophils,0.25146090466666665,0.02187565433763999
Nasal Tissue,24,Pam1ug+IAV,Unknown Myeloid,0.05271436166666667,0.009310709969573287
Nasal Tissue,24,Pam1ug+IAV,cDC1,0.0011803711666666667,3.0797050121371655e-4
Nasal Tissue,24,Pam1ug+IAV,cDC2,0.0012985246666666667,4.274755359057535e-4
Nasal Tissue,24,Pam1ug+IAV,moDCs,2.5861133333333333e-4,4.8701791224188503e-5
Nasal Tissue,24,Pam1ug+IAV,pDCs,0.015673685,5.45265020486613e-4
Nasal Tissue,24,Pam1ug+IAV+NTHi,B-cells,0.46887881600000003,0.018261363583336344
Nasal Tissue,24,Pam1ug+IAV+NTHi,CD103+CD4+ T-cells,0.011892918166666665,0.005599638315633909
Nasal Tissue,24,Pam1ug+IAV+NTHi,CD206+ Macrophages,0.0161208705,0.0033898301988213395
Nasal Tissue,24,Pam1ug+IAV+NTHi,CD4+ T-cells,0.0210730945,0.00628422628109897
Nasal Tissue,24,Pam1ug+IAV+NTHi,CD64+MHCII- Macrophages,0.0075342970000000006,0.001708261041420856
Nasal Tissue,24,Pam1ug+IAV+NTHi,Drop,0.043278804,0.0016696498729377761
Nasal Tissue,24,Pam1ug+IAV+NTHi,Ly6C(hi)CD64(hi) Monocytes,0.04959874633333333,0.005051178221580378
Nasal Tissue,24,Pam1ug+IAV+NTHi,Ly6C+ NK cells,0.006432764333333334,0.0010768922209357713
Nasal Tissue,24,Pam1ug+IAV+NTHi,Ly6C+CD8+ T-cells,0.005304512833333334,8.624147266894438e-4
Nasal Tissue,24,Pam1ug+IAV+NTHi,Ly6C- NK cells,0.022881321166666666,0.0025566885925069616
Nasal Tissue,24,Pam1ug+IAV+NTHi,Ly6C-CD8+ T-cells,0.004951251666666667,9.584652982819173e-4
Nasal Tissue,24,Pam1ug+IAV+NTHi,Monocytes,0.019466144833333334,0.0031114706822313936
Nasal Tissue,24,Pam1ug+IAV+NTHi,Neutrophils,0.25146090466666665,0.02187565433763999
Nasal Tissue,24,Pam1ug+IAV+NTHi,Unknown Myeloid,0.05271436166666667,0.009310709969573287
Nasal Tissue,24,Pam1ug+IAV+NTHi,cDC1,0.0011803711666666667,3.0797050121371655e-4
Nasal Tissue,24,Pam1ug+IAV+NTHi,cDC2,0.0012985246666666667,4.274755359057535e-4
Nasal Tissue,24,Pam1ug+IAV+NTHi,moDCs,2.5861133333333333e-4,4.8701791224188503e-5
Nasal Tissue,24,Pam1ug+IAV+NTHi,pDCs,0.015673685,5.45265020486613e-4
Nasal Tissue,24,Pam1ug+NTHi,B-cells,0.46887881600000003,0.018261363583336344
Nasal Tissue,24,Pam1ug+NTHi,CD103+CD4+ T-cells,0.011892918166666665,0.005599638315633909
Nasal Tissue,24,Pam1ug+NTHi,CD206+ Macrophages,0.0161208705,0.0033898301988213395
Nasal Tissue,24,Pam1ug+NTHi,CD4+ T-cells,0.0210730945,0.00628422628109897
Nasal Tissue,24,Pam1ug+NTHi,CD64+MHCII- Macrophages,0.0075342970000000006,0.001708261041420856
Nasal Tissue,24,Pam1ug+NTHi,Drop,0.043278804,0.0016696498729377761
Nasal Tissue,24,Pam1ug+NTHi,Ly6C(hi)CD64(hi) Monocytes,0.04959874633333333,0.005051178221580378
Nasal Tissue,24,Pam1ug+NTHi,Ly6C+ NK cells,0.006432764333333334,0.0010768922209357713
Nasal Tissue,24,Pam1ug+NTHi,Ly6C+CD8+ T-cells,0.005304512833333334,8.624147266894438e-4
Nasal Tissue,24,Pam1ug+NTHi,Ly6C- NK cells,0.022881321166666666,0.0025566885925069616
Nasal Tissue,24,Pam1ug+NTHi,Ly6C-CD8+ T-cells,0.004951251666666667,9.584652982819173e-4
Nasal Tissue,24,Pam1ug+NTHi,Monocytes,0.019466144833333334,0.0031114706822313936
Nasal Tissue,24,Pam1ug+NTHi,Neutrophils,0.25146090466666665,0.02187565433763999
Nasal Tissue,24,Pam1ug+NTHi,Unknown Myeloid,0.05271436166666667,0.009310709969573287
Nasal Tissue,24,Pam1ug+NTHi,cDC1,0.0011803711666666667,3.0797050121371655e-4
Nasal Tissue,24,Pam1ug+NTHi,cDC2,0.0012985246666666667,4.274755359057535e-4
Nasal Tissue,24,Pam1ug+NTHi,moDCs,2.5861133333333333e-4,4.8701791224188503e-5
Nasal Tissue,24,Pam1ug+NTHi,pDCs,0.015673685,5.45265020486613e-4
Nasal Tissue,24,Saline,B-cells,0.5550452541666666,0.01555080967501022
Nasal Tissue,24,Saline,CD103+CD4+ T-cells,0.004014471,0.0010687605926344467
Nasal Tissue,24,Saline,CD206+ Macrophages,0.021285976833333334,0.002359745193572637
Nasal Tissue,24,Saline,CD4+ T-cells,0.013355915166666666,0.002628128430298786
Nasal Tissue,24,Saline,CD64+MHCII- Macrophages,0.005109668166666667,0.0012231417637078546
Nasal Tissue,24,Saline,Drop,0.05843217283333333,0.0038322484040430923
Nasal Tissue,24,Saline,Ly6C(hi)CD64(hi) Monocytes,0.04437311766666666,0.004422273179549915
Nasal Tissue,24,Saline,Ly6C+ NK cells,0.004121714666666667,6.361447805298553e-4
Nasal Tissue,24,Saline,Ly6C+CD8+ T-cells,0.0028713376666666666,3.1004664471040124e-4
Nasal Tissue,24,Saline,Ly6C- NK cells,0.018071520333333334,0.0015694068408267218
Nasal Tissue,24,Saline,Ly6C-CD8+ T-cells,0.0023295181666666666,6.500923202872762e-4
Nasal Tissue,24,Saline,Monocytes,0.020020677333333334,0.0015623591356487933
Nasal Tissue,24,Saline,Neutrophils,0.19057719633333334,0.022783918746263888
Nasal Tissue,24,Saline,Unknown Myeloid,0.0408795195,0.004526040321609319
Nasal Tissue,24,Saline,cDC1,0.0013710356666666666,2.6340736368100605e-4
Nasal Tissue,24,Saline,cDC2,7.999096666666667e-4,1.6946843293657313e-4
Nasal Tissue,24,Saline,moDCs,4.1298535999999996e-4,1.554935463106736e-4
Nasal Tissue,24,Saline,pDCs,0.016996839833333333,0.001474746516755957
Nasal Tissue,24,Saline+IAV,B-cells,0.5550452541666666,0.01555080967501022
Nasal Tissue,24,Saline+IAV,CD103+CD4+ T-cells,0.004014471,0.0010687605926344467
Nasal Tissue,24,Saline+IAV,CD206+ Macrophages,0.021285976833333334,0.002359745193572637
Nasal Tissue,24,Saline+IAV,CD4+ T-cells,0.013355915166666666,0.002628128430298786
Nasal Tissue,24,Saline+IAV,CD64+MHCII- Macrophages,0.005109668166666667,0.0012231417637078546
Nasal Tissue,24,Saline+IAV,Drop,0.05843217283333333,0.0038322484040430923
Nasal Tissue,24,Saline+IAV,Ly6C(hi)CD64(hi) Monocytes,0.04437311766666666,0.004422273179549915
Nasal Tissue,24,Saline+IAV,Ly6C+ NK cells,0.004121714666666667,6.361447805298553e-4
Nasal Tissue,24,Saline+IAV,Ly6C+CD8+ T-cells,0.0028713376666666666,3.1004664471040124e-4
Nasal Tissue,24,Saline+IAV,Ly6C- NK cells,0.018071520333333334,0.0015694068408267218
Nasal Tissue,24,Saline+IAV,Ly6C-CD8+ T-cells,0.0023295181666666666,6.500923202872762e-4
Nasal Tissue,24,Saline+IAV,Monocytes,0.020020677333333334,0.0015623591356487933
Nasal Tissue,24,Saline+IAV,Neutrophils,0.19057719633333334,0.022783918746263888
Nasal Tissue,24,Saline+IAV,Unknown Myeloid,0.0408795195,0.004526040321609319
Nasal Tissue,24,Saline+IAV,cDC1,0.0013710356666666666,2.6340736368100605e-4
Nasal Tissue,24,Saline+IAV,cDC2,7.999096666666667e-4,1.6946843293657313e-4
Nasal Tissue,24,Saline+IAV,moDCs,4.1298535999999996e-4,1.554935463106736e-4
Nasal Tissue,24,Saline+IAV,pDCs,0.016996839833333333,0.001474746516755957
Nasal Tissue,24,Saline+IAV+NTHi,B-cells,0.5550452541666666,0.01555080967501022
Nasal Tissue,24,Saline+IAV+NTHi,CD103+CD4+ T-cells,0.004014471,0.0010687605926344467
Nasal Tissue,24,Saline+IAV+NTHi,CD206+ Macrophages,0.021285976833333334,0.002359745193572637
Nasal Tissue,24,Saline+IAV+NTHi,CD4+ T-cells,0.013355915166666666,0.002628128430298786
Nasal Tissue,24,Saline+IAV+NTHi,CD64+MHCII- Macrophages,0.005109668166666667,0.0012231417637078546
Nasal Tissue,24,Saline+IAV+NTHi,Drop,0.05843217283333333,0.0038322484040430923
Nasal Tissue,24,Saline+IAV+NTHi,Ly6C(hi)CD64(hi) Monocytes,0.04437311766666666,0.004422273179549915
Nasal Tissue,24,Saline+IAV+NTHi,Ly6C+ NK cells,0.004121714666666667,6.361447805298553e-4
Nasal Tissue,24,Saline+IAV+NTHi,Ly6C+CD8+ T-cells,0.0028713376666666666,3.1004664471040124e-4
Nasal Tissue,24,Saline+IAV+NTHi,Ly6C- NK cells,0.018071520333333334,0.0015694068408267218
Nasal Tissue,24,Saline+IAV+NTHi,Ly6C-CD8+ T-cells,0.0023295181666666666,6.500923202872762e-4
Nasal Tissue,24,Saline+IAV+NTHi,Monocytes,0.020020677333333334,0.0015623591356487933
Nasal Tissue,24,Saline+IAV+NTHi,Neutrophils,0.19057719633333334,0.022783918746263888
Nasal Tissue,24,Saline+IAV+NTHi,Unknown Myeloid,0.0408795195,0.004526040321609319
Nasal Tissue,24,Saline+IAV+NTHi,cDC1,0.0013710356666666666,2.6340736368100605e-4
Nasal Tissue,24,Saline+IAV+NTHi,cDC2,7.999096666666667e-4,1.6946843293657313e-4
Nasal Tissue,24,Saline+IAV+NTHi,moDCs,4.1298535999999996e-4,1.554935463106736e-4
Nasal Tissue,24,Saline+IAV+NTHi,pDCs,0.016996839833333333,0.001474746516755957
Nasal Tissue,24,Saline+NTHi,B-cells,0.5550452541666666,0.01555080967501022
Nasal Tissue,24,Saline+NTHi,CD103+CD4+ T-cells,0.004014471,0.0010687605926344467
Nasal Tissue,24,Saline+NTHi,CD206+ Macrophages,0.021285976833333334,0.002359745193572637
Nasal Tissue,24,Saline+NTHi,CD4+ T-cells,0.013355915166666666,0.002628128430298786
Nasal Tissue,24,Saline+NTHi,CD64+MHCII- Macrophages,0.005109668166666667,0.0012231417637078546
Nasal Tissue,24,Saline+NTHi,Drop,0.05843217283333333,0.0038322484040430923
Nasal Tissue,24,Saline+NTHi,Ly6C(hi)CD64(hi) Monocytes,0.04437311766666666,0.004422273179549915
Nasal Tissue,24,Saline+NTHi,Ly6C+ NK cells,0.004121714666666667,6.361447805298553e-4
Nasal Tissue,24,Saline+NTHi,Ly6C+CD8+ T-cells,0.0028713376666666666,3.1004664471040124e-4
Nasal Tissue,24,Saline+NTHi,Ly6C- NK cells,0.018071520333333334,0.0015694068408267218
Nasal Tissue,24,Saline+NTHi,Ly6C-CD8+ T-cells,0.0023295181666666666,6.500923202872762e-4
Nasal Tissue,24,Saline+NTHi,Monocytes,0.020020677333333334,0.0015623591356487933
Nasal Tissue,24,Saline+NTHi,Neutrophils,0.19057719633333334,0.022783918746263888
Nasal Tissue,24,Saline+NTHi,Unknown Myeloid,0.0408795195,0.004526040321609319
Nasal Tissue,24,Saline+NTHi,cDC1,0.0013710356666666666,2.6340736368100605e-4
Nasal Tissue,24,Saline+NTHi,cDC2,7.999096666666667e-4,1.6946843293657313e-4
Nasal Tissue,24,Saline+NTHi,moDCs,4.1298535999999996e-4,1.554935463106736e-4
Nasal Tissue,24,Saline+NTHi,pDCs,0.016996839833333333,0.001474746516755957
Nasal Tissue,48,Hh,B-cells,0.37932005183333334,0.04624955468887214
Nasal Tissue,48,Hh,CD103+CD4+ T-cells,0.014268867666666667,0.0046692024851597
Nasal Tissue,48,Hh,CD206+ Macrophages,0.019958607,0.0052222993716242215
Nasal Tissue,48,Hh,CD4+ T-cells,0.028267786666666666,0.009204612160367748
Nasal Tissue,48,Hh,CD64+MHCII- Macrophages,0.0067586285,0.003013289312857062
Nasal Tissue,48,Hh,Drop,0.055461464333333335,0.0024368758087434505
Nasal Tissue,48,Hh,Ly6C(hi)CD64(hi) Monocytes,0.0615848045,0.00860829900508238
Nasal Tissue,48,Hh,Ly6C+ NK cells,0.007394350166666667,0.0016574423583283053
Nasal Tissue,48,Hh,Ly6C+CD8+ T-cells,0.0059671080000000005,0.0011922918069947196
Nasal Tissue,48,Hh,Ly6C- NK cells,0.028220949000000002,0.004646832088476987
Nasal Tissue,48,Hh,Ly6C-CD8+ T-cells,0.0057731311666666665,0.0017196102957957543
Nasal Tissue,48,Hh,Monocytes,0.027573232,0.005039190345946764
Nasal Tissue,48,Hh,Neutrophils,0.2745553243333333,0.0625960941423886
Nasal Tissue,48,Hh,Unknown Myeloid,0.05346513716666667,0.009279069932597027
Nasal Tissue,48,Hh,cDC1,0.0026919303333333335,8.38475551027326e-4
Nasal Tissue,48,Hh,cDC2,0.0010072375,2.2024279696034705e-4
Nasal Tissue,48,Hh,moDCs,5.9565275e-5,1.4198983979929399e-5
Nasal Tissue,48,Hh,pDCs,0.027691679833333333,0.00560771366830397
Nasal Tissue,48,Hh+IAV,B-cells,0.39851382333333335,0.030984626816024284
Nasal Tissue,48,Hh+IAV,CD103+CD4+ T-cells,0.017862194833333334,0.005970558037830443
Nasal Tissue,48,Hh+IAV,CD206+ Macrophages,0.0217617665,0.004610137170133435
Nasal Tissue,48,Hh+IAV,CD4+ T-cells,0.03229506283333333,0.01069690629104046
Nasal Tissue,48,Hh+IAV,CD64+MHCII- Macrophages,0.013504108166666666,0.0055140844487760994
Nasal Tissue,48,Hh+IAV,Drop,0.05798541066666667,0.0034697002315620647
Nasal Tissue,48,Hh+IAV,Ly6C(hi)CD64(hi) Monocytes,0.05148175183333333,0.005270748019001651
Nasal Tissue,48,Hh+IAV,Ly6C+ NK cells,0.007013706,0.0011217586161491547
Nasal Tissue,48,Hh+IAV,Ly6C+CD8+ T-cells,0.006601076666666666,0.0013013490469415106
Nasal Tissue,48,Hh+IAV,Ly6C- NK cells,0.025653178166666665,0.00273841207630721
Nasal Tissue,48,Hh+IAV,Ly6C-CD8+ T-cells,0.007823757833333334,0.0024285569778430076
Nasal Tissue,48,Hh+IAV,Monocytes,0.025676634666666667,0.0036013558570881293
Nasal Tissue,48,Hh+IAV,Neutrophils,0.25179604066666667,0.04178791725831859
Nasal Tissue,48,Hh+IAV,Unknown Myeloid,0.052066642833333336,0.009981313570390372
Nasal Tissue,48,Hh+IAV,cDC1,0.0027159188333333332,8.805499062585614e-4
Nasal Tissue,48,Hh+IAV,cDC2,0.0013764883333333333,2.950022477787434e-4
Nasal Tissue,48,Hh+IAV,moDCs,4.6147480000000004e-5,1.858750218064278e-5
Nasal Tissue,48,Hh+IAV,pDCs,0.025833981166666665,0.002922146628299584
Nasal Tissue,48,Hh+IAV+NTHi,B-cells,0.39851382333333335,0.030984626816024284
Nasal Tissue,48,Hh+IAV+NTHi,CD103+CD4+ T-cells,0.017862194833333334,0.005970558037830443
Nasal Tissue,48,Hh+IAV+NTHi,CD206+ Macrophages,0.0217617665,0.004610137170133435
Nasal Tissue,48,Hh+IAV+NTHi,CD4+ T-cells,0.03229506283333333,0.01069690629104046
Nasal Tissue,48,Hh+IAV+NTHi,CD64+MHCII- Macrophages,0.013504108166666666,0.0055140844487760994
Nasal Tissue,48,Hh+IAV+NTHi,Drop,0.05798541066666667,0.0034697002315620647
Nasal Tissue,48,Hh+IAV+NTHi,Ly6C(hi)CD64(hi) Monocytes,0.05148175183333333,0.005270748019001651
Nasal Tissue,48,Hh+IAV+NTHi,Ly6C+ NK cells,0.007013706,0.0011217586161491547
Nasal Tissue,48,Hh+IAV+NTHi,Ly6C+CD8+ T-cells,0.006601076666666666,0.0013013490469415106
Nasal Tissue,48,Hh+IAV+NTHi,Ly6C- NK cells,0.025653178166666665,0.00273841207630721
Nasal Tissue,48,Hh+IAV+NTHi,Ly6C-CD8+ T-cells,0.007823757833333334,0.0024285569778430076
Nasal Tissue,48,Hh+IAV+NTHi,Monocytes,0.025676634666666667,0.0036013558570881293
Nasal Tissue,48,Hh+IAV+NTHi,Neutrophils,0.25179604066666667,0.04178791725831859
Nasal Tissue,48,Hh+IAV+NTHi,Unknown Myeloid,0.052066642833333336,0.009981313570390372
Nasal Tissue,48,Hh+IAV+NTHi,cDC1,0.0027159188333333332,8.805499062585614e-4
Nasal Tissue,48,Hh+IAV+NTHi,cDC2,0.0013764883333333333,2.950022477787434e-4
Nasal Tissue,48,Hh+IAV+NTHi,moDCs,4.6147480000000004e-5,1.858750218064278e-5
Nasal Tissue,48,Hh+IAV+NTHi,pDCs,0.025833981166666665,0.002922146628299584
Nasal Tissue,48,Hh+NTHi,B-cells,0.37932005183333334,0.04624955468887214
Nasal Tissue,48,Hh+NTHi,CD103+CD4+ T-cells,0.014268867666666667,0.0046692024851597
Nasal Tissue,48,Hh+NTHi,CD206+ Macrophages,0.019958607,0.0052222993716242215
Nasal Tissue,48,Hh+NTHi,CD4+ T-cells,0.028267786666666666,0.009204612160367748
Nasal Tissue,48,Hh+NTHi,CD64+MHCII- Macrophages,0.0067586285,0.003013289312857062
Nasal Tissue,48,Hh+NTHi,Drop,0.055461464333333335,0.0024368758087434505
Nasal Tissue,48,Hh+NTHi,Ly6C(hi)CD64(hi) Monocytes,0.0615848045,0.00860829900508238
Nasal Tissue,48,Hh+NTHi,Ly6C+ NK cells,0.007394350166666667,0.0016574423583283053
Nasal Tissue,48,Hh+NTHi,Ly6C+CD8+ T-cells,0.0059671080000000005,0.0011922918069947196
Nasal Tissue,48,Hh+NTHi,Ly6C- NK cells,0.028220949000000002,0.004646832088476987
Nasal Tissue,48,Hh+NTHi,Ly6C-CD8+ T-cells,0.0057731311666666665,0.0017196102957957543
Nasal Tissue,48,Hh+NTHi,Monocytes,0.027573232,0.005039190345946764
Nasal Tissue,48,Hh+NTHi,Neutrophils,0.2745553243333333,0.0625960941423886
Nasal Tissue,48,Hh+NTHi,Unknown Myeloid,0.05346513716666667,0.009279069932597027
Nasal Tissue,48,Hh+NTHi,cDC1,0.0026919303333333335,8.38475551027326e-4
Nasal Tissue,48,Hh+NTHi,cDC2,0.0010072375,2.2024279696034705e-4
Nasal Tissue,48,Hh+NTHi,moDCs,5.9565275e-5,1.4198983979929399e-5
Nasal Tissue,48,Hh+NTHi,pDCs,0.027691679833333333,0.00560771366830397
Nasal Tissue,48,Pam1ug,B-cells,0.38579577216666666,0.039156486146799736
Nasal Tissue,48,Pam1ug,CD103+CD4+ T-cells,0.013310641666666666,0.00463339831937463
Nasal Tissue,48,Pam1ug,CD206+ Macrophages,0.015016447166666667,0.003709869806154285
Nasal Tissue,48,Pam1ug,CD4+ T-cells,0.015387784166666666,0.004504253224664228
Nasal Tissue,48,Pam1ug,CD64+MHCII- Macrophages,0.0104134315,0.004589828357742264
Nasal Tissue,48,Pam1ug,Drop,0.060259252166666666,0.0029759959694106606
Nasal Tissue,48,Pam1ug,Ly6C(hi)CD64(hi) Monocytes,0.058849739166666665,0.0033967231163644315
Nasal Tissue,48,Pam1ug,Ly6C+ NK cells,0.004821521333333334,9.650403200323697e-4
Nasal Tissue,48,Pam1ug,Ly6C+CD8+ T-cells,0.004113342833333334,0.0014153705998108863
Nasal Tissue,48,Pam1ug,Ly6C- NK cells,0.017920646333333335,0.002943950627347133
Nasal Tissue,48,Pam1ug,Ly6C-CD8+ T-cells,0.002616988833333333,7.380261373714536e-4
Nasal Tissue,48,Pam1ug,Monocytes,0.0325510315,0.003084326030539549
Nasal Tissue,48,Pam1ug,Neutrophils,0.3009446438333333,0.0317989326121456
Nasal Tissue,48,Pam1ug,Unknown Myeloid,0.0576698515,0.009161407315911686
Nasal Tissue,48,Pam1ug,cDC1,0.001198505,4.2700423814500955e-4
Nasal Tissue,48,Pam1ug,cDC2,0.0014984689999999999,4.0914419254096723e-4
Nasal Tissue,48,Pam1ug,moDCs,8.962126666666667e-5,1.6170651005379398e-5
Nasal Tissue,48,Pam1ug,pDCs,0.017587121333333334,0.0016677414992663513
Nasal Tissue,48,Pam1ug+IAV,B-cells,0.416925184,0.01854835760497672
Nasal Tissue,48,Pam1ug+IAV,CD103+CD4+ T-cells,0.013806869,0.0025305083425942437
Nasal Tissue,48,Pam1ug+IAV,CD206+ Macrophages,0.018696694166666666,0.0042910735856575375
Nasal Tissue,48,Pam1ug+IAV,CD4+ T-cells,0.024295083500000002,0.007372179343862827
Nasal Tissue,48,Pam1ug+IAV,CD64+MHCII- Macrophages,0.011128905833333334,0.003045224114682086
Nasal Tissue,48,Pam1ug+IAV,Drop,0.06348376383333333,0.005728980114711038
Nasal Tissue,48,Pam1ug+IAV,Ly6C(hi)CD64(hi) Monocytes,0.05519492666666667,0.004157133434020193
Nasal Tissue,48,Pam1ug+IAV,Ly6C+ NK cells,0.0067192885,0.0012104883181304903
Nasal Tissue,48,Pam1ug+IAV,Ly6C+CD8+ T-cells,0.0063387695,0.001434137020835637
Nasal Tissue,48,Pam1ug+IAV,Ly6C- NK cells,0.022545009833333334,0.0018471379494614264
Nasal Tissue,48,Pam1ug+IAV,Ly6C-CD8+ T-cells,0.005900152666666667,0.0015434535726346866
Nasal Tissue,48,Pam1ug+IAV,Monocytes,0.036134983833333335,0.006524293395458431
Nasal Tissue,48,Pam1ug+IAV,Neutrophils,0.23538063466666667,0.0371004003723469
Nasal Tissue,48,Pam1ug+IAV,Unknown Myeloid,0.05730906483333333,0.00831677077684515
Nasal Tissue,48,Pam1ug+IAV,cDC1,0.0019961371666666664,9.040949266607063e-4
Nasal Tissue,48,Pam1ug+IAV,cDC2,0.0014218675,1.3622477216442686e-4
Nasal Tissue,48,Pam1ug+IAV,moDCs,9.235508e-5,2.523050121744314e-5
Nasal Tissue,48,Pam1ug+IAV,pDCs,0.022645702666666667,0.0017838859745975672
Nasal Tissue,48,Pam1ug+IAV+NTHi,B-cells,0.416925184,0.01854835760497672
Nasal Tissue,48,Pam1ug+IAV+NTHi,CD103+CD4+ T-cells,0.013806869,0.0025305083425942437
Nasal Tissue,48,Pam1ug+IAV+NTHi,CD206+ Macrophages,0.018696694166666666,0.0042910735856575375
Nasal Tissue,48,Pam1ug+IAV+NTHi,CD4+ T-cells,0.024295083500000002,0.007372179343862827
Nasal Tissue,48,Pam1ug+IAV+NTHi,CD64+MHCII- Macrophages,0.011128905833333334,0.003045224114682086
Nasal Tissue,48,Pam1ug+IAV+NTHi,Drop,0.06348376383333333,0.005728980114711038
Nasal Tissue,48,Pam1ug+IAV+NTHi,Ly6C(hi)CD64(hi) Monocytes,0.05519492666666667,0.004157133434020193
Nasal Tissue,48,Pam1ug+IAV+NTHi,Ly6C+ NK cells,0.0067192885,0.0012104883181304903
Nasal Tissue,48,Pam1ug+IAV+NTHi,Ly6C+CD8+ T-cells,0.0063387695,0.001434137020835637
Nasal Tissue,48,Pam1ug+IAV+NTHi,Ly6C- NK cells,0.022545009833333334,0.0018471379494614264
Nasal Tissue,48,Pam1ug+IAV+NTHi,Ly6C-CD8+ T-cells,0.005900152666666667,0.0015434535726346866
Nasal Tissue,48,Pam1ug+IAV+NTHi,Monocytes,0.036134983833333335,0.006524293395458431
Nasal Tissue,48,Pam1ug+IAV+NTHi,Neutrophils,0.23538063466666667,0.0371004003723469
Nasal Tissue,48,Pam1ug+IAV+NTHi,Unknown Myeloid,0.05730906483333333,0.00831677077684515
Nasal Tissue,48,Pam1ug+IAV+NTHi,cDC1,0.0019961371666666664,9.040949266607063e-4
Nasal Tissue,48,Pam1ug+IAV+NTHi,cDC2,0.0014218675,1.3622477216442686e-4
Nasal Tissue,48,Pam1ug+IAV+NTHi,moDCs,9.235508e-5,2.523050121744314e-5
Nasal Tissue,48,Pam1ug+IAV+NTHi,pDCs,0.022645702666666667,0.0017838859745975672
Nasal Tissue,48,Pam1ug+NTHi,B-cells,0.38579577216666666,0.039156486146799736
Nasal Tissue,48,Pam1ug+NTHi,CD103+CD4+ T-cells,0.013310641666666666,0.00463339831937463
Nasal Tissue,48,Pam1ug+NTHi,CD206+ Macrophages,0.015016447166666667,0.003709869806154285
Nasal Tissue,48,Pam1ug+NTHi,CD4+ T-cells,0.015387784166666666,0.004504253224664228
Nasal Tissue,48,Pam1ug+NTHi,CD64+MHCII- Macrophages,0.0104134315,0.004589828357742264
Nasal Tissue,48,Pam1ug+NTHi,Drop,0.060259252166666666,0.0029759959694106606
Nasal Tissue,48,Pam1ug+NTHi,Ly6C(hi)CD64(hi) Monocytes,0.058849739166666665,0.0033967231163644315
Nasal Tissue,48,Pam1ug+NTHi,Ly6C+ NK cells,0.004821521333333334,9.650403200323697e-4
Nasal Tissue,48,Pam1ug+NTHi,Ly6C+CD8+ T-cells,0.004113342833333334,0.0014153705998108863
Nasal Tissue,48,Pam1ug+NTHi,Ly6C- NK cells,0.017920646333333335,0.002943950627347133
Nasal Tissue,48,Pam1ug+NTHi,Ly6C-CD8+ T-cells,0.002616988833333333,7.380261373714536e-4
Nasal Tissue,48,Pam1ug+NTHi,Monocytes,0.0325510315,0.003084326030539549
Nasal Tissue,48,Pam1ug+NTHi,Neutrophils,0.3009446438333333,0.0317989326121456
Nasal Tissue,48,Pam1ug+NTHi,Unknown Myeloid,0.0576698515,0.009161407315911686
Nasal Tissue,48,Pam1ug+NTHi,cDC1,0.001198505,4.2700423814500955e-4
Nasal Tissue,48,Pam1ug+NTHi,cDC2,0.0014984689999999999,4.0914419254096723e-4
Nasal Tissue,48,Pam1ug+NTHi,moDCs,8.962126666666667e-5,1.6170651005379398e-5
Nasal Tissue,48,Pam1ug+NTHi,pDCs,0.017587121333333334,0.0016677414992663513
Nasal Tissue,48,Saline,B-cells,0.5293730173333333,0.02650998445219505
Nasal Tissue,48,Saline,CD103+CD4+ T-cells,0.0033092001666666666,0.0010219022122272242
Nasal Tissue,48,Saline,CD206+ Macrophages,0.016549041333333334,0.004335614969119857
Nasal Tissue,48,Saline,CD4+ T-cells,0.0154972815,0.005860364165893328
Nasal Tissue,48,Saline,CD64+MHCII- Macrophages,0.003604286,0.0014107859426127222
Nasal Tissue,48,Saline,Drop,0.05649934783333333,0.001912589364766545
Nasal Tissue,48,Saline,Ly6C(hi)CD64(hi) Monocytes,0.040363700333333336,0.0036649713610324036
Nasal Tissue,48,Saline,Ly6C+ NK cells,0.0036292016666666666,6.336793514215565e-4
Nasal Tissue,48,Saline,Ly6C+CD8+ T-cells,0.0037311723333333336,0.0010091293984057963
Nasal Tissue,48,Saline,Ly6C- NK cells,0.016133840833333333,0.0015860416443455162
Nasal Tissue,48,Saline,Ly6C-CD8+ T-cells,0.0030959576666666666,0.0012463558622427134
Nasal Tissue,48,Saline,Monocytes,0.025375334,0.0022276616473257934
Nasal Tissue,48,Saline,Neutrophils,0.23153944983333333,0.02299305298883819
Nasal Tissue,48,Saline,Unknown Myeloid,0.034709973666666664,0.0059927175391836255
Nasal Tissue,48,Saline,cDC1,9.791765e-4,2.5468935664828377e-4
Nasal Tissue,48,Saline,cDC2,6.234191666666666e-4,1.5647788587026533e-4
Nasal Tissue,48,Saline,moDCs,1.4530396e-4,5.109203135990582e-5
Nasal Tissue,48,Saline,pDCs,0.014865513666666667,7.38500122248587e-4
Nasal Tissue,48,Saline+IAV,B-cells,0.461781992,0.04053578543041926
Nasal Tissue,48,Saline+IAV,CD103+CD4+ T-cells,0.0036792651666666667,5.764656742842784e-4
Nasal Tissue,48,Saline+IAV,CD206+ Macrophages,0.018577693833333332,0.004070872549514641
Nasal Tissue,48,Saline+IAV,CD4+ T-cells,0.0109417095,0.002152872781876142
Nasal Tissue,48,Saline+IAV,CD64+MHCII- Macrophages,0.003538356,0.0011982457851880532
Nasal Tissue,48,Saline+IAV,Drop,0.06052584666666667,0.0036334637148857625
Nasal Tissue,48,Saline+IAV,Ly6C(hi)CD64(hi) Monocytes,0.05070334466666667,0.006057954233090001
Nasal Tissue,48,Saline+IAV,Ly6C+ NK cells,0.0035265588333333333,4.214421606550866e-4
Nasal Tissue,48,Saline+IAV,Ly6C+CD8+ T-cells,0.0029973736666666665,0.00045807792745111736
Nasal Tissue,48,Saline+IAV,Ly6C- NK cells,0.016080123333333335,5.290387622192833e-4
Nasal Tissue,48,Saline+IAV,Ly6C-CD8+ T-cells,0.002402443833333333,4.566982936612468e-4
Nasal Tissue,48,Saline+IAV,Monocytes,0.031146840500000002,0.004260141783123975
Nasal Tissue,48,Saline+IAV,Neutrophils,0.2733735058333333,0.04090462270007982
Nasal Tissue,48,Saline+IAV,Unknown Myeloid,0.041699556666666665,0.006536643012686919
Nasal Tissue,48,Saline+IAV,cDC1,0.001177324,2.2824207356853966e-4
Nasal Tissue,48,Saline+IAV,cDC2,5.972315e-4,2.6216732781120286e-5
Nasal Tissue,48,Saline+IAV,moDCs,1.18998125e-4,5.259785382993897e-5
Nasal Tissue,48,Saline+IAV,pDCs,0.0171715025,0.001061459046726431
Nasal Tissue,48,Saline+IAV+NTHi,B-cells,0.461781992,0.04053578543041926
Nasal Tissue,48,Saline+IAV+NTHi,CD103+CD4+ T-cells,0.0036792651666666667,5.764656742842784e-4
Nasal Tissue,48,Saline+IAV+NTHi,CD206+ Macrophages,0.018577693833333332,0.004070872549514641
Nasal Tissue,48,Saline+IAV+NTHi,CD4+ T-cells,0.0109417095,0.002152872781876142
Nasal Tissue,48,Saline+IAV+NTHi,CD64+MHCII- Macrophages,0.003538356,0.0011982457851880532
Nasal Tissue,48,Saline+IAV+NTHi,Drop,0.06052584666666667,0.0036334637148857625
Nasal Tissue,48,Saline+IAV+NTHi,Ly6C(hi)CD64(hi) Monocytes,0.05070334466666667,0.006057954233090001
Nasal Tissue,48,Saline+IAV+NTHi,Ly6C+ NK cells,0.0035265588333333333,4.214421606550866e-4
Nasal Tissue,48,Saline+IAV+NTHi,Ly6C+CD8+ T-cells,0.0029973736666666665,0.00045807792745111736
Nasal Tissue,48,Saline+IAV+NTHi,Ly6C- NK cells,0.016080123333333335,5.290387622192833e-4
Nasal Tissue,48,Saline+IAV+NTHi,Ly6C-CD8+ T-cells,0.002402443833333333,4.566982936612468e-4
Nasal Tissue,48,Saline+IAV+NTHi,Monocytes,0.031146840500000002,0.004260141783123975
Nasal Tissue,48,Saline+IAV+NTHi,Neutrophils,0.2733735058333333,0.04090462270007982
Nasal Tissue,48,Saline+IAV+NTHi,Unknown Myeloid,0.041699556666666665,0.006536643012686919
Nasal Tissue,48,Saline+IAV+NTHi,cDC1,0.001177324,2.2824207356853966e-4
Nasal Tissue,48,Saline+IAV+NTHi,cDC2,5.972315e-4,2.6216732781120286e-5
Nasal Tissue,48,Saline+IAV+NTHi,moDCs,1.18998125e-4,5.259785382993897e-5
Nasal Tissue,48,Saline+IAV+NTHi,pDCs,0.0171715025,0.001061459046726431
Nasal Tissue,48,Saline+NTHi,B-cells,0.5293730173333333,0.02650998445219505
Nasal Tissue,48,Saline+NTHi,CD103+CD4+ T-cells,0.0033092001666666666,0.0010219022122272242
Nasal Tissue,48,Saline+NTHi,CD206+ Macrophages,0.016549041333333334,0.004335614969119857
Nasal Tissue,48,Saline+NTHi,CD4+ T-cells,0.0154972815,0.005860364165893328
Nasal Tissue,48,Saline+NTHi,CD64+MHCII- Macrophages,0.003604286,0.0014107859426127222
Nasal Tissue,48,Saline+NTHi,Drop,0.05649934783333333,0.001912589364766545
Nasal Tissue,48,Saline+NTHi,Ly6C(hi)CD64(hi) Monocytes,0.040363700333333336,0.0036649713610324036
Nasal Tissue,48,Saline+NTHi,Ly6C+ NK cells,0.0036292016666666666,6.336793514215565e-4
Nasal Tissue,48,Saline+NTHi,Ly6C+CD8+ T-cells,0.0037311723333333336,0.0010091293984057963
Nasal Tissue,48,Saline+NTHi,Ly6C- NK cells,0.016133840833333333,0.0015860416443455162
Nasal Tissue,48,Saline+NTHi,Ly6C-CD8+ T-cells,0.0030959576666666666,0.0012463558622427134
Nasal Tissue,48,Saline+NTHi,Monocytes,0.025375334,0.0022276616473257934
Nasal Tissue,48,Saline+NTHi,Neutrophils,0.23153944983333333,0.02299305298883819
Nasal Tissue,48,Saline+NTHi,Unknown Myeloid,0.034709973666666664,0.0059927175391836255
Nasal Tissue,48,Saline+NTHi,cDC1,9.791765e-4,2.5468935664828377e-4
Nasal Tissue,48,Saline+NTHi,cDC2,6.234191666666666e-4,1.5647788587026533e-4
Nasal Tissue,48,Saline+NTHi,moDCs,1.4530396e-4,5.109203135990582e-5
Nasal Tissue,48,Saline+NTHi,pDCs,0.014865513666666667,7.38500122248587e-4
Nasal Tissue,72,Hh,B-cells,0.4585461046666667,0.036699563051878485
Nasal Tissue,72,Hh,CD103+CD4+ T-cells,0.009337005666666667,0.002369802274837062
Nasal Tissue,72,Hh,CD206+ Macrophages,0.0175844775,0.0033448496168374123
Nasal Tissue,72,Hh,CD4+ T-cells,0.025572955166666668,0.005085032268734922
Nasal Tissue,72,Hh,CD64+MHCII- Macrophages,0.005764335666666667,0.0016340423104224623
Nasal Tissue,72,Hh,Drop,0.05605565416666666,0.0017357384952839414
Nasal Tissue,72,Hh,Ly6C(hi)CD64(hi) Monocytes,0.05682259116666667,0.007350751434642518
Nasal Tissue,72,Hh,Ly6C+ NK cells,0.004874326666666666,9.510429359576663e-4
Nasal Tissue,72,Hh,Ly6C+CD8+ T-cells,0.005377156,8.2617208260729e-4
Nasal Tissue,72,Hh,Ly6C- NK cells,0.017267337166666667,0.001935029263032292
Nasal Tissue,72,Hh,Ly6C-CD8+ T-cells,0.003992030000000001,9.256182206990455e-4
Nasal Tissue,72,Hh,Monocytes,0.022341200166666665,0.0031217151153355147
Nasal Tissue,72,Hh,Neutrophils,0.24789058149999998,0.03826255630751475
Nasal Tissue,72,Hh,Unknown Myeloid,0.04221387483333333,0.006598095626434966
Nasal Tissue,72,Hh,cDC1,0.0026922558333333335,8.379809962541084e-4
Nasal Tissue,72,Hh,cDC2,5.894516666666667e-4,1.4851434050503151e-4
Nasal Tissue,72,Hh,moDCs,1.227665e-4,3.954312113548954e-5
Nasal Tissue,72,Hh,pDCs,0.022976356833333333,0.002329016989802428
Nasal Tissue,72,Hh+IAV,B-cells,0.477868537,0.038654944583177656
Nasal Tissue,72,Hh+IAV,CD103+CD4+ T-cells,0.0068087051666666665,0.0019162074843459137
Nasal Tissue,72,Hh+IAV,CD206+ Macrophages,0.0168828555,0.0033322583799984934
Nasal Tissue,72,Hh+IAV,CD4+ T-cells,0.03203283183333333,0.013785409475336
Nasal Tissue,72,Hh+IAV,CD64+MHCII- Macrophages,0.005749223166666667,0.0023624613757008664
Nasal Tissue,72,Hh+IAV,Drop,0.05392684033333333,0.0056507262437019
Nasal Tissue,72,Hh+IAV,Ly6C(hi)CD64(hi) Monocytes,0.051624452333333334,0.005281605581125085
Nasal Tissue,72,Hh+IAV,Ly6C+ NK cells,0.0043644316666666665,6.213015854856463e-4
Nasal Tissue,72,Hh+IAV,Ly6C+CD8+ T-cells,0.006409776666666667,0.002206237335386165
Nasal Tissue,72,Hh+IAV,Ly6C- NK cells,0.011630184666666666,0.0014835708993740896
Nasal Tissue,72,Hh+IAV,Ly6C-CD8+ T-cells,0.003389116666666667,0.0010983099823083848
Nasal Tissue,72,Hh+IAV,Monocytes,0.029170031666666665,0.003740566023259303
Nasal Tissue,72,Hh+IAV,Neutrophils,0.2475169965,0.045839764254328313
Nasal Tissue,72,Hh+IAV,Unknown Myeloid,0.030861544166666664,0.0037572624539205265
Nasal Tissue,72,Hh+IAV,cDC1,0.0011452693333333333,1.7009705175294616e-4
Nasal Tissue,72,Hh+IAV,cDC2,1.4204078333333333e-4,3.196942104720714e-5
Nasal Tissue,72,Hh+IAV,moDCs,1.2101852e-4,4.9617401619990136e-5
Nasal Tissue,72,Hh+IAV,pDCs,0.020376314,0.001705384117453719
Nasal Tissue,72,Hh+IAV+NTHi,B-cells,0.477868537,0.038654944583177656
Nasal Tissue,72,Hh+IAV+NTHi,CD103+CD4+ T-cells,0.0068087051666666665,0.0019162074843459137
Nasal Tissue,72,Hh+IAV+NTHi,CD206+ Macrophages,0.0168828555,0.0033322583799984934
Nasal Tissue,72,Hh+IAV+NTHi,CD4+ T-cells,0.03203283183333333,0.013785409475336
Nasal Tissue,72,Hh+IAV+NTHi,CD64+MHCII- Macrophages,0.005749223166666667,0.0023624613757008664
Nasal Tissue,72,Hh+IAV+NTHi,Drop,0.05392684033333333,0.0056507262437019
Nasal Tissue,72,Hh+IAV+NTHi,Ly6C(hi)CD64(hi) Monocytes,0.051624452333333334,0.005281605581125085
Nasal Tissue,72,Hh+IAV+NTHi,Ly6C+ NK cells,0.0043644316666666665,6.213015854856463e-4
Nasal Tissue,72,Hh+IAV+NTHi,Ly6C+CD8+ T-cells,0.006409776666666667,0.002206237335386165
Nasal Tissue,72,Hh+IAV+NTHi,Ly6C- NK cells,0.011630184666666666,0.0014835708993740896
Nasal Tissue,72,Hh+IAV+NTHi,Ly6C-CD8+ T-cells,0.003389116666666667,0.0010983099823083848
Nasal Tissue,72,Hh+IAV+NTHi,Monocytes,0.029170031666666665,0.003740566023259303
Nasal Tissue,72,Hh+IAV+NTHi,Neutrophils,0.2475169965,0.045839764254328313
Nasal Tissue,72,Hh+IAV+NTHi,Unknown Myeloid,0.030861544166666664,0.0037572624539205265
Nasal Tissue,72,Hh+IAV+NTHi,cDC1,0.0011452693333333333,1.7009705175294616e-4
Nasal Tissue,72,Hh+IAV+NTHi,cDC2,1.4204078333333333e-4,3.196942104720714e-5
Nasal Tissue,72,Hh+IAV+NTHi,moDCs,1.2101852e-4,4.9617401619990136e-5
Nasal Tissue,72,Hh+IAV+NTHi,pDCs,0.020376314,0.001705384117453719
Nasal Tissue,72,Hh+NTHi,B-cells,0.4585461046666667,0.036699563051878485
Nasal Tissue,72,Hh+NTHi,CD103+CD4+ T-cells,0.009337005666666667,0.002369802274837062
Nasal Tissue,72,Hh+NTHi,CD206+ Macrophages,0.0175844775,0.0033448496168374123
Nasal Tissue,72,Hh+NTHi,CD4+ T-cells,0.025572955166666668,0.005085032268734922
Nasal Tissue,72,Hh+NTHi,CD64+MHCII- Macrophages,0.005764335666666667,0.0016340423104224623
Nasal Tissue,72,Hh+NTHi,Drop,0.05605565416666666,0.0017357384952839414
Nasal Tissue,72,Hh+NTHi,Ly6C(hi)CD64(hi) Monocytes,0.05682259116666667,0.007350751434642518
Nasal Tissue,72,Hh+NTHi,Ly6C+ NK cells,0.004874326666666666,9.510429359576663e-4
Nasal Tissue,72,Hh+NTHi,Ly6C+CD8+ T-cells,0.005377156,8.2617208260729e-4
Nasal Tissue,72,Hh+NTHi,Ly6C- NK cells,0.017267337166666667,0.001935029263032292
Nasal Tissue,72,Hh+NTHi,Ly6C-CD8+ T-cells,0.003992030000000001,9.256182206990455e-4
Nasal Tissue,72,Hh+NTHi,Monocytes,0.022341200166666665,0.0031217151153355147
Nasal Tissue,72,Hh+NTHi,Neutrophils,0.24789058149999998,0.03826255630751475
Nasal Tissue,72,Hh+NTHi,Unknown Myeloid,0.04221387483333333,0.006598095626434966
Nasal Tissue,72,Hh+NTHi,cDC1,0.0026922558333333335,8.379809962541084e-4
Nasal Tissue,72,Hh+NTHi,cDC2,5.894516666666667e-4,1.4851434050503151e-4
Nasal Tissue,72,Hh+NTHi,moDCs,1.227665e-4,3.954312113548954e-5
Nasal Tissue,72,Hh+NTHi,pDCs,0.022976356833333333,0.002329016989802428
Nasal Tissue,72,Pam1ug,B-cells,0.39802800916666664,0.053189764136995506
Nasal Tissue,72,Pam1ug,CD103+CD4+ T-cells,0.010303007333333333,0.002723361006191598
Nasal Tissue,72,Pam1ug,CD206+ Macrophages,0.0129388545,0.0016961322908450617
Nasal Tissue,72,Pam1ug,CD4+ T-cells,0.021619229666666667,0.009752683041766385
Nasal Tissue,72,Pam1ug,CD64+MHCII- Macrophages,0.009681792333333333,0.0021447367900820787
Nasal Tissue,72,Pam1ug,Drop,0.06466599183333334,0.0029236027335106194
Nasal Tissue,72,Pam1ug,Ly6C(hi)CD64(hi) Monocytes,0.07182258116666666,0.007902269203902672
Nasal Tissue,72,Pam1ug,Ly6C+ NK cells,0.0043535376666666665,8.115438862438543e-4
Nasal Tissue,72,Pam1ug,Ly6C+CD8+ T-cells,0.004278182833333333,0.001502359204642938
Nasal Tissue,72,Pam1ug,Ly6C- NK cells,0.016572879,0.001676252935919636
Nasal Tissue,72,Pam1ug,Ly6C-CD8+ T-cells,0.0032404276666666665,0.001297405938853903
Nasal Tissue,72,Pam1ug,Monocytes,0.026542962333333333,0.003227242148408841
Nasal Tissue,72,Pam1ug,Neutrophils,0.2834823061666667,0.05678135936751454
Nasal Tissue,72,Pam1ug,Unknown Myeloid,0.051909607499999996,0.008117648330193619
Nasal Tissue,72,Pam1ug,cDC1,0.0010307331666666666,2.0193755209460453e-4
Nasal Tissue,72,Pam1ug,cDC2,9.113448333333333e-4,1.2447975307559503e-4
Nasal Tissue,72,Pam1ug,moDCs,1.4409918e-4,5.258987330549865e-5
Nasal Tissue,72,Pam1ug,pDCs,0.018498470166666666,0.002603401638387918
Nasal Tissue,72,Pam1ug+IAV,B-cells,0.3556313836,0.01688168837475561
Nasal Tissue,72,Pam1ug+IAV,CD103+CD4+ T-cells,0.0073634446000000004,0.0014977409219438988
Nasal Tissue,72,Pam1ug+IAV,CD206+ Macrophages,0.0170771626,9.095408544561701e-4
Nasal Tissue,72,Pam1ug+IAV,CD4+ T-cells,0.0152455204,0.0036190638708287893
Nasal Tissue,72,Pam1ug+IAV,CD64+MHCII- Macrophages,0.0080881448,0.0015286955892608051
Nasal Tissue,72,Pam1ug+IAV,Drop,0.0691168512,0.010477122361474639
Nasal Tissue,72,Pam1ug+IAV,Ly6C(hi)CD64(hi) Monocytes,0.0841311284,0.005932942430967053
Nasal Tissue,72,Pam1ug+IAV,Ly6C+ NK cells,0.0047620242,7.156692065266886e-4
Nasal Tissue,72,Pam1ug+IAV,Ly6C+CD8+ T-cells,0.0044575442,0.001090611999085761
Nasal Tissue,72,Pam1ug+IAV,Ly6C- NK cells,0.01594931,0.0019721802623581595
Nasal Tissue,72,Pam1ug+IAV,Ly6C-CD8+ T-cells,0.0023832172,5.168945404991621e-4
Nasal Tissue,72,Pam1ug+IAV,Monocytes,0.0334641926,0.005720559639536744
Nasal Tissue,72,Pam1ug+IAV,Neutrophils,0.3173045844,0.03568188233297481
Nasal Tissue,72,Pam1ug+IAV,Unknown Myeloid,0.0448876684,0.006753564713532525
Nasal Tissue,72,Pam1ug+IAV,cDC1,0.0010611284,1.5178271224503798e-4
Nasal Tissue,72,Pam1ug+IAV,cDC2,3.709424e-4,7.680894273624654e-5
Nasal Tissue,72,Pam1ug+IAV,moDCs,3.97595e-5,1.1679365346912762e-5
Nasal Tissue,72,Pam1ug+IAV,pDCs,0.0186739446,0.002954878043421566
Nasal Tissue,72,Pam1ug+IAV+NTHi,B-cells,0.3556313836,0.01688168837475561
Nasal Tissue,72,Pam1ug+IAV+NTHi,CD103+CD4+ T-cells,0.0073634446000000004,0.0014977409219438988
Nasal Tissue,72,Pam1ug+IAV+NTHi,CD206+ Macrophages,0.0170771626,9.095408544561701e-4
Nasal Tissue,72,Pam1ug+IAV+NTHi,CD4+ T-cells,0.0152455204,0.0036190638708287893
Nasal Tissue,72,Pam1ug+IAV+NTHi,CD64+MHCII- Macrophages,0.0080881448,0.0015286955892608051
Nasal Tissue,72,Pam1ug+IAV+NTHi,Drop,0.0691168512,0.010477122361474639
Nasal Tissue,72,Pam1ug+IAV+NTHi,Ly6C(hi)CD64(hi) Monocytes,0.0841311284,0.005932942430967053
Nasal Tissue,72,Pam1ug+IAV+NTHi,Ly6C+ NK cells,0.0047620242,7.156692065266886e-4
Nasal Tissue,72,Pam1ug+IAV+NTHi,Ly6C+CD8+ T-cells,0.0044575442,0.001090611999085761
Nasal Tissue,72,Pam1ug+IAV+NTHi,Ly6C- NK cells,0.01594931,0.0019721802623581595
Nasal Tissue,72,Pam1ug+IAV+NTHi,Ly6C-CD8+ T-cells,0.0023832172,5.168945404991621e-4
Nasal Tissue,72,Pam1ug+IAV+NTHi,Monocytes,0.0334641926,0.005720559639536744
Nasal Tissue,72,Pam1ug+IAV+NTHi,Neutrophils,0.3173045844,0.03568188233297481
Nasal Tissue,72,Pam1ug+IAV+NTHi,Unknown Myeloid,0.0448876684,0.006753564713532525
Nasal Tissue,72,Pam1ug+IAV+NTHi,cDC1,0.0010611284,1.5178271224503798e-4
Nasal Tissue,72,Pam1ug+IAV+NTHi,cDC2,3.709424e-4,7.680894273624654e-5
Nasal Tissue,72,Pam1ug+IAV+NTHi,moDCs,3.97595e-5,1.1679365346912762e-5
Nasal Tissue,72,Pam1ug+IAV+NTHi,pDCs,0.0186739446,0.002954878043421566
Nasal Tissue,72,Pam1ug+NTHi,B-cells,0.39802800916666664,0.053189764136995506
Nasal Tissue,72,Pam1ug+NTHi,CD103+CD4+ T-cells,0.010303007333333333,0.002723361006191598
Nasal Tissue,72,Pam1ug+NTHi,CD206+ Macrophages,0.0129388545,0.0016961322908450617
Nasal Tissue,72,Pam1ug+NTHi,CD4+ T-cells,0.021619229666666667,0.009752683041766385
Nasal Tissue,72,Pam1ug+NTHi,CD64+MHCII- Macrophages,0.009681792333333333,0.0021447367900820787
Nasal Tissue,72,Pam1ug+NTHi,Drop,0.06466599183333334,0.0029236027335106194
Nasal Tissue,72,Pam1ug+NTHi,Ly6C(hi)CD64(hi) Monocytes,0.07182258116666666,0.007902269203902672
Nasal Tissue,72,Pam1ug+NTHi,Ly6C+ NK cells,0.0043535376666666665,8.115438862438543e-4
Nasal Tissue,72,Pam1ug+NTHi,Ly6C+CD8+ T-cells,0.004278182833333333,0.001502359204642938
Nasal Tissue,72,Pam1ug+NTHi,Ly6C- NK cells,0.016572879,0.001676252935919636
Nasal Tissue,72,Pam1ug+NTHi,Ly6C-CD8+ T-cells,0.0032404276666666665,0.001297405938853903
Nasal Tissue,72,Pam1ug+NTHi,Monocytes,0.026542962333333333,0.003227242148408841
Nasal Tissue,72,Pam1ug+NTHi,Neutrophils,0.2834823061666667,0.05678135936751454
Nasal Tissue,72,Pam1ug+NTHi,Unknown Myeloid,0.051909607499999996,0.008117648330193619
Nasal Tissue,72,Pam1ug+NTHi,cDC1,0.0010307331666666666,2.0193755209460453e-4
Nasal Tissue,72,Pam1ug+NTHi,cDC2,9.113448333333333e-4,1.2447975307559503e-4
Nasal Tissue,72,Pam1ug+NTHi,moDCs,1.4409918e-4,5.258987330549865e-5
Nasal Tissue,72,Pam1ug+NTHi,pDCs,0.018498470166666666,0.002603401638387918
Nasal Tissue,72,Saline,B-cells,0.551735476,0.02523595106952764
Nasal Tissue,72,Saline,CD103+CD4+ T-cells,0.003236838,3.5458611837474224e-4
Nasal Tissue,72,Saline,CD206+ Macrophages,0.014168580666666666,0.0017550840867698748
Nasal Tissue,72,Saline,CD4+ T-cells,0.011301589333333334,0.0019397772159102304
Nasal Tissue,72,Saline,CD64+MHCII- Macrophages,0.002973305,4.644279122697803e-4
Nasal Tissue,72,Saline,Drop,0.055305825833333336,0.0035358225947065033
Nasal Tissue,72,Saline,Ly6C(hi)CD64(hi) Monocytes,0.04607180166666667,0.004140876672966686
Nasal Tissue,72,Saline,Ly6C+ NK cells,0.003786343833333333,3.364422806342287e-4
Nasal Tissue,72,Saline,Ly6C+CD8+ T-cells,0.0032337485,5.057175608688939e-4
Nasal Tissue,72,Saline,Ly6C- NK cells,0.014752699833333334,0.0012745546718673003
Nasal Tissue,72,Saline,Ly6C-CD8+ T-cells,0.0027791746666666665,3.886599742578481e-4
Nasal Tissue,72,Saline,Monocytes,0.019653878,0.0018905320605414589
Nasal Tissue,72,Saline,Neutrophils,0.21170187283333333,0.018990363610097278
Nasal Tissue,72,Saline,Unknown Myeloid,0.0435170655,0.0048188743077455945
Nasal Tissue,72,Saline,cDC1,0.001137931,1.3367948420506918e-4
Nasal Tissue,72,Saline,cDC2,5.928966666666666e-4,1.2527297418641863e-4
Nasal Tissue,72,Saline,moDCs,4.511265e-5,1.0227709951605328e-5
Nasal Tissue,72,Saline,pDCs,0.014020897333333332,0.0013723977146367756
Nasal Tissue,72,Saline+IAV,B-cells,0.5309023793333333,0.028659561503781347
Nasal Tissue,72,Saline+IAV,CD103+CD4+ T-cells,0.0034001223333333334,5.10638077948147e-4
Nasal Tissue,72,Saline+IAV,CD206+ Macrophages,0.0184293125,0.005129037755320717
Nasal Tissue,72,Saline+IAV,CD4+ T-cells,0.016764909333333335,0.004823765691522643
Nasal Tissue,72,Saline+IAV,CD64+MHCII- Macrophages,0.0062620705,0.0015490194177135797
Nasal Tissue,72,Saline+IAV,Drop,0.052701105666666664,0.0035717296493599075
Nasal Tissue,72,Saline+IAV,Ly6C(hi)CD64(hi) Monocytes,0.050800112333333335,0.004694633890127556
Nasal Tissue,72,Saline+IAV,Ly6C+ NK cells,0.0051533,7.730831840289462e-4
Nasal Tissue,72,Saline+IAV,Ly6C+CD8+ T-cells,0.006154203,0.0014334324232161766
Nasal Tissue,72,Saline+IAV,Ly6C- NK cells,0.011989148833333333,0.002946076075541809
Nasal Tissue,72,Saline+IAV,Ly6C-CD8+ T-cells,0.002018495,4.2373518748545463e-4
Nasal Tissue,72,Saline+IAV,Monocytes,0.029878869833333335,0.003698642659660347
Nasal Tissue,72,Saline+IAV,Neutrophils,0.21791157083333335,0.027761860749634524
Nasal Tissue,72,Saline+IAV,Unknown Myeloid,0.02956791183333333,0.003007317482423579
Nasal Tissue,72,Saline+IAV,cDC1,0.0010497763333333333,2.936308567937717e-4
Nasal Tissue,72,Saline+IAV,cDC2,1.94649e-4,4.3727089826940614e-5
Nasal Tissue,72,Saline+IAV,moDCs,3.06697e-5,NA
Nasal Tissue,72,Saline+IAV,pDCs,0.016816952166666666,8.712417375227698e-4
Nasal Tissue,72,Saline+IAV+NTHi,B-cells,0.5309023793333333,0.028659561503781347
Nasal Tissue,72,Saline+IAV+NTHi,CD103+CD4+ T-cells,0.0034001223333333334,5.10638077948147e-4
Nasal Tissue,72,Saline+IAV+NTHi,CD206+ Macrophages,0.0184293125,0.005129037755320717
Nasal Tissue,72,Saline+IAV+NTHi,CD4+ T-cells,0.016764909333333335,0.004823765691522643
Nasal Tissue,72,Saline+IAV+NTHi,CD64+MHCII- Macrophages,0.0062620705,0.0015490194177135797
Nasal Tissue,72,Saline+IAV+NTHi,Drop,0.052701105666666664,0.0035717296493599075
Nasal Tissue,72,Saline+IAV+NTHi,Ly6C(hi)CD64(hi) Monocytes,0.050800112333333335,0.004694633890127556
Nasal Tissue,72,Saline+IAV+NTHi,Ly6C+ NK cells,0.0051533,7.730831840289462e-4
Nasal Tissue,72,Saline+IAV+NTHi,Ly6C+CD8+ T-cells,0.006154203,0.0014334324232161766
Nasal Tissue,72,Saline+IAV+NTHi,Ly6C- NK cells,0.011989148833333333,0.002946076075541809
Nasal Tissue,72,Saline+IAV+NTHi,Ly6C-CD8+ T-cells,0.002018495,4.2373518748545463e-4
Nasal Tissue,72,Saline+IAV+NTHi,Monocytes,0.029878869833333335,0.003698642659660347
Nasal Tissue,72,Saline+IAV+NTHi,Neutrophils,0.21791157083333335,0.027761860749634524
Nasal Tissue,72,Saline+IAV+NTHi,Unknown Myeloid,0.02956791183333333,0.003007317482423579
Nasal Tissue,72,Saline+IAV+NTHi,cDC1,0.0010497763333333333,2.936308567937717e-4
Nasal Tissue,72,Saline+IAV+NTHi,cDC2,1.94649e-4,4.3727089826940614e-5
Nasal Tissue,72,Saline+IAV+NTHi,moDCs,3.06697e-5,NA
Nasal Tissue,72,Saline+IAV+NTHi,pDCs,0.016816952166666666,8.712417375227698e-4
Nasal Tissue,72,Saline+NTHi,B-cells,0.551735476,0.02523595106952764
Nasal Tissue,72,Saline+NTHi,CD103+CD4+ T-cells,0.003236838,3.5458611837474224e-4
Nasal Tissue,72,Saline+NTHi,CD206+ Macrophages,0.014168580666666666,0.0017550840867698748
Nasal Tissue,72,Saline+NTHi,CD4+ T-cells,0.011301589333333334,0.0019397772159102304
Nasal Tissue,72,Saline+NTHi,CD64+MHCII- Macrophages,0.002973305,4.644279122697803e-4
Nasal Tissue,72,Saline+NTHi,Drop,0.055305825833333336,0.0035358225947065033
Nasal Tissue,72,Saline+NTHi,Ly6C(hi)CD64(hi) Monocytes,0.04607180166666667,0.004140876672966686
Nasal Tissue,72,Saline+NTHi,Ly6C+ NK cells,0.003786343833333333,3.364422806342287e-4
Nasal Tissue,72,Saline+NTHi,Ly6C+CD8+ T-cells,0.0032337485,5.057175608688939e-4
Nasal Tissue,72,Saline+NTHi,Ly6C- NK cells,0.014752699833333334,0.0012745546718673003
Nasal Tissue,72,Saline+NTHi,Ly6C-CD8+ T-cells,0.0027791746666666665,3.886599742578481e-4
Nasal Tissue,72,Saline+NTHi,Monocytes,0.019653878,0.0018905320605414589
Nasal Tissue,72,Saline+NTHi,Neutrophils,0.21170187283333333,0.018990363610097278
Nasal Tissue,72,Saline+NTHi,Unknown Myeloid,0.0435170655,0.0048188743077455945
Nasal Tissue,72,Saline+NTHi,cDC1,0.001137931,1.3367948420506918e-4
Nasal Tissue,72,Saline+NTHi,cDC2,5.928966666666666e-4,1.2527297418641863e-4
Nasal Tissue,72,Saline+NTHi,moDCs,4.511265e-5,1.0227709951605328e-5
Nasal Tissue,72,Saline+NTHi,pDCs,0.014020897333333332,0.0013723977146367756
Nasal Tissue,96,Hh,B-cells,0.3944955805,0.03832657585708453
Nasal Tissue,96,Hh,CD103+CD4+ T-cells,0.010546117666666667,0.003292475304497916
Nasal Tissue,96,Hh,CD206+ Macrophages,0.01854337216666667,0.004089950643926448
Nasal Tissue,96,Hh,CD4+ T-cells,0.034958863166666666,0.01079507957289189
Nasal Tissue,96,Hh,CD64+MHCII- Macrophages,0.0043044675,0.001441844249418264
Nasal Tissue,96,Hh,Drop,0.06980201783333334,0.005409271267585623
Nasal Tissue,96,Hh,Ly6C(hi)CD64(hi) Monocytes,0.05630930533333333,0.005894779293411239
Nasal Tissue,96,Hh,Ly6C+ NK cells,0.0033626301666666667,5.644743231635617e-4
Nasal Tissue,96,Hh,Ly6C+CD8+ T-cells,0.0042634748333333335,9.844773508588343e-4
Nasal Tissue,96,Hh,Ly6C- NK cells,0.018335504333333332,0.0012264853711554727
Nasal Tissue,96,Hh,Ly6C-CD8+ T-cells,0.0046825085,0.0016187338241333514
Nasal Tissue,96,Hh,Monocytes,0.029156666166666668,0.0030814924037853523
Nasal Tissue,96,Hh,Neutrophils,0.2882884955,0.03687276090378438
Nasal Tissue,96,Hh,Unknown Myeloid,0.040040253166666664,0.005310639915511799
Nasal Tissue,96,Hh,cDC1,0.0019072325,5.65702006926129e-4
Nasal Tissue,96,Hh,cDC2,7.050475e-4,1.228319312059504e-4
Nasal Tissue,96,Hh,moDCs,5.5876283333333336e-5,8.34758374211431e-6
Nasal Tissue,96,Hh,pDCs,0.0202425865,0.0020437502536271687
Nasal Tissue,96,Hh+IAV,B-cells,0.34005442216666665,0.019411102475878076
Nasal Tissue,96,Hh+IAV,CD103+CD4+ T-cells,0.011551480166666666,0.003663010154270205
Nasal Tissue,96,Hh+IAV,CD206+ Macrophages,0.022639801333333334,0.006578766597168447
Nasal Tissue,96,Hh+IAV,CD4+ T-cells,0.03810463066666667,0.013612538056872793
Nasal Tissue,96,Hh+IAV,CD64+MHCII- Macrophages,0.009318791333333333,0.004461144697740418
Nasal Tissue,96,Hh+IAV,Drop,0.05959986933333333,0.002779873221717814
Nasal Tissue,96,Hh+IAV,Ly6C(hi)CD64(hi) Monocytes,0.08821472466666666,0.004201922201434949
Nasal Tissue,96,Hh+IAV,Ly6C+ NK cells,0.008352467666666667,0.002678400587353028
Nasal Tissue,96,Hh+IAV,Ly6C+CD8+ T-cells,0.007839515666666666,0.0029290396384467465
Nasal Tissue,96,Hh+IAV,Ly6C- NK cells,0.0314039285,0.005698368539755661
Nasal Tissue,96,Hh+IAV,Ly6C-CD8+ T-cells,0.003033918333333333,8.840716842141503e-4
Nasal Tissue,96,Hh+IAV,Monocytes,0.0265524875,0.002848358036275247
Nasal Tissue,96,Hh+IAV,Neutrophils,0.2859099256666667,0.046412647507422626
Nasal Tissue,96,Hh+IAV,Unknown Myeloid,0.040105888666666666,0.006625520396315038
Nasal Tissue,96,Hh+IAV,cDC1,0.0026085108333333334,7.688198890755197e-4
Nasal Tissue,96,Hh+IAV,cDC2,2.9996403333333333e-4,1.0261984954182978e-4
Nasal Tissue,96,Hh+IAV,moDCs,5.6091600000000004e-05,2.600257945720642e-5
Nasal Tissue,96,Hh+IAV,pDCs,0.024372278666666667,0.001472475893618674
Nasal Tissue,96,Hh+IAV+NTHi,B-cells,0.34005442216666665,0.019411102475878076
Nasal Tissue,96,Hh+IAV+NTHi,CD103+CD4+ T-cells,0.011551480166666666,0.003663010154270205
Nasal Tissue,96,Hh+IAV+NTHi,CD206+ Macrophages,0.022639801333333334,0.006578766597168447
Nasal Tissue,96,Hh+IAV+NTHi,CD4+ T-cells,0.03810463066666667,0.013612538056872793
Nasal Tissue,96,Hh+IAV+NTHi,CD64+MHCII- Macrophages,0.009318791333333333,0.004461144697740418
Nasal Tissue,96,Hh+IAV+NTHi,Drop,0.05959986933333333,0.002779873221717814
Nasal Tissue,96,Hh+IAV+NTHi,Ly6C(hi)CD64(hi) Monocytes,0.08821472466666666,0.004201922201434949
Nasal Tissue,96,Hh+IAV+NTHi,Ly6C+ NK cells,0.008352467666666667,0.002678400587353028
Nasal Tissue,96,Hh+IAV+NTHi,Ly6C+CD8+ T-cells,0.007839515666666666,0.0029290396384467465
Nasal Tissue,96,Hh+IAV+NTHi,Ly6C- NK cells,0.0314039285,0.005698368539755661
Nasal Tissue,96,Hh+IAV+NTHi,Ly6C-CD8+ T-cells,0.003033918333333333,8.840716842141503e-4
Nasal Tissue,96,Hh+IAV+NTHi,Monocytes,0.0265524875,0.002848358036275247
Nasal Tissue,96,Hh+IAV+NTHi,Neutrophils,0.2859099256666667,0.046412647507422626
Nasal Tissue,96,Hh+IAV+NTHi,Unknown Myeloid,0.040105888666666666,0.006625520396315038
Nasal Tissue,96,Hh+IAV+NTHi,cDC1,0.0026085108333333334,7.688198890755197e-4
Nasal Tissue,96,Hh+IAV+NTHi,cDC2,2.9996403333333333e-4,1.0261984954182978e-4
Nasal Tissue,96,Hh+IAV+NTHi,moDCs,5.6091600000000004e-05,2.600257945720642e-5
Nasal Tissue,96,Hh+IAV+NTHi,pDCs,0.024372278666666667,0.001472475893618674
Nasal Tissue,96,Hh+NTHi,B-cells,0.3944955805,0.03832657585708453
Nasal Tissue,96,Hh+NTHi,CD103+CD4+ T-cells,0.010546117666666667,0.003292475304497916
Nasal Tissue,96,Hh+NTHi,CD206+ Macrophages,0.01854337216666667,0.004089950643926448
Nasal Tissue,96,Hh+NTHi,CD4+ T-cells,0.034958863166666666,0.01079507957289189
Nasal Tissue,96,Hh+NTHi,CD64+MHCII- Macrophages,0.0043044675,0.001441844249418264
Nasal Tissue,96,Hh+NTHi,Drop,0.06980201783333334,0.005409271267585623
Nasal Tissue,96,Hh+NTHi,Ly6C(hi)CD64(hi) Monocytes,0.05630930533333333,0.005894779293411239
Nasal Tissue,96,Hh+NTHi,Ly6C+ NK cells,0.0033626301666666667,5.644743231635617e-4
Nasal Tissue,96,Hh+NTHi,Ly6C+CD8+ T-cells,0.0042634748333333335,9.844773508588343e-4
Nasal Tissue,96,Hh+NTHi,Ly6C- NK cells,0.018335504333333332,0.0012264853711554727
Nasal Tissue,96,Hh+NTHi,Ly6C-CD8+ T-cells,0.0046825085,0.0016187338241333514
Nasal Tissue,96,Hh+NTHi,Monocytes,0.029156666166666668,0.0030814924037853523
Nasal Tissue,96,Hh+NTHi,Neutrophils,0.2882884955,0.03687276090378438
Nasal Tissue,96,Hh+NTHi,Unknown Myeloid,0.040040253166666664,0.005310639915511799
Nasal Tissue,96,Hh+NTHi,cDC1,0.0019072325,5.65702006926129e-4
Nasal Tissue,96,Hh+NTHi,cDC2,7.050475e-4,1.228319312059504e-4
Nasal Tissue,96,Hh+NTHi,moDCs,5.5876283333333336e-5,8.34758374211431e-6
Nasal Tissue,96,Hh+NTHi,pDCs,0.0202425865,0.0020437502536271687
Nasal Tissue,96,Pam1ug,B-cells,0.3525882725,0.03948605212963792
Nasal Tissue,96,Pam1ug,CD103+CD4+ T-cells,0.0083352025,0.0020974224414627867
Nasal Tissue,96,Pam1ug,CD206+ Macrophages,0.010701736,0.0018499540508489576
Nasal Tissue,96,Pam1ug,CD4+ T-cells,0.016604302833333334,0.00615434629761587
Nasal Tissue,96,Pam1ug,CD64+MHCII- Macrophages,0.0040659726666666665,0.0010095632127327695
Nasal Tissue,96,Pam1ug,Drop,0.06678606133333334,0.004193378319359049
Nasal Tissue,96,Pam1ug,Ly6C(hi)CD64(hi) Monocytes,0.06777676216666667,0.0053314474204142264
Nasal Tissue,96,Pam1ug,Ly6C+ NK cells,0.003126410666666667,3.1039621791925523e-4
Nasal Tissue,96,Pam1ug,Ly6C+CD8+ T-cells,0.0037735245,4.504390224675441e-4
Nasal Tissue,96,Pam1ug,Ly6C- NK cells,0.01653375933333333,0.0011909898186645053
Nasal Tissue,96,Pam1ug,Ly6C-CD8+ T-cells,0.0029263383333333333,6.463192396382596e-4
Nasal Tissue,96,Pam1ug,Monocytes,0.03172009183333333,0.0027639144305000767
Nasal Tissue,96,Pam1ug,Neutrophils,0.3510805851666667,0.03644155745507803
Nasal Tissue,96,Pam1ug,Unknown Myeloid,0.04319232283333333,0.004968354736407572
Nasal Tissue,96,Pam1ug,cDC1,0.0010418386666666668,2.457976957251182e-4
Nasal Tissue,96,Pam1ug,cDC2,7.550955000000001e-4,1.1373192183954632e-4
Nasal Tissue,96,Pam1ug,moDCs,4.03422e-5,1.5087099999999998e-5
Nasal Tissue,96,Pam1ug,pDCs,0.018978275666666666,7.836510123835169e-4
Nasal Tissue,96,Pam1ug+IAV,B-cells,0.3302792568333333,0.048486241656220466
Nasal Tissue,96,Pam1ug+IAV,CD103+CD4+ T-cells,0.007722934999999999,0.002372270480508325
Nasal Tissue,96,Pam1ug+IAV,CD206+ Macrophages,0.013616820333333333,0.002166823651910275
Nasal Tissue,96,Pam1ug+IAV,CD4+ T-cells,0.023801538833333333,0.008503638738077917
Nasal Tissue,96,Pam1ug+IAV,CD64+MHCII- Macrophages,0.009189591666666667,0.0044135165373778585
Nasal Tissue,96,Pam1ug+IAV,Drop,0.06375343416666666,0.0014677650857181335
Nasal Tissue,96,Pam1ug+IAV,Ly6C(hi)CD64(hi) Monocytes,0.0954319565,0.005979712950759961
Nasal Tissue,96,Pam1ug+IAV,Ly6C+ NK cells,0.010514128000000001,0.0035876383434986963
Nasal Tissue,96,Pam1ug+IAV,Ly6C+CD8+ T-cells,0.008204176333333334,0.0026817560323182483
Nasal Tissue,96,Pam1ug+IAV,Ly6C- NK cells,0.03526739116666667,0.007599067174136408
Nasal Tissue,96,Pam1ug+IAV,Ly6C-CD8+ T-cells,0.0024853675,9.0587046177246e-4
Nasal Tissue,96,Pam1ug+IAV,Monocytes,0.0263005825,0.0013693559388954788
Nasal Tissue,96,Pam1ug+IAV,Neutrophils,0.3128205578333333,0.02698449988368917
Nasal Tissue,96,Pam1ug+IAV,Unknown Myeloid,0.03745306783333333,0.00799147741833123
Nasal Tissue,96,Pam1ug+IAV,cDC1,0.0016576006666666667,6.359335772655123e-4
Nasal Tissue,96,Pam1ug+IAV,cDC2,3.16934e-4,8.109716214147078e-5
Nasal Tissue,96,Pam1ug+IAV,moDCs,4.914786666666667e-5,1.5596909027147373e-5
Nasal Tissue,96,Pam1ug+IAV,pDCs,0.021160086666666668,0.0015143276961509281
Nasal Tissue,96,Pam1ug+IAV+NTHi,B-cells,0.3302792568333333,0.048486241656220466
Nasal Tissue,96,Pam1ug+IAV+NTHi,CD103+CD4+ T-cells,0.007722934999999999,0.002372270480508325
Nasal Tissue,96,Pam1ug+IAV+NTHi,CD206+ Macrophages,0.013616820333333333,0.002166823651910275
Nasal Tissue,96,Pam1ug+IAV+NTHi,CD4+ T-cells,0.023801538833333333,0.008503638738077917
Nasal Tissue,96,Pam1ug+IAV+NTHi,CD64+MHCII- Macrophages,0.009189591666666667,0.0044135165373778585
Nasal Tissue,96,Pam1ug+IAV+NTHi,Drop,0.06375343416666666,0.0014677650857181335
Nasal Tissue,96,Pam1ug+IAV+NTHi,Ly6C(hi)CD64(hi) Monocytes,0.0954319565,0.005979712950759961
Nasal Tissue,96,Pam1ug+IAV+NTHi,Ly6C+ NK cells,0.010514128000000001,0.0035876383434986963
Nasal Tissue,96,Pam1ug+IAV+NTHi,Ly6C+CD8+ T-cells,0.008204176333333334,0.0026817560323182483
Nasal Tissue,96,Pam1ug+IAV+NTHi,Ly6C- NK cells,0.03526739116666667,0.007599067174136408
Nasal Tissue,96,Pam1ug+IAV+NTHi,Ly6C-CD8+ T-cells,0.0024853675,9.0587046177246e-4
Nasal Tissue,96,Pam1ug+IAV+NTHi,Monocytes,0.0263005825,0.0013693559388954788
Nasal Tissue,96,Pam1ug+IAV+NTHi,Neutrophils,0.3128205578333333,0.02698449988368917
Nasal Tissue,96,Pam1ug+IAV+NTHi,Unknown Myeloid,0.03745306783333333,0.00799147741833123
Nasal Tissue,96,Pam1ug+IAV+NTHi,cDC1,0.0016576006666666667,6.359335772655123e-4
Nasal Tissue,96,Pam1ug+IAV+NTHi,cDC2,3.16934e-4,8.109716214147078e-5
Nasal Tissue,96,Pam1ug+IAV+NTHi,moDCs,4.914786666666667e-5,1.5596909027147373e-5
Nasal Tissue,96,Pam1ug+IAV+NTHi,pDCs,0.021160086666666668,0.0015143276961509281
Nasal Tissue,96,Pam1ug+NTHi,B-cells,0.3525882725,0.03948605212963792
Nasal Tissue,96,Pam1ug+NTHi,CD103+CD4+ T-cells,0.0083352025,0.0020974224414627867
Nasal Tissue,96,Pam1ug+NTHi,CD206+ Macrophages,0.010701736,0.0018499540508489576
Nasal Tissue,96,Pam1ug+NTHi,CD4+ T-cells,0.016604302833333334,0.00615434629761587
Nasal Tissue,96,Pam1ug+NTHi,CD64+MHCII- Macrophages,0.0040659726666666665,0.0010095632127327695
Nasal Tissue,96,Pam1ug+NTHi,Drop,0.06678606133333334,0.004193378319359049
Nasal Tissue,96,Pam1ug+NTHi,Ly6C(hi)CD64(hi) Monocytes,0.06777676216666667,0.0053314474204142264
Nasal Tissue,96,Pam1ug+NTHi,Ly6C+ NK cells,0.003126410666666667,3.1039621791925523e-4
Nasal Tissue,96,Pam1ug+NTHi,Ly6C+CD8+ T-cells,0.0037735245,4.504390224675441e-4
Nasal Tissue,96,Pam1ug+NTHi,Ly6C- NK cells,0.01653375933333333,0.0011909898186645053
Nasal Tissue,96,Pam1ug+NTHi,Ly6C-CD8+ T-cells,0.0029263383333333333,6.463192396382596e-4
Nasal Tissue,96,Pam1ug+NTHi,Monocytes,0.03172009183333333,0.0027639144305000767
Nasal Tissue,96,Pam1ug+NTHi,Neutrophils,0.3510805851666667,0.03644155745507803
Nasal Tissue,96,Pam1ug+NTHi,Unknown Myeloid,0.04319232283333333,0.004968354736407572
Nasal Tissue,96,Pam1ug+NTHi,cDC1,0.0010418386666666668,2.457976957251182e-4
Nasal Tissue,96,Pam1ug+NTHi,cDC2,7.550955000000001e-4,1.1373192183954632e-4
Nasal Tissue,96,Pam1ug+NTHi,moDCs,4.03422e-5,1.5087099999999998e-5
Nasal Tissue,96,Pam1ug+NTHi,pDCs,0.018978275666666666,7.836510123835169e-4
Nasal Tissue,96,Saline,B-cells,0.487446818,0.012346602245481599
Nasal Tissue,96,Saline,CD103+CD4+ T-cells,0.0042141846666666665,9.90993350985756e-4
Nasal Tissue,96,Saline,CD206+ Macrophages,0.018394165166666667,0.003016843290245324
Nasal Tissue,96,Saline,CD4+ T-cells,0.015680822333333334,0.0027487930235683402
Nasal Tissue,96,Saline,CD64+MHCII- Macrophages,0.003271719,8.005077051220265e-4
Nasal Tissue,96,Saline,Drop,0.056480253,0.0017925686444170935
Nasal Tissue,96,Saline,Ly6C(hi)CD64(hi) Monocytes,0.051063173333333337,0.0032683618591510914
Nasal Tissue,96,Saline,Ly6C+ NK cells,0.004128035833333333,4.1555995489158304e-4
Nasal Tissue,96,Saline,Ly6C+CD8+ T-cells,0.004244990166666667,4.1375332237517375e-4
Nasal Tissue,96,Saline,Ly6C- NK cells,0.018064438333333332,0.001673677528316405
Nasal Tissue,96,Saline,Ly6C-CD8+ T-cells,0.003484849,4.3789540179598455e-4
Nasal Tissue,96,Saline,Monocytes,0.027490786166666666,0.001572876640803879
Nasal Tissue,96,Saline,Neutrophils,0.24666205066666666,0.020976922281023262
Nasal Tissue,96,Saline,Unknown Myeloid,0.040484178,0.0046333441844567955
Nasal Tissue,96,Saline,cDC1,0.0010011298333333332,2.622907144219199e-4
Nasal Tissue,96,Saline,cDC2,6.592046666666667e-4,9.09398964938443e-5
Nasal Tissue,96,Saline,moDCs,7.68234e-5,3.003085149810108e-5
Nasal Tissue,96,Saline,pDCs,0.017165182166666668,0.0014608128014618304
Nasal Tissue,96,Saline+IAV,B-cells,0.4197243706666667,0.018121157221266657
Nasal Tissue,96,Saline+IAV,CD103+CD4+ T-cells,0.004887261,0.001087268925072511
Nasal Tissue,96,Saline+IAV,CD206+ Macrophages,0.020821362,0.004051774543482234
Nasal Tissue,96,Saline+IAV,CD4+ T-cells,0.015591892833333332,0.004170578235564547
Nasal Tissue,96,Saline+IAV,CD64+MHCII- Macrophages,0.007014577333333333,0.0021665550400576284
Nasal Tissue,96,Saline+IAV,Drop,0.059122177166666665,0.002088245454205458
Nasal Tissue,96,Saline+IAV,Ly6C(hi)CD64(hi) Monocytes,0.10597826366666667,0.00889657433986041
Nasal Tissue,96,Saline+IAV,Ly6C+ NK cells,0.010149110666666667,0.002821999039671059
Nasal Tissue,96,Saline+IAV,Ly6C+CD8+ T-cells,0.006503877,0.001125194697926304
Nasal Tissue,96,Saline+IAV,Ly6C- NK cells,0.031018375833333334,0.004290088120836179
Nasal Tissue,96,Saline+IAV,Ly6C-CD8+ T-cells,0.002040836,2.9279070013145343e-4
Nasal Tissue,96,Saline+IAV,Monocytes,0.026654515333333333,0.0016039650844049708
Nasal Tissue,96,Saline+IAV,Neutrophils,0.23849770133333334,0.02110908636868164
Nasal Tissue,96,Saline+IAV,Unknown Myeloid,0.030580230833333333,0.0032737671351387378
Nasal Tissue,96,Saline+IAV,cDC1,0.0010940118333333333,2.0021924408348245e-4
Nasal Tissue,96,Saline+IAV,cDC2,1.2812916666666668e-4,3.0481500933458717e-5
Nasal Tissue,96,Saline+IAV,moDCs,3.3261249999999996e-5,3.1978499999999985e-6
Nasal Tissue,96,Saline+IAV,pDCs,0.0201822205,0.0012995647618452813
Nasal Tissue,96,Saline+IAV+NTHi,B-cells,0.4197243706666667,0.018121157221266657
Nasal Tissue,96,Saline+IAV+NTHi,CD103+CD4+ T-cells,0.004887261,0.001087268925072511
Nasal Tissue,96,Saline+IAV+NTHi,CD206+ Macrophages,0.020821362,0.004051774543482234
Nasal Tissue,96,Saline+IAV+NTHi,CD4+ T-cells,0.015591892833333332,0.004170578235564547
Nasal Tissue,96,Saline+IAV+NTHi,CD64+MHCII- Macrophages,0.007014577333333333,0.0021665550400576284
Nasal Tissue,96,Saline+IAV+NTHi,Drop,0.059122177166666665,0.002088245454205458
Nasal Tissue,96,Saline+IAV+NTHi,Ly6C(hi)CD64(hi) Monocytes,0.10597826366666667,0.00889657433986041
Nasal Tissue,96,Saline+IAV+NTHi,Ly6C+ NK cells,0.010149110666666667,0.002821999039671059
Nasal Tissue,96,Saline+IAV+NTHi,Ly6C+CD8+ T-cells,0.006503877,0.001125194697926304
Nasal Tissue,96,Saline+IAV+NTHi,Ly6C- NK cells,0.031018375833333334,0.004290088120836179
Nasal Tissue,96,Saline+IAV+NTHi,Ly6C-CD8+ T-cells,0.002040836,2.9279070013145343e-4
Nasal Tissue,96,Saline+IAV+NTHi,Monocytes,0.026654515333333333,0.0016039650844049708
Nasal Tissue,96,Saline+IAV+NTHi,Neutrophils,0.23849770133333334,0.02110908636868164
Nasal Tissue,96,Saline+IAV+NTHi,Unknown Myeloid,0.030580230833333333,0.0032737671351387378
Nasal Tissue,96,Saline+IAV+NTHi,cDC1,0.0010940118333333333,2.0021924408348245e-4
Nasal Tissue,96,Saline+IAV+NTHi,cDC2,1.2812916666666668e-4,3.0481500933458717e-5
Nasal Tissue,96,Saline+IAV+NTHi,moDCs,3.3261249999999996e-5,3.1978499999999985e-6
Nasal Tissue,96,Saline+IAV+NTHi,pDCs,0.0201822205,0.0012995647618452813
Nasal Tissue,96,Saline+NTHi,B-cells,0.487446818,0.012346602245481599
Nasal Tissue,96,Saline+NTHi,CD103+CD4+ T-cells,0.0042141846666666665,9.90993350985756e-4
Nasal Tissue,96,Saline+NTHi,CD206+ Macrophages,0.018394165166666667,0.003016843290245324
Nasal Tissue,96,Saline+NTHi,CD4+ T-cells,0.015680822333333334,0.0027487930235683402
Nasal Tissue,96,Saline+NTHi,CD64+MHCII- Macrophages,0.003271719,8.005077051220265e-4
Nasal Tissue,96,Saline+NTHi,Drop,0.056480253,0.0017925686444170935
Nasal Tissue,96,Saline+NTHi,Ly6C(hi)CD64(hi) Monocytes,0.051063173333333337,0.0032683618591510914
Nasal Tissue,96,Saline+NTHi,Ly6C+ NK cells,0.004128035833333333,4.1555995489158304e-4
Nasal Tissue,96,Saline+NTHi,Ly6C+CD8+ T-cells,0.004244990166666667,4.1375332237517375e-4
Nasal Tissue,96,Saline+NTHi,Ly6C- NK cells,0.018064438333333332,0.001673677528316405
Nasal Tissue,96,Saline+NTHi,Ly6C-CD8+ T-cells,0.003484849,4.3789540179598455e-4
Nasal Tissue,96,Saline+NTHi,Monocytes,0.027490786166666666,0.001572876640803879
Nasal Tissue,96,Saline+NTHi,Neutrophils,0.24666205066666666,0.020976922281023262
Nasal Tissue,96,Saline+NTHi,Unknown Myeloid,0.040484178,0.0046333441844567955
Nasal Tissue,96,Saline+NTHi,cDC1,0.0010011298333333332,2.622907144219199e-4
Nasal Tissue,96,Saline+NTHi,cDC2,6.592046666666667e-4,9.09398964938443e-5
Nasal Tissue,96,Saline+NTHi,moDCs,7.68234e-5,3.003085149810108e-5
Nasal Tissue,96,Saline+NTHi,pDCs,0.017165182166666668,0.0014608128014618304
Nasal Tissue,144,Hh,B-cells,0.3546793681666667,0.03520206212772582
Nasal Tissue,144,Hh,CD103+CD4+ T-cells,0.007878921833333333,0.0014346409792823762
Nasal Tissue,144,Hh,CD206+ Macrophages,0.013611898166666667,0.0035293973876618697
Nasal Tissue,144,Hh,CD4+ T-cells,0.02944575216666667,0.007316350956756087
Nasal Tissue,144,Hh,CD64+MHCII- Macrophages,0.0022586605,0.0010200379967648184
Nasal Tissue,144,Hh,Drop,0.06054447216666667,0.002548088663319069
Nasal Tissue,144,Hh,Ly6C(hi)CD64(hi) Monocytes,0.05970470133333333,0.005481380624747557
Nasal Tissue,144,Hh,Ly6C+ NK cells,0.003796575333333333,4.860133181722264e-4
Nasal Tissue,144,Hh,Ly6C+CD8+ T-cells,0.005626578333333333,0.0010679153098368077
Nasal Tissue,144,Hh,Ly6C- NK cells,0.017152850333333334,0.0014411252418150818
Nasal Tissue,144,Hh,Ly6C-CD8+ T-cells,0.0054260875,0.0012269575678367135
Nasal Tissue,144,Hh,Monocytes,0.0405455915,0.004486915551282141
Nasal Tissue,144,Hh,Neutrophils,0.33665795083333333,0.03695942468511589
Nasal Tissue,144,Hh,Unknown Myeloid,0.0416116415,0.005031963883475654
Nasal Tissue,144,Hh,cDC1,0.0016244905,5.140149832148702e-4
Nasal Tissue,144,Hh,cDC2,6.351323333333333e-4,7.094806329452867e-5
Nasal Tissue,144,Hh,moDCs,1.1666755e-4,6.692837223423387e-5
Nasal Tissue,144,Hh,pDCs,0.018721548833333334,0.0020705141667077998
Nasal Tissue,144,Hh+IAV,B-cells,0.2636282845,0.025936500365966054
Nasal Tissue,144,Hh+IAV,CD103+CD4+ T-cells,0.014930062166666667,0.0033725976356555735
Nasal Tissue,144,Hh+IAV,CD206+ Macrophages,0.016797748666666668,0.0031750152284303213
Nasal Tissue,144,Hh+IAV,CD4+ T-cells,0.042761832166666666,0.014522836618955131
Nasal Tissue,144,Hh+IAV,CD64+MHCII- Macrophages,0.0057771421666666664,0.001778445486849202
Nasal Tissue,144,Hh+IAV,Drop,0.055927645166666665,0.0020667980952914977
Nasal Tissue,144,Hh+IAV,Ly6C(hi)CD64(hi) Monocytes,0.08846504899999999,0.008229659135717595
Nasal Tissue,144,Hh+IAV,Ly6C+ NK cells,0.008613668833333333,0.0023852324386598807
Nasal Tissue,144,Hh+IAV,Ly6C+CD8+ T-cells,0.013824384833333333,0.005730051511793726
Nasal Tissue,144,Hh+IAV,Ly6C- NK cells,0.03803504766666667,0.006935835469221247
Nasal Tissue,144,Hh+IAV,Ly6C-CD8+ T-cells,0.0039089765,0.0016037513097589403
Nasal Tissue,144,Hh+IAV,Monocytes,0.037282474499999996,0.00412040682704547
Nasal Tissue,144,Hh+IAV,Neutrophils,0.352107828,0.050020183917773436
Nasal Tissue,144,Hh+IAV,Unknown Myeloid,0.033445626666666665,0.004906379981397634
Nasal Tissue,144,Hh+IAV,cDC1,0.0020542326666666668,4.920482857904406e-4
Nasal Tissue,144,Hh+IAV,cDC2,2.29831e-4,4.7003935177812505e-5
Nasal Tissue,144,Hh+IAV,moDCs,4.8427e-5,9.683662549022107e-6
Nasal Tissue,144,Hh+IAV,pDCs,0.02218595166666667,0.0017021522719438014
Nasal Tissue,144,Hh+IAV+NTHi,B-cells,0.255326848,0.018887181565315794
Nasal Tissue,144,Hh+IAV+NTHi,CD103+CD4+ T-cells,0.022232129,0.0035596995551106085
Nasal Tissue,144,Hh+IAV+NTHi,CD206+ Macrophages,0.011183931333333334,9.603162636825319e-4
Nasal Tissue,144,Hh+IAV+NTHi,CD4+ T-cells,0.053579194999999996,0.00910196621623912
Nasal Tissue,144,Hh+IAV+NTHi,CD64+MHCII- Macrophages,0.0047267185,9.755285139540771e-4
Nasal Tissue,144,Hh+IAV+NTHi,Drop,0.060974347000000005,0.0024192731071210915
Nasal Tissue,144,Hh+IAV+NTHi,Ly6C(hi)CD64(hi) Monocytes,0.081381578,0.004980330305342742
Nasal Tissue,144,Hh+IAV+NTHi,Ly6C+ NK cells,0.007759897,0.0015420538408731823
Nasal Tissue,144,Hh+IAV+NTHi,Ly6C+CD8+ T-cells,0.0151935455,0.0032793904024225784
Nasal Tissue,144,Hh+IAV+NTHi,Ly6C- NK cells,0.03514351883333333,0.005910914704794341
Nasal Tissue,144,Hh+IAV+NTHi,Ly6C-CD8+ T-cells,0.005331334,0.0012181184381989847
Nasal Tissue,144,Hh+IAV+NTHi,Monocytes,0.04314394516666667,0.0029880839974228465
Nasal Tissue,144,Hh+IAV+NTHi,Neutrophils,0.33836444083333334,0.03789482835601463
Nasal Tissue,144,Hh+IAV+NTHi,Unknown Myeloid,0.0411427915,0.0034582723767630445
Nasal Tissue,144,Hh+IAV+NTHi,cDC1,0.0024356313333333333,3.556605093292073e-4
Nasal Tissue,144,Hh+IAV+NTHi,cDC2,2.3272183333333335e-4,4.541036613110614e-5
Nasal Tissue,144,Hh+IAV+NTHi,moDCs,7.632900000000001e-5,1.894812395999492e-5
Nasal Tissue,144,Hh+IAV+NTHi,pDCs,0.021809263,0.0013174774548819171
Nasal Tissue,144,Hh+NTHi,B-cells,0.337488407,0.036934737391029905
Nasal Tissue,144,Hh+NTHi,CD103+CD4+ T-cells,0.017247920666666666,0.003579864858269846
Nasal Tissue,144,Hh+NTHi,CD206+ Macrophages,0.010188763666666666,0.0021229179937398692
Nasal Tissue,144,Hh+NTHi,CD4+ T-cells,0.04020488383333333,0.0097268723334413415
Nasal Tissue,144,Hh+NTHi,CD64+MHCII- Macrophages,0.0018846278333333334,4.114066432054314e-4
Nasal Tissue,144,Hh+NTHi,Drop,0.06800033833333334,0.0048320890411187156
Nasal Tissue,144,Hh+NTHi,Ly6C(hi)CD64(hi) Monocytes,0.069842263,0.011358202847210022
Nasal Tissue,144,Hh+NTHi,Ly6C+ NK cells,0.0037438371666666664,3.893186908629327e-4
Nasal Tissue,144,Hh+NTHi,Ly6C+CD8+ T-cells,0.0038653441666666667,6.496241730478435e-4
Nasal Tissue,144,Hh+NTHi,Ly6C- NK cells,0.014606007166666667,4.714391637574193e-4
Nasal Tissue,144,Hh+NTHi,Ly6C-CD8+ T-cells,0.004111412333333333,5.670919752154064e-4
Nasal Tissue,144,Hh+NTHi,Monocytes,0.045873584833333335,0.00646353821165128
Nasal Tissue,144,Hh+NTHi,Neutrophils,0.318134036,0.04195204442376529
Nasal Tissue,144,Hh+NTHi,Unknown Myeloid,0.03985408483333333,0.004640807799569448
Nasal Tissue,144,Hh+NTHi,cDC1,0.0020108533333333335,4.6561985443210836e-4
Nasal Tissue,144,Hh+NTHi,cDC2,6.361676666666666e-4,6.527857816449266e-5
Nasal Tissue,144,Hh+NTHi,moDCs,1.09075e-4,NA
Nasal Tissue,144,Hh+NTHi,pDCs,0.022289289666666667,8.499839957593971e-4
Nasal Tissue,144,Pam1ug,B-cells,0.19942350550000001,0.03340198486717081
Nasal Tissue,144,Pam1ug,CD103+CD4+ T-cells,0.004486635333333333,6.884859519188304e-4
Nasal Tissue,144,Pam1ug,CD206+ Macrophages,0.0070869033333333335,8.68711162292265e-4
Nasal Tissue,144,Pam1ug,CD4+ T-cells,0.015467489333333334,0.0041825980553108115
Nasal Tissue,144,Pam1ug,CD64+MHCII- Macrophages,0.0014382291666666666,4.1938367277394236e-4
Nasal Tissue,144,Pam1ug,Drop,0.06052332966666667,0.0025726557053801775
Nasal Tissue,144,Pam1ug,Ly6C(hi)CD64(hi) Monocytes,0.08572102883333334,0.009917483439280079
Nasal Tissue,144,Pam1ug,Ly6C+ NK cells,0.003101608666666667,2.764802808060238e-4
Nasal Tissue,144,Pam1ug,Ly6C+CD8+ T-cells,0.004548803333333334,8.885150155954473e-4
Nasal Tissue,144,Pam1ug,Ly6C- NK cells,0.018912002166666667,0.0011207930614650626
Nasal Tissue,144,Pam1ug,Ly6C-CD8+ T-cells,0.0032896635,8.265981563698189e-4
Nasal Tissue,144,Pam1ug,Monocytes,0.0487709845,0.003818610769367386
Nasal Tissue,144,Pam1ug,Neutrophils,0.491139036,0.03555150788704881
Nasal Tissue,144,Pam1ug,Unknown Myeloid,0.036347555000000004,0.004126419230266682
Nasal Tissue,144,Pam1ug,cDC1,9.533606666666666e-4,1.8856654356162384e-4
Nasal Tissue,144,Pam1ug,cDC2,7.07942e-4,7.65529648613734e-5
Nasal Tissue,144,Pam1ug,moDCs,3.706135e-5,6.922749999999998e-6
Nasal Tissue,144,Pam1ug,pDCs,0.018069569666666667,0.0022276129437691773
Nasal Tissue,144,Pam1ug+IAV,B-cells,0.1664396005,0.02204137584662479
Nasal Tissue,144,Pam1ug+IAV,CD103+CD4+ T-cells,0.0098594405,0.0017584470459985758
Nasal Tissue,144,Pam1ug+IAV,CD206+ Macrophages,0.009626788,0.001538190966605274
Nasal Tissue,144,Pam1ug+IAV,CD4+ T-cells,0.026384218333333334,0.006018524874506298
Nasal Tissue,144,Pam1ug+IAV,CD64+MHCII- Macrophages,0.0054114501666666665,0.0014399608257938228
Nasal Tissue,144,Pam1ug+IAV,Drop,0.050084553500000004,0.0017068856041776155
Nasal Tissue,144,Pam1ug+IAV,Ly6C(hi)CD64(hi) Monocytes,0.08945264983333333,0.00970784241038465
Nasal Tissue,144,Pam1ug+IAV,Ly6C+ NK cells,0.0053703886666666666,5.854902582992972e-4
Nasal Tissue,144,Pam1ug+IAV,Ly6C+CD8+ T-cells,0.009243211833333334,0.0018563398287074386
Nasal Tissue,144,Pam1ug+IAV,Ly6C- NK cells,0.031184760833333332,0.00425770785702486
Nasal Tissue,144,Pam1ug+IAV,Ly6C-CD8+ T-cells,0.0038720845,0.0012568483624261588
Nasal Tissue,144,Pam1ug+IAV,Monocytes,0.042778529833333336,0.005308504804313631
Nasal Tissue,144,Pam1ug+IAV,Neutrophils,0.49733702366666666,0.0241087170746306
Nasal Tissue,144,Pam1ug+IAV,Unknown Myeloid,0.03293599033333333,0.003594310844412632
Nasal Tissue,144,Pam1ug+IAV,cDC1,0.002059239,4.128176353564207e-4
Nasal Tissue,144,Pam1ug+IAV,cDC2,2.4224975e-4,3.772900131104939e-5
Nasal Tissue,144,Pam1ug+IAV,moDCs,7.6627625e-5,4.404066460969859e-5
Nasal Tissue,144,Pam1ug+IAV,pDCs,0.0176667355,0.0013192118337038159
Nasal Tissue,144,Pam1ug+IAV+NTHi,B-cells,0.17044294516666667,0.011260270612419129
Nasal Tissue,144,Pam1ug+IAV+NTHi,CD103+CD4+ T-cells,0.014165435166666667,0.0027065855289410486
Nasal Tissue,144,Pam1ug+IAV+NTHi,CD206+ Macrophages,0.011363594666666667,0.0022629647575530595
Nasal Tissue,144,Pam1ug+IAV+NTHi,CD4+ T-cells,0.026289372000000002,0.007944762645791
Nasal Tissue,144,Pam1ug+IAV+NTHi,CD64+MHCII- Macrophages,0.007304978333333333,0.0026550321497913814
Nasal Tissue,144,Pam1ug+IAV+NTHi,Drop,0.06130443483333334,0.004080138234310111
Nasal Tissue,144,Pam1ug+IAV+NTHi,Ly6C(hi)CD64(hi) Monocytes,0.10776743333333333,0.010448654997862624
Nasal Tissue,144,Pam1ug+IAV+NTHi,Ly6C+ NK cells,0.006894035,0.001238846673280058
Nasal Tissue,144,Pam1ug+IAV+NTHi,Ly6C+CD8+ T-cells,0.0097951075,0.002923046219022806
Nasal Tissue,144,Pam1ug+IAV+NTHi,Ly6C- NK cells,0.031408935166666666,0.005087415922174625
Nasal Tissue,144,Pam1ug+IAV+NTHi,Ly6C-CD8+ T-cells,0.0030243095,0.001050374200341629
Nasal Tissue,144,Pam1ug+IAV+NTHi,Monocytes,0.055874016166666665,0.009742843508359989
Nasal Tissue,144,Pam1ug+IAV+NTHi,Neutrophils,0.4254272935,0.019298847586476493
Nasal Tissue,144,Pam1ug+IAV+NTHi,Unknown Myeloid,0.043063726833333336,0.00452023122099703
Nasal Tissue,144,Pam1ug+IAV+NTHi,cDC1,0.0027212593333333333,3.2660098694570894e-4
Nasal Tissue,144,Pam1ug+IAV+NTHi,cDC2,2.965600666666667e-4,6.830961253892294e-5
Nasal Tissue,144,Pam1ug+IAV+NTHi,moDCs,8.837356666666668e-5,2.1638853448240846e-5
Nasal Tissue,144,Pam1ug+IAV+NTHi,pDCs,0.02281237716666667,0.0014004565476619737
Nasal Tissue,144,Pam1ug+NTHi,B-cells,0.25108389983333335,0.014436693969549023
Nasal Tissue,144,Pam1ug+NTHi,CD103+CD4+ T-cells,0.010781699666666667,0.002616069194652589
Nasal Tissue,144,Pam1ug+NTHi,CD206+ Macrophages,0.009682530166666667,8.469894734875366e-4
Nasal Tissue,144,Pam1ug+NTHi,CD4+ T-cells,0.020231523666666668,0.004967795324178642
Nasal Tissue,144,Pam1ug+NTHi,CD64+MHCII- Macrophages,0.0035306525,4.626582802062267e-4
Nasal Tissue,144,Pam1ug+NTHi,Drop,0.070325666,0.005933466847801327
Nasal Tissue,144,Pam1ug+NTHi,Ly6C(hi)CD64(hi) Monocytes,0.081417058,0.008081588764200193
Nasal Tissue,144,Pam1ug+NTHi,Ly6C+ NK cells,0.004649431833333334,5.822520979491281e-4
Nasal Tissue,144,Pam1ug+NTHi,Ly6C+CD8+ T-cells,0.004660977,8.220256156733398e-4
Nasal Tissue,144,Pam1ug+NTHi,Ly6C- NK cells,0.017774217666666665,0.0011255035898960865
Nasal Tissue,144,Pam1ug+NTHi,Ly6C-CD8+ T-cells,0.0039151306666666665,0.0012103057533044746
Nasal Tissue,144,Pam1ug+NTHi,Monocytes,0.06395742333333333,0.012759336338093468
Nasal Tissue,144,Pam1ug+NTHi,Neutrophils,0.390279226,0.02471713017822104
Nasal Tissue,144,Pam1ug+NTHi,Unknown Myeloid,0.04268918233333333,0.0031319535841519397
Nasal Tissue,144,Pam1ug+NTHi,cDC1,0.0021428048333333332,3.369077473944875e-4
Nasal Tissue,144,Pam1ug+NTHi,cDC2,8.485321666666666e-4,1.285821061844446e-4
Nasal Tissue,144,Pam1ug+NTHi,moDCs,1.0640709999999999e-4,5.55889e-5
Nasal Tissue,144,Pam1ug+NTHi,pDCs,0.021994575333333332,0.0026953621715440114
Nasal Tissue,144,Saline,B-cells,0.3999436945,0.03458572458864113
Nasal Tissue,144,Saline,CD103+CD4+ T-cells,0.003584388333333333,4.6858664953387e-4
Nasal Tissue,144,Saline,CD206+ Macrophages,0.010530556166666667,0.0015245058033913903
Nasal Tissue,144,Saline,CD4+ T-cells,0.0226794935,0.00671860344151813
Nasal Tissue,144,Saline,CD64+MHCII- Macrophages,9.233443333333334e-4,2.0992258536734707e-4
Nasal Tissue,144,Saline,Drop,0.058259038,0.0018277344102428737
Nasal Tissue,144,Saline,Ly6C(hi)CD64(hi) Monocytes,0.04639605583333333,0.003741347285980809
Nasal Tissue,144,Saline,Ly6C+ NK cells,0.0033123985,2.0162208994068583e-4
Nasal Tissue,144,Saline,Ly6C+CD8+ T-cells,0.005597071,0.0013448928149773374
Nasal Tissue,144,Saline,Ly6C- NK cells,0.015905961,7.775679485324312e-4
Nasal Tissue,144,Saline,Ly6C-CD8+ T-cells,0.003996851833333334,8.981465293337319e-4
Nasal Tissue,144,Saline,Monocytes,0.03754442366666667,0.003683305789609064
Nasal Tissue,144,Saline,Neutrophils,0.32885164033333336,0.040389459451375544
Nasal Tissue,144,Saline,Unknown Myeloid,0.04474244816666667,0.005037500256868311
Nasal Tissue,144,Saline,cDC1,7.852388333333333e-4,5.7776242158530096e-5
Nasal Tissue,144,Saline,cDC2,4.7411633333333333e-4,8.959578815869517e-5
Nasal Tissue,144,Saline,moDCs,2.16598375e-4,1.621852316120695e-4
Nasal Tissue,144,Saline,pDCs,0.016328879833333334,9.740486248321974e-4
Nasal Tissue,144,Saline+IAV,B-cells,0.266178054,0.02626475741798405
Nasal Tissue,144,Saline+IAV,CD103+CD4+ T-cells,0.008421849166666667,0.001293891363269174
Nasal Tissue,144,Saline+IAV,CD206+ Macrophages,0.017123415833333332,0.0032118408545677812
Nasal Tissue,144,Saline+IAV,CD4+ T-cells,0.031500760333333336,0.004653966255068285
Nasal Tissue,144,Saline+IAV,CD64+MHCII- Macrophages,0.006762427,0.0023299356469723507
Nasal Tissue,144,Saline+IAV,Drop,0.060153096,0.0025697921883704533
Nasal Tissue,144,Saline+IAV,Ly6C(hi)CD64(hi) Monocytes,0.09461715966666667,0.009087197935343565
Nasal Tissue,144,Saline+IAV,Ly6C+ NK cells,0.011263279000000001,0.0019420943178981125
Nasal Tissue,144,Saline+IAV,Ly6C+CD8+ T-cells,0.013462965333333334,0.002058581573427598
Nasal Tissue,144,Saline+IAV,Ly6C- NK cells,0.04928157733333333,0.005599218080334811
Nasal Tissue,144,Saline+IAV,Ly6C-CD8+ T-cells,0.003183665,6.804379322121405e-4
Nasal Tissue,144,Saline+IAV,Monocytes,0.03702008516666667,0.00538431839263564
Nasal Tissue,144,Saline+IAV,Neutrophils,0.3387164223333333,0.03173327083211096
Nasal Tissue,144,Saline+IAV,Unknown Myeloid,0.03946080166666667,0.005094743164839151
Nasal Tissue,144,Saline+IAV,cDC1,0.0018937895,2.7675198337630155e-4
Nasal Tissue,144,Saline+IAV,cDC2,1.7761616666666668e-4,7.038942492310744e-5
Nasal Tissue,144,Saline+IAV,moDCs,1.1497352e-4,4.72638041379172e-5
Nasal Tissue,144,Saline+IAV,pDCs,0.0206872255,0.002140127919940858
Nasal Tissue,144,Saline+IAV+NTHi,B-cells,0.27731671966666666,0.027172680777197387
Nasal Tissue,144,Saline+IAV+NTHi,CD103+CD4+ T-cells,0.0133323495,0.003033125596016973
Nasal Tissue,144,Saline+IAV+NTHi,CD206+ Macrophages,0.010137101833333334,8.823272530273718e-4
Nasal Tissue,144,Saline+IAV+NTHi,CD4+ T-cells,0.03921832966666667,0.008320252912885585
Nasal Tissue,144,Saline+IAV+NTHi,CD64+MHCII- Macrophages,0.0051722005,0.0010184274988069516
Nasal Tissue,144,Saline+IAV+NTHi,Drop,0.058593437,0.003370499368518055
Nasal Tissue,144,Saline+IAV+NTHi,Ly6C(hi)CD64(hi) Monocytes,0.07928701333333334,0.003577250178481079
Nasal Tissue,144,Saline+IAV+NTHi,Ly6C+ NK cells,0.0094569735,0.001874129108129298
Nasal Tissue,144,Saline+IAV+NTHi,Ly6C+CD8+ T-cells,0.016935336,0.0032076591379299225
Nasal Tissue,144,Saline+IAV+NTHi,Ly6C- NK cells,0.04009972,0.005997447589370842
Nasal Tissue,144,Saline+IAV+NTHi,Ly6C-CD8+ T-cells,0.004755729,0.0010782888653684906
Nasal Tissue,144,Saline+IAV+NTHi,Monocytes,0.040540323333333336,0.005387195062751133
Nasal Tissue,144,Saline+IAV+NTHi,Neutrophils,0.3363424191666667,0.021146584316781843
Nasal Tissue,144,Saline+IAV+NTHi,Unknown Myeloid,0.0454125445,0.004858204220622354
Nasal Tissue,144,Saline+IAV+NTHi,cDC1,0.002142745,3.994052541371984e-4
Nasal Tissue,144,Saline+IAV+NTHi,cDC2,2.96552e-4,6.751030405402323e-5
Nasal Tissue,144,Saline+IAV+NTHi,moDCs,5.667845e-5,1.0041332653296904e-5
Nasal Tissue,144,Saline+IAV+NTHi,pDCs,0.020922719666666666,0.0016711489956812283
Nasal Tissue,144,Saline+NTHi,B-cells,0.3874809573333333,0.02282072628895131
Nasal Tissue,144,Saline+NTHi,CD103+CD4+ T-cells,0.006228115833333333,0.0014004689876449348
Nasal Tissue,144,Saline+NTHi,CD206+ Macrophages,0.0127066705,0.0027419565756849947
Nasal Tissue,144,Saline+NTHi,CD4+ T-cells,0.024589192666666666,0.008488065691231856
Nasal Tissue,144,Saline+NTHi,CD64+MHCII- Macrophages,0.00283583,9.503162444410108e-4
Nasal Tissue,144,Saline+NTHi,Drop,0.06558017133333334,0.0029847744404403564
Nasal Tissue,144,Saline+NTHi,Ly6C(hi)CD64(hi) Monocytes,0.05027845,0.0051455459825559165
Nasal Tissue,144,Saline+NTHi,Ly6C+ NK cells,0.0049283508333333335,5.456030670629469e-4
Nasal Tissue,144,Saline+NTHi,Ly6C+CD8+ T-cells,0.0054547585,6.981140768332328e-4
Nasal Tissue,144,Saline+NTHi,Ly6C- NK cells,0.0175250455,0.001019421489371194
Nasal Tissue,144,Saline+NTHi,Ly6C-CD8+ T-cells,0.005234549666666666,0.001412881448830785
Nasal Tissue,144,Saline+NTHi,Monocytes,0.0447031925,0.004986033406293897
Nasal Tissue,144,Saline+NTHi,Neutrophils,0.3030464378333333,0.021150637324254182
Nasal Tissue,144,Saline+NTHi,Unknown Myeloid,0.0474953065,0.007033560711979401
Nasal Tissue,144,Saline+NTHi,cDC1,0.0016253931666666667,2.8371508679570504e-4
Nasal Tissue,144,Saline+NTHi,cDC2,6.0918e-4,1.1234606273059445e-4
Nasal Tissue,144,Saline+NTHi,moDCs,5.7224333333333334e-5,1.1304489264938558e-5
Nasal Tissue,144,Saline+NTHi,pDCs,0.019649785166666666,0.0024232859718236097
Spleen,2,Hh,B-cells,0.5543842738333333,0.00846808043782981
Spleen,2,Hh,CD103+CD4+ T-cells,0.006828199833333333,6.713043469887768e-4
Spleen,2,Hh,CD206+ Macrophages,0.0115583725,0.0013668220805276195
Spleen,2,Hh,CD4+ T-cells,0.20599316483333333,0.002591472189643849
Spleen,2,Hh,CD64+MHCII- Macrophages,8.839643e-5,2.9952843828880428e-5
Spleen,2,Hh,Drop,0.026835605666666665,0.005328380472107085
Spleen,2,Hh,Ly6C(hi)CD64(hi) Monocytes,0.0033562820000000004,3.152604196410749e-4
Spleen,2,Hh,Ly6C+ NK cells,0.014271503,0.001988343271867914
Spleen,2,Hh,Ly6C+CD8+ T-cells,0.06824873033333334,0.004770501989042862
Spleen,2,Hh,Ly6C- NK cells,0.020861616833333332,0.0029629941239604283
Spleen,2,Hh,Ly6C-CD8+ T-cells,0.05784426916666667,0.0037757530275843213
Spleen,2,Hh,Monocytes,0.0025675775,4.1265564839679995e-4
Spleen,2,Hh,Neutrophils,0.0028908208333333334,8.922041851057944e-4
Spleen,2,Hh,Unknown Myeloid,0.005264799166666666,3.568075353742235e-4
Spleen,2,Hh,cDC1,0.004070671333333334,3.0015891450659564e-4
Spleen,2,Hh,cDC2,0.007637234666666667,6.327104870175439e-4
Spleen,2,Hh,moDCs,3.7549966666666665e-5,1.358927918330394e-5
Spleen,2,Hh,pDCs,0.007260932166666667,7.938851618789887e-4
Spleen,2,Hh+IAV,B-cells,0.5543842738333333,0.00846808043782981
Spleen,2,Hh+IAV,CD103+CD4+ T-cells,0.006828199833333333,6.713043469887768e-4
Spleen,2,Hh+IAV,CD206+ Macrophages,0.0115583725,0.0013668220805276195
Spleen,2,Hh+IAV,CD4+ T-cells,0.20599316483333333,0.002591472189643849
Spleen,2,Hh+IAV,CD64+MHCII- Macrophages,8.839643e-5,2.9952843828880428e-5
Spleen,2,Hh+IAV,Drop,0.026835605666666665,0.005328380472107085
Spleen,2,Hh+IAV,Ly6C(hi)CD64(hi) Monocytes,0.0033562820000000004,3.152604196410749e-4
Spleen,2,Hh+IAV,Ly6C+ NK cells,0.014271503,0.001988343271867914
Spleen,2,Hh+IAV,Ly6C+CD8+ T-cells,0.06824873033333334,0.004770501989042862
Spleen,2,Hh+IAV,Ly6C- NK cells,0.020861616833333332,0.0029629941239604283
Spleen,2,Hh+IAV,Ly6C-CD8+ T-cells,0.05784426916666667,0.0037757530275843213
Spleen,2,Hh+IAV,Monocytes,0.0025675775,4.1265564839679995e-4
Spleen,2,Hh+IAV,Neutrophils,0.0028908208333333334,8.922041851057944e-4
Spleen,2,Hh+IAV,Unknown Myeloid,0.005264799166666666,3.568075353742235e-4
Spleen,2,Hh+IAV,cDC1,0.004070671333333334,3.0015891450659564e-4
Spleen,2,Hh+IAV,cDC2,0.007637234666666667,6.327104870175439e-4
Spleen,2,Hh+IAV,moDCs,3.7549966666666665e-5,1.358927918330394e-5
Spleen,2,Hh+IAV,pDCs,0.007260932166666667,7.938851618789887e-4
Spleen,2,Hh+IAV+NTHi,B-cells,0.5543842738333333,0.00846808043782981
Spleen,2,Hh+IAV+NTHi,CD103+CD4+ T-cells,0.006828199833333333,6.713043469887768e-4
Spleen,2,Hh+IAV+NTHi,CD206+ Macrophages,0.0115583725,0.0013668220805276195
Spleen,2,Hh+IAV+NTHi,CD4+ T-cells,0.20599316483333333,0.002591472189643849
Spleen,2,Hh+IAV+NTHi,CD64+MHCII- Macrophages,8.839643e-5,2.9952843828880428e-5
Spleen,2,Hh+IAV+NTHi,Drop,0.026835605666666665,0.005328380472107085
Spleen,2,Hh+IAV+NTHi,Ly6C(hi)CD64(hi) Monocytes,0.0033562820000000004,3.152604196410749e-4
Spleen,2,Hh+IAV+NTHi,Ly6C+ NK cells,0.014271503,0.001988343271867914
Spleen,2,Hh+IAV+NTHi,Ly6C+CD8+ T-cells,0.06824873033333334,0.004770501989042862
Spleen,2,Hh+IAV+NTHi,Ly6C- NK cells,0.020861616833333332,0.0029629941239604283
Spleen,2,Hh+IAV+NTHi,Ly6C-CD8+ T-cells,0.05784426916666667,0.0037757530275843213
Spleen,2,Hh+IAV+NTHi,Monocytes,0.0025675775,4.1265564839679995e-4
Spleen,2,Hh+IAV+NTHi,Neutrophils,0.0028908208333333334,8.922041851057944e-4
Spleen,2,Hh+IAV+NTHi,Unknown Myeloid,0.005264799166666666,3.568075353742235e-4
Spleen,2,Hh+IAV+NTHi,cDC1,0.004070671333333334,3.0015891450659564e-4
Spleen,2,Hh+IAV+NTHi,cDC2,0.007637234666666667,6.327104870175439e-4
Spleen,2,Hh+IAV+NTHi,moDCs,3.7549966666666665e-5,1.358927918330394e-5
Spleen,2,Hh+IAV+NTHi,pDCs,0.007260932166666667,7.938851618789887e-4
Spleen,2,Hh+NTHi,B-cells,0.5543842738333333,0.00846808043782981
Spleen,2,Hh+NTHi,CD103+CD4+ T-cells,0.006828199833333333,6.713043469887768e-4
Spleen,2,Hh+NTHi,CD206+ Macrophages,0.0115583725,0.0013668220805276195
Spleen,2,Hh+NTHi,CD4+ T-cells,0.20599316483333333,0.002591472189643849
Spleen,2,Hh+NTHi,CD64+MHCII- Macrophages,8.839643e-5,2.9952843828880428e-5
Spleen,2,Hh+NTHi,Drop,0.026835605666666665,0.005328380472107085
Spleen,2,Hh+NTHi,Ly6C(hi)CD64(hi) Monocytes,0.0033562820000000004,3.152604196410749e-4
Spleen,2,Hh+NTHi,Ly6C+ NK cells,0.014271503,0.001988343271867914
Spleen,2,Hh+NTHi,Ly6C+CD8+ T-cells,0.06824873033333334,0.004770501989042862
Spleen,2,Hh+NTHi,Ly6C- NK cells,0.020861616833333332,0.0029629941239604283
Spleen,2,Hh+NTHi,Ly6C-CD8+ T-cells,0.05784426916666667,0.0037757530275843213
Spleen,2,Hh+NTHi,Monocytes,0.0025675775,4.1265564839679995e-4
Spleen,2,Hh+NTHi,Neutrophils,0.0028908208333333334,8.922041851057944e-4
Spleen,2,Hh+NTHi,Unknown Myeloid,0.005264799166666666,3.568075353742235e-4
Spleen,2,Hh+NTHi,cDC1,0.004070671333333334,3.0015891450659564e-4
Spleen,2,Hh+NTHi,cDC2,0.007637234666666667,6.327104870175439e-4
Spleen,2,Hh+NTHi,moDCs,3.7549966666666665e-5,1.358927918330394e-5
Spleen,2,Hh+NTHi,pDCs,0.007260932166666667,7.938851618789887e-4
Spleen,2,Pam1ug,B-cells,0.5221617953333333,0.02135207008122931
Spleen,2,Pam1ug,CD103+CD4+ T-cells,0.006238005666666667,0.00019707036412758205
Spleen,2,Pam1ug,CD206+ Macrophages,0.012598378333333334,0.0024677073644468962
Spleen,2,Pam1ug,CD4+ T-cells,0.220063524,0.012534378876352595
Spleen,2,Pam1ug,CD64+MHCII- Macrophages,8.678063333333333e-5,1.854995747613575e-5
Spleen,2,Pam1ug,Drop,0.022161486166666668,6.920409046197304e-4
Spleen,2,Pam1ug,Ly6C(hi)CD64(hi) Monocytes,0.0037267221666666666,3.3392848207826554e-4
Spleen,2,Pam1ug,Ly6C+ NK cells,0.0137079395,0.0020147330846162024
Spleen,2,Pam1ug,Ly6C+CD8+ T-cells,0.08320652583333334,0.005189436612680194
Spleen,2,Pam1ug,Ly6C- NK cells,0.019401320166666666,0.0017594776703940944
Spleen,2,Pam1ug,Ly6C-CD8+ T-cells,0.06285643716666667,0.005829689782159263
Spleen,2,Pam1ug,Monocytes,0.0025639963333333334,2.8551079045722793e-4
Spleen,2,Pam1ug,Neutrophils,0.005280562833333334,0.0012939286311784595
Spleen,2,Pam1ug,Unknown Myeloid,0.005983157,2.024431728123557e-4
Spleen,2,Pam1ug,cDC1,0.0037114115,2.4100995244259803e-4
Spleen,2,Pam1ug,cDC2,0.008677627,4.3675546574347524e-4
Spleen,2,Pam1ug,moDCs,7.84746e-5,4.87151197425741e-6
Spleen,2,Pam1ug,pDCs,0.0074958555,4.952352704519843e-4
Spleen,2,Pam1ug+IAV,B-cells,0.5221617953333333,0.02135207008122931
Spleen,2,Pam1ug+IAV,CD103+CD4+ T-cells,0.006238005666666667,0.00019707036412758205
Spleen,2,Pam1ug+IAV,CD206+ Macrophages,0.012598378333333334,0.0024677073644468962
Spleen,2,Pam1ug+IAV,CD4+ T-cells,0.220063524,0.012534378876352595
Spleen,2,Pam1ug+IAV,CD64+MHCII- Macrophages,8.678063333333333e-5,1.854995747613575e-5
Spleen,2,Pam1ug+IAV,Drop,0.022161486166666668,6.920409046197304e-4
Spleen,2,Pam1ug+IAV,Ly6C(hi)CD64(hi) Monocytes,0.0037267221666666666,3.3392848207826554e-4
Spleen,2,Pam1ug+IAV,Ly6C+ NK cells,0.0137079395,0.0020147330846162024
Spleen,2,Pam1ug+IAV,Ly6C+CD8+ T-cells,0.08320652583333334,0.005189436612680194
Spleen,2,Pam1ug+IAV,Ly6C- NK cells,0.019401320166666666,0.0017594776703940944
Spleen,2,Pam1ug+IAV,Ly6C-CD8+ T-cells,0.06285643716666667,0.005829689782159263
Spleen,2,Pam1ug+IAV,Monocytes,0.0025639963333333334,2.8551079045722793e-4
Spleen,2,Pam1ug+IAV,Neutrophils,0.005280562833333334,0.0012939286311784595
Spleen,2,Pam1ug+IAV,Unknown Myeloid,0.005983157,2.024431728123557e-4
Spleen,2,Pam1ug+IAV,cDC1,0.0037114115,2.4100995244259803e-4
Spleen,2,Pam1ug+IAV,cDC2,0.008677627,4.3675546574347524e-4
Spleen,2,Pam1ug+IAV,moDCs,7.84746e-5,4.87151197425741e-6
Spleen,2,Pam1ug+IAV,pDCs,0.0074958555,4.952352704519843e-4
Spleen,2,Pam1ug+IAV+NTHi,B-cells,0.5221617953333333,0.02135207008122931
Spleen,2,Pam1ug+IAV+NTHi,CD103+CD4+ T-cells,0.006238005666666667,0.00019707036412758205
Spleen,2,Pam1ug+IAV+NTHi,CD206+ Macrophages,0.012598378333333334,0.0024677073644468962
Spleen,2,Pam1ug+IAV+NTHi,CD4+ T-cells,0.220063524,0.012534378876352595
Spleen,2,Pam1ug+IAV+NTHi,CD64+MHCII- Macrophages,8.678063333333333e-5,1.854995747613575e-5
Spleen,2,Pam1ug+IAV+NTHi,Drop,0.022161486166666668,6.920409046197304e-4
Spleen,2,Pam1ug+IAV+NTHi,Ly6C(hi)CD64(hi) Monocytes,0.0037267221666666666,3.3392848207826554e-4
Spleen,2,Pam1ug+IAV+NTHi,Ly6C+ NK cells,0.0137079395,0.0020147330846162024
Spleen,2,Pam1ug+IAV+NTHi,Ly6C+CD8+ T-cells,0.08320652583333334,0.005189436612680194
Spleen,2,Pam1ug+IAV+NTHi,Ly6C- NK cells,0.019401320166666666,0.0017594776703940944
Spleen,2,Pam1ug+IAV+NTHi,Ly6C-CD8+ T-cells,0.06285643716666667,0.005829689782159263
Spleen,2,Pam1ug+IAV+NTHi,Monocytes,0.0025639963333333334,2.8551079045722793e-4
Spleen,2,Pam1ug+IAV+NTHi,Neutrophils,0.005280562833333334,0.0012939286311784595
Spleen,2,Pam1ug+IAV+NTHi,Unknown Myeloid,0.005983157,2.024431728123557e-4
Spleen,2,Pam1ug+IAV+NTHi,cDC1,0.0037114115,2.4100995244259803e-4
Spleen,2,Pam1ug+IAV+NTHi,cDC2,0.008677627,4.3675546574347524e-4
Spleen,2,Pam1ug+IAV+NTHi,moDCs,7.84746e-5,4.87151197425741e-6
Spleen,2,Pam1ug+IAV+NTHi,pDCs,0.0074958555,4.952352704519843e-4
Spleen,2,Pam1ug+NTHi,B-cells,0.5221617953333333,0.02135207008122931
Spleen,2,Pam1ug+NTHi,CD103+CD4+ T-cells,0.006238005666666667,0.00019707036412758205
Spleen,2,Pam1ug+NTHi,CD206+ Macrophages,0.012598378333333334,0.0024677073644468962
Spleen,2,Pam1ug+NTHi,CD4+ T-cells,0.220063524,0.012534378876352595
Spleen,2,Pam1ug+NTHi,CD64+MHCII- Macrophages,8.678063333333333e-5,1.854995747613575e-5
Spleen,2,Pam1ug+NTHi,Drop,0.022161486166666668,6.920409046197304e-4
Spleen,2,Pam1ug+NTHi,Ly6C(hi)CD64(hi) Monocytes,0.0037267221666666666,3.3392848207826554e-4
Spleen,2,Pam1ug+NTHi,Ly6C+ NK cells,0.0137079395,0.0020147330846162024
Spleen,2,Pam1ug+NTHi,Ly6C+CD8+ T-cells,0.08320652583333334,0.005189436612680194
Spleen,2,Pam1ug+NTHi,Ly6C- NK cells,0.019401320166666666,0.0017594776703940944
Spleen,2,Pam1ug+NTHi,Ly6C-CD8+ T-cells,0.06285643716666667,0.005829689782159263
Spleen,2,Pam1ug+NTHi,Monocytes,0.0025639963333333334,2.8551079045722793e-4
Spleen,2,Pam1ug+NTHi,Neutrophils,0.005280562833333334,0.0012939286311784595
Spleen,2,Pam1ug+NTHi,Unknown Myeloid,0.005983157,2.024431728123557e-4
Spleen,2,Pam1ug+NTHi,cDC1,0.0037114115,2.4100995244259803e-4
Spleen,2,Pam1ug+NTHi,cDC2,0.008677627,4.3675546574347524e-4
Spleen,2,Pam1ug+NTHi,moDCs,7.84746e-5,4.87151197425741e-6
Spleen,2,Pam1ug+NTHi,pDCs,0.0074958555,4.952352704519843e-4
Spleen,2,Saline,B-cells,0.5481204753333333,0.021267350497094162
Spleen,2,Saline,CD103+CD4+ T-cells,0.007066266833333334,4.744979546745113e-4
Spleen,2,Saline,CD206+ Macrophages,0.0142739605,0.003542713716767885
Spleen,2,Saline,CD4+ T-cells,0.21122128716666666,0.012238916432841206
Spleen,2,Saline,CD64+MHCII- Macrophages,9.04095e-5,2.3129042451587427e-5
Spleen,2,Saline,Drop,0.022921507833333334,0.001938316557203758
Spleen,2,Saline,Ly6C(hi)CD64(hi) Monocytes,0.0033153206666666664,2.9018240647308565e-4
Spleen,2,Saline,Ly6C+ NK cells,0.013896810666666667,0.001459677295028977
Spleen,2,Saline,Ly6C+CD8+ T-cells,0.07153847716666667,0.0089527074299962945
Spleen,2,Saline,Ly6C- NK cells,0.01966812316666667,7.523052631404985e-4
Spleen,2,Saline,Ly6C-CD8+ T-cells,0.058245283,0.006625207493870101
Spleen,2,Saline,Monocytes,0.0028999545,3.4809706460801513e-4
Spleen,2,Saline,Neutrophils,0.0023225035,6.792270655498916e-4
Spleen,2,Saline,Unknown Myeloid,0.006080923166666667,6.573161630187013e-4
Spleen,2,Saline,cDC1,0.0040550995,3.307656918811008e-4
Spleen,2,Saline,cDC2,0.007348260333333334,5.005692777794545e-4
Spleen,2,Saline,moDCs,7.623791666666667e-5,1.1926321920033762e-5
Spleen,2,Saline,pDCs,0.006859099833333333,3.081577822031453e-4
Spleen,2,Saline+IAV,B-cells,0.5481204753333333,0.021267350497094162
Spleen,2,Saline+IAV,CD103+CD4+ T-cells,0.007066266833333334,4.744979546745113e-4
Spleen,2,Saline+IAV,CD206+ Macrophages,0.0142739605,0.003542713716767885
Spleen,2,Saline+IAV,CD4+ T-cells,0.21122128716666666,0.012238916432841206
Spleen,2,Saline+IAV,CD64+MHCII- Macrophages,9.04095e-5,2.3129042451587427e-5
Spleen,2,Saline+IAV,Drop,0.022921507833333334,0.001938316557203758
Spleen,2,Saline+IAV,Ly6C(hi)CD64(hi) Monocytes,0.0033153206666666664,2.9018240647308565e-4
Spleen,2,Saline+IAV,Ly6C+ NK cells,0.013896810666666667,0.001459677295028977
Spleen,2,Saline+IAV,Ly6C+CD8+ T-cells,0.07153847716666667,0.0089527074299962945
Spleen,2,Saline+IAV,Ly6C- NK cells,0.01966812316666667,7.523052631404985e-4
Spleen,2,Saline+IAV,Ly6C-CD8+ T-cells,0.058245283,0.006625207493870101
Spleen,2,Saline+IAV,Monocytes,0.0028999545,3.4809706460801513e-4
Spleen,2,Saline+IAV,Neutrophils,0.0023225035,6.792270655498916e-4
Spleen,2,Saline+IAV,Unknown Myeloid,0.006080923166666667,6.573161630187013e-4
Spleen,2,Saline+IAV,cDC1,0.0040550995,3.307656918811008e-4
Spleen,2,Saline+IAV,cDC2,0.007348260333333334,5.005692777794545e-4
Spleen,2,Saline+IAV,moDCs,7.623791666666667e-5,1.1926321920033762e-5
Spleen,2,Saline+IAV,pDCs,0.006859099833333333,3.081577822031453e-4
Spleen,2,Saline+IAV+NTHi,B-cells,0.5481204753333333,0.021267350497094162
Spleen,2,Saline+IAV+NTHi,CD103+CD4+ T-cells,0.007066266833333334,4.744979546745113e-4
Spleen,2,Saline+IAV+NTHi,CD206+ Macrophages,0.0142739605,0.003542713716767885
Spleen,2,Saline+IAV+NTHi,CD4+ T-cells,0.21122128716666666,0.012238916432841206
Spleen,2,Saline+IAV+NTHi,CD64+MHCII- Macrophages,9.04095e-5,2.3129042451587427e-5
Spleen,2,Saline+IAV+NTHi,Drop,0.022921507833333334,0.001938316557203758
Spleen,2,Saline+IAV+NTHi,Ly6C(hi)CD64(hi) Monocytes,0.0033153206666666664,2.9018240647308565e-4
Spleen,2,Saline+IAV+NTHi,Ly6C+ NK cells,0.013896810666666667,0.001459677295028977
Spleen,2,Saline+IAV+NTHi,Ly6C+CD8+ T-cells,0.07153847716666667,0.0089527074299962945
Spleen,2,Saline+IAV+NTHi,Ly6C- NK cells,0.01966812316666667,7.523052631404985e-4
Spleen,2,Saline+IAV+NTHi,Ly6C-CD8+ T-cells,0.058245283,0.006625207493870101
Spleen,2,Saline+IAV+NTHi,Monocytes,0.0028999545,3.4809706460801513e-4
Spleen,2,Saline+IAV+NTHi,Neutrophils,0.0023225035,6.792270655498916e-4
Spleen,2,Saline+IAV+NTHi,Unknown Myeloid,0.006080923166666667,6.573161630187013e-4
Spleen,2,Saline+IAV+NTHi,cDC1,0.0040550995,3.307656918811008e-4
Spleen,2,Saline+IAV+NTHi,cDC2,0.007348260333333334,5.005692777794545e-4
Spleen,2,Saline+IAV+NTHi,moDCs,7.623791666666667e-5,1.1926321920033762e-5
Spleen,2,Saline+IAV+NTHi,pDCs,0.006859099833333333,3.081577822031453e-4
Spleen,2,Saline+NTHi,B-cells,0.5481204753333333,0.021267350497094162
Spleen,2,Saline+NTHi,CD103+CD4+ T-cells,0.007066266833333334,4.744979546745113e-4
Spleen,2,Saline+NTHi,CD206+ Macrophages,0.0142739605,0.003542713716767885
Spleen,2,Saline+NTHi,CD4+ T-cells,0.21122128716666666,0.012238916432841206
Spleen,2,Saline+NTHi,CD64+MHCII- Macrophages,9.04095e-5,2.3129042451587427e-5
Spleen,2,Saline+NTHi,Drop,0.022921507833333334,0.001938316557203758
Spleen,2,Saline+NTHi,Ly6C(hi)CD64(hi) Monocytes,0.0033153206666666664,2.9018240647308565e-4
Spleen,2,Saline+NTHi,Ly6C+ NK cells,0.013896810666666667,0.001459677295028977
Spleen,2,Saline+NTHi,Ly6C+CD8+ T-cells,0.07153847716666667,0.0089527074299962945
Spleen,2,Saline+NTHi,Ly6C- NK cells,0.01966812316666667,7.523052631404985e-4
Spleen,2,Saline+NTHi,Ly6C-CD8+ T-cells,0.058245283,0.006625207493870101
Spleen,2,Saline+NTHi,Monocytes,0.0028999545,3.4809706460801513e-4
Spleen,2,Saline+NTHi,Neutrophils,0.0023225035,6.792270655498916e-4
Spleen,2,Saline+NTHi,Unknown Myeloid,0.006080923166666667,6.573161630187013e-4
Spleen,2,Saline+NTHi,cDC1,0.0040550995,3.307656918811008e-4
Spleen,2,Saline+NTHi,cDC2,0.007348260333333334,5.005692777794545e-4
Spleen,2,Saline+NTHi,moDCs,7.623791666666667e-5,1.1926321920033762e-5
Spleen,2,Saline+NTHi,pDCs,0.006859099833333333,3.081577822031453e-4
Spleen,6,Hh,B-cells,0.49977649783333333,0.011021938279429256
Spleen,6,Hh,CD103+CD4+ T-cells,0.005194094166666666,4.063783772577323e-4
Spleen,6,Hh,CD206+ Macrophages,0.011949922833333333,0.0014158972270168584
Spleen,6,Hh,CD4+ T-cells,0.22116035633333334,0.008307763973652165
Spleen,6,Hh,CD64+MHCII- Macrophages,7.427092e-5,1.5170136277021379e-5
Spleen,6,Hh,Drop,0.016120656166666667,0.0012280918514600177
Spleen,6,Hh,Ly6C(hi)CD64(hi) Monocytes,0.0045159345,5.944863776393171e-4
Spleen,6,Hh,Ly6C+ NK cells,0.008289802166666667,0.001106965649557908
Spleen,6,Hh,Ly6C+CD8+ T-cells,0.08764251566666667,0.009155325842379857
Spleen,6,Hh,Ly6C- NK cells,0.012418498833333333,8.27396470358172e-4
Spleen,6,Hh,Ly6C-CD8+ T-cells,0.06681626383333333,0.008035207838097342
Spleen,6,Hh,Monocytes,0.0022769628333333333,3.774725917130423e-4
Spleen,6,Hh,Neutrophils,0.03982810316666666,0.007362591800095546
Spleen,6,Hh,Unknown Myeloid,0.005605373833333333,3.072252267941135e-4
Spleen,6,Hh,cDC1,0.0033624391666666666,3.3852477926944697e-4
Spleen,6,Hh,cDC2,0.006747818833333333,6.102456960459678e-4
Spleen,6,Hh,moDCs,3.7816833333333334e-5,7.944144267600159e-6
Spleen,6,Hh,pDCs,0.008195050666666667,3.1022769958807854e-4
Spleen,6,Hh+IAV,B-cells,0.49977649783333333,0.011021938279429256
Spleen,6,Hh+IAV,CD103+CD4+ T-cells,0.005194094166666666,4.063783772577323e-4
Spleen,6,Hh+IAV,CD206+ Macrophages,0.011949922833333333,0.0014158972270168584
Spleen,6,Hh+IAV,CD4+ T-cells,0.22116035633333334,0.008307763973652165
Spleen,6,Hh+IAV,CD64+MHCII- Macrophages,7.427092e-5,1.5170136277021379e-5
Spleen,6,Hh+IAV,Drop,0.016120656166666667,0.0012280918514600177
Spleen,6,Hh+IAV,Ly6C(hi)CD64(hi) Monocytes,0.0045159345,5.944863776393171e-4
Spleen,6,Hh+IAV,Ly6C+ NK cells,0.008289802166666667,0.001106965649557908
Spleen,6,Hh+IAV,Ly6C+CD8+ T-cells,0.08764251566666667,0.009155325842379857
Spleen,6,Hh+IAV,Ly6C- NK cells,0.012418498833333333,8.27396470358172e-4
Spleen,6,Hh+IAV,Ly6C-CD8+ T-cells,0.06681626383333333,0.008035207838097342
Spleen,6,Hh+IAV,Monocytes,0.0022769628333333333,3.774725917130423e-4
Spleen,6,Hh+IAV,Neutrophils,0.03982810316666666,0.007362591800095546
Spleen,6,Hh+IAV,Unknown Myeloid,0.005605373833333333,3.072252267941135e-4
Spleen,6,Hh+IAV,cDC1,0.0033624391666666666,3.3852477926944697e-4
Spleen,6,Hh+IAV,cDC2,0.006747818833333333,6.102456960459678e-4
Spleen,6,Hh+IAV,moDCs,3.7816833333333334e-5,7.944144267600159e-6
Spleen,6,Hh+IAV,pDCs,0.008195050666666667,3.1022769958807854e-4
Spleen,6,Hh+IAV+NTHi,B-cells,0.49977649783333333,0.011021938279429256
Spleen,6,Hh+IAV+NTHi,CD103+CD4+ T-cells,0.005194094166666666,4.063783772577323e-4
Spleen,6,Hh+IAV+NTHi,CD206+ Macrophages,0.011949922833333333,0.0014158972270168584
Spleen,6,Hh+IAV+NTHi,CD4+ T-cells,0.22116035633333334,0.008307763973652165
Spleen,6,Hh+IAV+NTHi,CD64+MHCII- Macrophages,7.427092e-5,1.5170136277021379e-5
Spleen,6,Hh+IAV+NTHi,Drop,0.016120656166666667,0.0012280918514600177
Spleen,6,Hh+IAV+NTHi,Ly6C(hi)CD64(hi) Monocytes,0.0045159345,5.944863776393171e-4
Spleen,6,Hh+IAV+NTHi,Ly6C+ NK cells,0.008289802166666667,0.001106965649557908
Spleen,6,Hh+IAV+NTHi,Ly6C+CD8+ T-cells,0.08764251566666667,0.009155325842379857
Spleen,6,Hh+IAV+NTHi,Ly6C- NK cells,0.012418498833333333,8.27396470358172e-4
Spleen,6,Hh+IAV+NTHi,Ly6C-CD8+ T-cells,0.06681626383333333,0.008035207838097342
Spleen,6,Hh+IAV+NTHi,Monocytes,0.0022769628333333333,3.774725917130423e-4
Spleen,6,Hh+IAV+NTHi,Neutrophils,0.03982810316666666,0.007362591800095546
Spleen,6,Hh+IAV+NTHi,Unknown Myeloid,0.005605373833333333,3.072252267941135e-4
Spleen,6,Hh+IAV+NTHi,cDC1,0.0033624391666666666,3.3852477926944697e-4
Spleen,6,Hh+IAV+NTHi,cDC2,0.006747818833333333,6.102456960459678e-4
Spleen,6,Hh+IAV+NTHi,moDCs,3.7816833333333334e-5,7.944144267600159e-6
Spleen,6,Hh+IAV+NTHi,pDCs,0.008195050666666667,3.1022769958807854e-4
Spleen,6,Hh+NTHi,B-cells,0.49977649783333333,0.011021938279429256
Spleen,6,Hh+NTHi,CD103+CD4+ T-cells,0.005194094166666666,4.063783772577323e-4
Spleen,6,Hh+NTHi,CD206+ Macrophages,0.011949922833333333,0.0014158972270168584
Spleen,6,Hh+NTHi,CD4+ T-cells,0.22116035633333334,0.008307763973652165
Spleen,6,Hh+NTHi,CD64+MHCII- Macrophages,7.427092e-5,1.5170136277021379e-5
Spleen,6,Hh+NTHi,Drop,0.016120656166666667,0.0012280918514600177
Spleen,6,Hh+NTHi,Ly6C(hi)CD64(hi) Monocytes,0.0045159345,5.944863776393171e-4
Spleen,6,Hh+NTHi,Ly6C+ NK cells,0.008289802166666667,0.001106965649557908
Spleen,6,Hh+NTHi,Ly6C+CD8+ T-cells,0.08764251566666667,0.009155325842379857
Spleen,6,Hh+NTHi,Ly6C- NK cells,0.012418498833333333,8.27396470358172e-4
Spleen,6,Hh+NTHi,Ly6C-CD8+ T-cells,0.06681626383333333,0.008035207838097342
Spleen,6,Hh+NTHi,Monocytes,0.0022769628333333333,3.774725917130423e-4
Spleen,6,Hh+NTHi,Neutrophils,0.03982810316666666,0.007362591800095546
Spleen,6,Hh+NTHi,Unknown Myeloid,0.005605373833333333,3.072252267941135e-4
Spleen,6,Hh+NTHi,cDC1,0.0033624391666666666,3.3852477926944697e-4
Spleen,6,Hh+NTHi,cDC2,0.006747818833333333,6.102456960459678e-4
Spleen,6,Hh+NTHi,moDCs,3.7816833333333334e-5,7.944144267600159e-6
Spleen,6,Hh+NTHi,pDCs,0.008195050666666667,3.1022769958807854e-4
Spleen,6,Pam10ug,B-cells,0.46592767749999997,0.0243359432077192
Spleen,6,Pam10ug,CD103+CD4+ T-cells,0.00597151925,5.661426369045429e-4
Spleen,6,Pam10ug,CD206+ Macrophages,0.0122224015,0.001187739471888336
Spleen,6,Pam10ug,CD4+ T-cells,0.23513932775000002,0.008523180907070764
Spleen,6,Pam10ug,CD64+MHCII- Macrophages,6.2010675e-5,2.4065934050588845e-5
Spleen,6,Pam10ug,Drop,0.020818779250000002,0.0033314059744005827
Spleen,6,Pam10ug,Ly6C(hi)CD64(hi) Monocytes,0.005146533,0.0018341120930109025
Spleen,6,Pam10ug,Ly6C+ NK cells,0.0066790025,0.0016834099330837145
Spleen,6,Pam10ug,Ly6C+CD8+ T-cells,0.0900643225,0.00792089932406536
Spleen,6,Pam10ug,Ly6C- NK cells,0.016617174749999998,4.4005326334970986e-4
Spleen,6,Pam10ug,Ly6C-CD8+ T-cells,0.06363015625,0.004858259445303026
Spleen,6,Pam10ug,Monocytes,0.00381566775,0.001251959649203092
Spleen,6,Pam10ug,Neutrophils,0.04717769925,0.011742150213053417
Spleen,6,Pam10ug,Unknown Myeloid,0.00607241175,5.785481993378448e-4
Spleen,6,Pam10ug,cDC1,0.00410065,6.446126297215252e-4
Spleen,6,Pam10ug,cDC2,0.00849847825,0.0010891282228122005
Spleen,6,Pam10ug,moDCs,3.3048275e-5,6.042881716721888e-6
Spleen,6,Pam10ug,pDCs,0.00802314,9.127205791484052e-4
Spleen,6,Pam1ug,B-cells,0.5105959875,0.0075831052866189574
Spleen,6,Pam1ug,CD103+CD4+ T-cells,0.0045046911666666665,3.771291824289937e-4
Spleen,6,Pam1ug,CD206+ Macrophages,0.011969563833333334,0.0014983633767155957
Spleen,6,Pam1ug,CD4+ T-cells,0.2151413785,0.005523546195110474
Spleen,6,Pam1ug,CD64+MHCII- Macrophages,4.902535e-5,1.825837752537631e-5
Spleen,6,Pam1ug,Drop,0.019324674666666666,6.289617922910566e-4
Spleen,6,Pam1ug,Ly6C(hi)CD64(hi) Monocytes,0.0047865308333333335,8.636240169089176e-4
Spleen,6,Pam1ug,Ly6C+ NK cells,0.006809314,5.180546706249577e-4
Spleen,6,Pam1ug,Ly6C+CD8+ T-cells,0.07501777566666668,0.0021853235499081705
Spleen,6,Pam1ug,Ly6C- NK cells,0.012691799666666666,6.043182365437748e-4
Spleen,6,Pam1ug,Ly6C-CD8+ T-cells,0.06957528283333334,0.003111843582376535
Spleen,6,Pam1ug,Monocytes,0.0027314228333333336,3.2464635297201137e-4
Spleen,6,Pam1ug,Neutrophils,0.04388874583333333,0.004863446465280333
Spleen,6,Pam1ug,Unknown Myeloid,0.0062842501666666665,6.857221650918308e-4
Spleen,6,Pam1ug,cDC1,0.0032255736666666666,1.8669159525943078e-4
Spleen,6,Pam1ug,cDC2,0.006718508166666667,7.58812154864229e-4
Spleen,6,Pam1ug,moDCs,2.0376095e-5,4.4681267473545335e-6
Spleen,6,Pam1ug,pDCs,0.006665099833333334,6.36857094144645e-4
Spleen,6,Pam1ug+IAV,B-cells,0.5105959875,0.0075831052866189574
Spleen,6,Pam1ug+IAV,CD103+CD4+ T-cells,0.0045046911666666665,3.771291824289937e-4
Spleen,6,Pam1ug+IAV,CD206+ Macrophages,0.011969563833333334,0.0014983633767155957
Spleen,6,Pam1ug+IAV,CD4+ T-cells,0.2151413785,0.005523546195110474
Spleen,6,Pam1ug+IAV,CD64+MHCII- Macrophages,4.902535e-5,1.825837752537631e-5
Spleen,6,Pam1ug+IAV,Drop,0.019324674666666666,6.289617922910566e-4
Spleen,6,Pam1ug+IAV,Ly6C(hi)CD64(hi) Monocytes,0.0047865308333333335,8.636240169089176e-4
Spleen,6,Pam1ug+IAV,Ly6C+ NK cells,0.006809314,5.180546706249577e-4
Spleen,6,Pam1ug+IAV,Ly6C+CD8+ T-cells,0.07501777566666668,0.0021853235499081705
Spleen,6,Pam1ug+IAV,Ly6C- NK cells,0.012691799666666666,6.043182365437748e-4
Spleen,6,Pam1ug+IAV,Ly6C-CD8+ T-cells,0.06957528283333334,0.003111843582376535
Spleen,6,Pam1ug+IAV,Monocytes,0.0027314228333333336,3.2464635297201137e-4
Spleen,6,Pam1ug+IAV,Neutrophils,0.04388874583333333,0.004863446465280333
Spleen,6,Pam1ug+IAV,Unknown Myeloid,0.0062842501666666665,6.857221650918308e-4
Spleen,6,Pam1ug+IAV,cDC1,0.0032255736666666666,1.8669159525943078e-4
Spleen,6,Pam1ug+IAV,cDC2,0.006718508166666667,7.58812154864229e-4
Spleen,6,Pam1ug+IAV,moDCs,2.0376095e-5,4.4681267473545335e-6
Spleen,6,Pam1ug+IAV,pDCs,0.006665099833333334,6.36857094144645e-4
Spleen,6,Pam1ug+IAV+NTHi,B-cells,0.5105959875,0.0075831052866189574
Spleen,6,Pam1ug+IAV+NTHi,CD103+CD4+ T-cells,0.0045046911666666665,3.771291824289937e-4
Spleen,6,Pam1ug+IAV+NTHi,CD206+ Macrophages,0.011969563833333334,0.0014983633767155957
Spleen,6,Pam1ug+IAV+NTHi,CD4+ T-cells,0.2151413785,0.005523546195110474
Spleen,6,Pam1ug+IAV+NTHi,CD64+MHCII- Macrophages,4.902535e-5,1.825837752537631e-5
Spleen,6,Pam1ug+IAV+NTHi,Drop,0.019324674666666666,6.289617922910566e-4
Spleen,6,Pam1ug+IAV+NTHi,Ly6C(hi)CD64(hi) Monocytes,0.0047865308333333335,8.636240169089176e-4
Spleen,6,Pam1ug+IAV+NTHi,Ly6C+ NK cells,0.006809314,5.180546706249577e-4
Spleen,6,Pam1ug+IAV+NTHi,Ly6C+CD8+ T-cells,0.07501777566666668,0.0021853235499081705
Spleen,6,Pam1ug+IAV+NTHi,Ly6C- NK cells,0.012691799666666666,6.043182365437748e-4
Spleen,6,Pam1ug+IAV+NTHi,Ly6C-CD8+ T-cells,0.06957528283333334,0.003111843582376535
Spleen,6,Pam1ug+IAV+NTHi,Monocytes,0.0027314228333333336,3.2464635297201137e-4
Spleen,6,Pam1ug+IAV+NTHi,Neutrophils,0.04388874583333333,0.004863446465280333
Spleen,6,Pam1ug+IAV+NTHi,Unknown Myeloid,0.0062842501666666665,6.857221650918308e-4
Spleen,6,Pam1ug+IAV+NTHi,cDC1,0.0032255736666666666,1.8669159525943078e-4
Spleen,6,Pam1ug+IAV+NTHi,cDC2,0.006718508166666667,7.58812154864229e-4
Spleen,6,Pam1ug+IAV+NTHi,moDCs,2.0376095e-5,4.4681267473545335e-6
Spleen,6,Pam1ug+IAV+NTHi,pDCs,0.006665099833333334,6.36857094144645e-4
Spleen,6,Pam1ug+NTHi,B-cells,0.5105959875,0.0075831052866189574
Spleen,6,Pam1ug+NTHi,CD103+CD4+ T-cells,0.0045046911666666665,3.771291824289937e-4
Spleen,6,Pam1ug+NTHi,CD206+ Macrophages,0.011969563833333334,0.0014983633767155957
Spleen,6,Pam1ug+NTHi,CD4+ T-cells,0.2151413785,0.005523546195110474
Spleen,6,Pam1ug+NTHi,CD64+MHCII- Macrophages,4.902535e-5,1.825837752537631e-5
Spleen,6,Pam1ug+NTHi,Drop,0.019324674666666666,6.289617922910566e-4
Spleen,6,Pam1ug+NTHi,Ly6C(hi)CD64(hi) Monocytes,0.0047865308333333335,8.636240169089176e-4
Spleen,6,Pam1ug+NTHi,Ly6C+ NK cells,0.006809314,5.180546706249577e-4
Spleen,6,Pam1ug+NTHi,Ly6C+CD8+ T-cells,0.07501777566666668,0.0021853235499081705
Spleen,6,Pam1ug+NTHi,Ly6C- NK cells,0.012691799666666666,6.043182365437748e-4
Spleen,6,Pam1ug+NTHi,Ly6C-CD8+ T-cells,0.06957528283333334,0.003111843582376535
Spleen,6,Pam1ug+NTHi,Monocytes,0.0027314228333333336,3.2464635297201137e-4
Spleen,6,Pam1ug+NTHi,Neutrophils,0.04388874583333333,0.004863446465280333
Spleen,6,Pam1ug+NTHi,Unknown Myeloid,0.0062842501666666665,6.857221650918308e-4
Spleen,6,Pam1ug+NTHi,cDC1,0.0032255736666666666,1.8669159525943078e-4
Spleen,6,Pam1ug+NTHi,cDC2,0.006718508166666667,7.58812154864229e-4
Spleen,6,Pam1ug+NTHi,moDCs,2.0376095e-5,4.4681267473545335e-6
Spleen,6,Pam1ug+NTHi,pDCs,0.006665099833333334,6.36857094144645e-4
Spleen,6,Saline,B-cells,0.5182039913333334,0.009039886130962021
Spleen,6,Saline,CD103+CD4+ T-cells,0.006492643166666667,3.881024218093651e-4
Spleen,6,Saline,CD206+ Macrophages,0.010055672666666668,0.001408044430698612
Spleen,6,Saline,CD4+ T-cells,0.23030451733333335,0.004750268712323538
Spleen,6,Saline,CD64+MHCII- Macrophages,2.987221666666667e-5,5.900783638772999e-6
Spleen,6,Saline,Drop,0.0205577515,0.0027886267001254552
Spleen,6,Saline,Ly6C(hi)CD64(hi) Monocytes,0.0024476073333333332,2.883947304638404e-4
Spleen,6,Saline,Ly6C+ NK cells,0.011709155333333334,8.967751561435629e-4
Spleen,6,Saline,Ly6C+CD8+ T-cells,0.08302876966666667,0.0065320939587483065
Spleen,6,Saline,Ly6C- NK cells,0.01661112983333333,0.0013394599606249631
Spleen,6,Saline,Ly6C-CD8+ T-cells,0.06518853483333334,0.0040262827608421176
Spleen,6,Saline,Monocytes,0.0020289476666666664,2.103044609063515e-4
Spleen,6,Saline,Neutrophils,0.006250016333333334,0.0018892480442568621
Spleen,6,Saline,Unknown Myeloid,0.006635367833333333,6.144730537943016e-4
Spleen,6,Saline,cDC1,0.0037452391666666666,2.191986451193554e-4
Spleen,6,Saline,cDC2,0.008811985833333333,3.8835022067453646e-4
Spleen,6,Saline,moDCs,4.530323333333333e-5,6.310012713810048e-6
Spleen,6,Saline,pDCs,0.007853495333333333,7.896614539714543e-4
Spleen,6,Saline+IAV,B-cells,0.5182039913333334,0.009039886130962021
Spleen,6,Saline+IAV,CD103+CD4+ T-cells,0.006492643166666667,3.881024218093651e-4
Spleen,6,Saline+IAV,CD206+ Macrophages,0.010055672666666668,0.001408044430698612
Spleen,6,Saline+IAV,CD4+ T-cells,0.23030451733333335,0.004750268712323538
Spleen,6,Saline+IAV,CD64+MHCII- Macrophages,2.987221666666667e-5,5.900783638772999e-6
Spleen,6,Saline+IAV,Drop,0.0205577515,0.0027886267001254552
Spleen,6,Saline+IAV,Ly6C(hi)CD64(hi) Monocytes,0.0024476073333333332,2.883947304638404e-4
Spleen,6,Saline+IAV,Ly6C+ NK cells,0.011709155333333334,8.967751561435629e-4
Spleen,6,Saline+IAV,Ly6C+CD8+ T-cells,0.08302876966666667,0.0065320939587483065
Spleen,6,Saline+IAV,Ly6C- NK cells,0.01661112983333333,0.0013394599606249631
Spleen,6,Saline+IAV,Ly6C-CD8+ T-cells,0.06518853483333334,0.0040262827608421176
Spleen,6,Saline+IAV,Monocytes,0.0020289476666666664,2.103044609063515e-4
Spleen,6,Saline+IAV,Neutrophils,0.006250016333333334,0.0018892480442568621
Spleen,6,Saline+IAV,Unknown Myeloid,0.006635367833333333,6.144730537943016e-4
Spleen,6,Saline+IAV,cDC1,0.0037452391666666666,2.191986451193554e-4
Spleen,6,Saline+IAV,cDC2,0.008811985833333333,3.8835022067453646e-4
Spleen,6,Saline+IAV,moDCs,4.530323333333333e-5,6.310012713810048e-6
Spleen,6,Saline+IAV,pDCs,0.007853495333333333,7.896614539714543e-4
Spleen,6,Saline+IAV+NTHi,B-cells,0.5182039913333334,0.009039886130962021
Spleen,6,Saline+IAV+NTHi,CD103+CD4+ T-cells,0.006492643166666667,3.881024218093651e-4
Spleen,6,Saline+IAV+NTHi,CD206+ Macrophages,0.010055672666666668,0.001408044430698612
Spleen,6,Saline+IAV+NTHi,CD4+ T-cells,0.23030451733333335,0.004750268712323538
Spleen,6,Saline+IAV+NTHi,CD64+MHCII- Macrophages,2.987221666666667e-5,5.900783638772999e-6
Spleen,6,Saline+IAV+NTHi,Drop,0.0205577515,0.0027886267001254552
Spleen,6,Saline+IAV+NTHi,Ly6C(hi)CD64(hi) Monocytes,0.0024476073333333332,2.883947304638404e-4
Spleen,6,Saline+IAV+NTHi,Ly6C+ NK cells,0.011709155333333334,8.967751561435629e-4
Spleen,6,Saline+IAV+NTHi,Ly6C+CD8+ T-cells,0.08302876966666667,0.0065320939587483065
Spleen,6,Saline+IAV+NTHi,Ly6C- NK cells,0.01661112983333333,0.0013394599606249631
Spleen,6,Saline+IAV+NTHi,Ly6C-CD8+ T-cells,0.06518853483333334,0.0040262827608421176
Spleen,6,Saline+IAV+NTHi,Monocytes,0.0020289476666666664,2.103044609063515e-4
Spleen,6,Saline+IAV+NTHi,Neutrophils,0.006250016333333334,0.0018892480442568621
Spleen,6,Saline+IAV+NTHi,Unknown Myeloid,0.006635367833333333,6.144730537943016e-4
Spleen,6,Saline+IAV+NTHi,cDC1,0.0037452391666666666,2.191986451193554e-4
Spleen,6,Saline+IAV+NTHi,cDC2,0.008811985833333333,3.8835022067453646e-4
Spleen,6,Saline+IAV+NTHi,moDCs,4.530323333333333e-5,6.310012713810048e-6
Spleen,6,Saline+IAV+NTHi,pDCs,0.007853495333333333,7.896614539714543e-4
Spleen,6,Saline+NTHi,B-cells,0.5182039913333334,0.009039886130962021
Spleen,6,Saline+NTHi,CD103+CD4+ T-cells,0.006492643166666667,3.881024218093651e-4
Spleen,6,Saline+NTHi,CD206+ Macrophages,0.010055672666666668,0.001408044430698612
Spleen,6,Saline+NTHi,CD4+ T-cells,0.23030451733333335,0.004750268712323538
Spleen,6,Saline+NTHi,CD64+MHCII- Macrophages,2.987221666666667e-5,5.900783638772999e-6
Spleen,6,Saline+NTHi,Drop,0.0205577515,0.0027886267001254552
Spleen,6,Saline+NTHi,Ly6C(hi)CD64(hi) Monocytes,0.0024476073333333332,2.883947304638404e-4
Spleen,6,Saline+NTHi,Ly6C+ NK cells,0.011709155333333334,8.967751561435629e-4
Spleen,6,Saline+NTHi,Ly6C+CD8+ T-cells,0.08302876966666667,0.0065320939587483065
Spleen,6,Saline+NTHi,Ly6C- NK cells,0.01661112983333333,0.0013394599606249631
Spleen,6,Saline+NTHi,Ly6C-CD8+ T-cells,0.06518853483333334,0.0040262827608421176
Spleen,6,Saline+NTHi,Monocytes,0.0020289476666666664,2.103044609063515e-4
Spleen,6,Saline+NTHi,Neutrophils,0.006250016333333334,0.0018892480442568621
Spleen,6,Saline+NTHi,Unknown Myeloid,0.006635367833333333,6.144730537943016e-4
Spleen,6,Saline+NTHi,cDC1,0.0037452391666666666,2.191986451193554e-4
Spleen,6,Saline+NTHi,cDC2,0.008811985833333333,3.8835022067453646e-4
Spleen,6,Saline+NTHi,moDCs,4.530323333333333e-5,6.310012713810048e-6
Spleen,6,Saline+NTHi,pDCs,0.007853495333333333,7.896614539714543e-4
Spleen,24,Hh,B-cells,0.47861279766666665,0.012503097168234062
Spleen,24,Hh,CD103+CD4+ T-cells,0.005805259333333333,3.8342307409211095e-4
Spleen,24,Hh,CD206+ Macrophages,0.014851025833333333,0.001955824927965408
Spleen,24,Hh,CD4+ T-cells,0.236609226,0.006614415657224347
Spleen,24,Hh,CD64+MHCII- Macrophages,9.699572666666666e-5,3.3773011943639915e-5
Spleen,24,Hh,Drop,0.025371497833333333,0.00289198070349644
Spleen,24,Hh,Ly6C(hi)CD64(hi) Monocytes,0.0037094771666666667,0.0014197212753847242
Spleen,24,Hh,Ly6C+ NK cells,0.007865790333333334,0.001469033970332197
Spleen,24,Hh,Ly6C+CD8+ T-cells,0.09294419016666666,0.0033793789437547585
Spleen,24,Hh,Ly6C- NK cells,0.014076153666666667,0.0019444258155022816
Spleen,24,Hh,Ly6C-CD8+ T-cells,0.0737985165,0.006450822933567851
Spleen,24,Hh,Monocytes,0.0026428208333333335,9.883692549144919e-4
Spleen,24,Hh,Neutrophils,0.019550325833333333,0.004974823019370032
Spleen,24,Hh,Unknown Myeloid,0.007015506666666667,6.523631186923259e-4
Spleen,24,Hh,cDC1,0.003911712166666667,5.567979033589248e-4
Spleen,24,Hh,cDC2,0.0068628736666666666,3.626551751221967e-4
Spleen,24,Hh,moDCs,8.825558333333334e-5,2.08808879727119e-5
Spleen,24,Hh,pDCs,0.006187575333333334,6.901142891982298e-4
Spleen,24,Hh+IAV,B-cells,0.47861279766666665,0.012503097168234062
Spleen,24,Hh+IAV,CD103+CD4+ T-cells,0.005805259333333333,3.8342307409211095e-4
Spleen,24,Hh+IAV,CD206+ Macrophages,0.014851025833333333,0.001955824927965408
Spleen,24,Hh+IAV,CD4+ T-cells,0.236609226,0.006614415657224347
Spleen,24,Hh+IAV,CD64+MHCII- Macrophages,9.699572666666666e-5,3.3773011943639915e-5
Spleen,24,Hh+IAV,Drop,0.025371497833333333,0.00289198070349644
Spleen,24,Hh+IAV,Ly6C(hi)CD64(hi) Monocytes,0.0037094771666666667,0.0014197212753847242
Spleen,24,Hh+IAV,Ly6C+ NK cells,0.007865790333333334,0.001469033970332197
Spleen,24,Hh+IAV,Ly6C+CD8+ T-cells,0.09294419016666666,0.0033793789437547585
Spleen,24,Hh+IAV,Ly6C- NK cells,0.014076153666666667,0.0019444258155022816
Spleen,24,Hh+IAV,Ly6C-CD8+ T-cells,0.0737985165,0.006450822933567851
Spleen,24,Hh+IAV,Monocytes,0.0026428208333333335,9.883692549144919e-4
Spleen,24,Hh+IAV,Neutrophils,0.019550325833333333,0.004974823019370032
Spleen,24,Hh+IAV,Unknown Myeloid,0.007015506666666667,6.523631186923259e-4
Spleen,24,Hh+IAV,cDC1,0.003911712166666667,5.567979033589248e-4
Spleen,24,Hh+IAV,cDC2,0.0068628736666666666,3.626551751221967e-4
Spleen,24,Hh+IAV,moDCs,8.825558333333334e-5,2.08808879727119e-5
Spleen,24,Hh+IAV,pDCs,0.006187575333333334,6.901142891982298e-4
Spleen,24,Hh+IAV+NTHi,B-cells,0.47861279766666665,0.012503097168234062
Spleen,24,Hh+IAV+NTHi,CD103+CD4+ T-cells,0.005805259333333333,3.8342307409211095e-4
Spleen,24,Hh+IAV+NTHi,CD206+ Macrophages,0.014851025833333333,0.001955824927965408
Spleen,24,Hh+IAV+NTHi,CD4+ T-cells,0.236609226,0.006614415657224347
Spleen,24,Hh+IAV+NTHi,CD64+MHCII- Macrophages,9.699572666666666e-5,3.3773011943639915e-5
Spleen,24,Hh+IAV+NTHi,Drop,0.025371497833333333,0.00289198070349644
Spleen,24,Hh+IAV+NTHi,Ly6C(hi)CD64(hi) Monocytes,0.0037094771666666667,0.0014197212753847242
Spleen,24,Hh+IAV+NTHi,Ly6C+ NK cells,0.007865790333333334,0.001469033970332197
Spleen,24,Hh+IAV+NTHi,Ly6C+CD8+ T-cells,0.09294419016666666,0.0033793789437547585
Spleen,24,Hh+IAV+NTHi,Ly6C- NK cells,0.014076153666666667,0.0019444258155022816
Spleen,24,Hh+IAV+NTHi,Ly6C-CD8+ T-cells,0.0737985165,0.006450822933567851
Spleen,24,Hh+IAV+NTHi,Monocytes,0.0026428208333333335,9.883692549144919e-4
Spleen,24,Hh+IAV+NTHi,Neutrophils,0.019550325833333333,0.004974823019370032
Spleen,24,Hh+IAV+NTHi,Unknown Myeloid,0.007015506666666667,6.523631186923259e-4
Spleen,24,Hh+IAV+NTHi,cDC1,0.003911712166666667,5.567979033589248e-4
Spleen,24,Hh+IAV+NTHi,cDC2,0.0068628736666666666,3.626551751221967e-4
Spleen,24,Hh+IAV+NTHi,moDCs,8.825558333333334e-5,2.08808879727119e-5
Spleen,24,Hh+IAV+NTHi,pDCs,0.006187575333333334,6.901142891982298e-4
Spleen,24,Hh+NTHi,B-cells,0.47861279766666665,0.012503097168234062
Spleen,24,Hh+NTHi,CD103+CD4+ T-cells,0.005805259333333333,3.8342307409211095e-4
Spleen,24,Hh+NTHi,CD206+ Macrophages,0.014851025833333333,0.001955824927965408
Spleen,24,Hh+NTHi,CD4+ T-cells,0.236609226,0.006614415657224347
Spleen,24,Hh+NTHi,CD64+MHCII- Macrophages,9.699572666666666e-5,3.3773011943639915e-5
Spleen,24,Hh+NTHi,Drop,0.025371497833333333,0.00289198070349644
Spleen,24,Hh+NTHi,Ly6C(hi)CD64(hi) Monocytes,0.0037094771666666667,0.0014197212753847242
Spleen,24,Hh+NTHi,Ly6C+ NK cells,0.007865790333333334,0.001469033970332197
Spleen,24,Hh+NTHi,Ly6C+CD8+ T-cells,0.09294419016666666,0.0033793789437547585
Spleen,24,Hh+NTHi,Ly6C- NK cells,0.014076153666666667,0.0019444258155022816
Spleen,24,Hh+NTHi,Ly6C-CD8+ T-cells,0.0737985165,0.006450822933567851
Spleen,24,Hh+NTHi,Monocytes,0.0026428208333333335,9.883692549144919e-4
Spleen,24,Hh+NTHi,Neutrophils,0.019550325833333333,0.004974823019370032
Spleen,24,Hh+NTHi,Unknown Myeloid,0.007015506666666667,6.523631186923259e-4
Spleen,24,Hh+NTHi,cDC1,0.003911712166666667,5.567979033589248e-4
Spleen,24,Hh+NTHi,cDC2,0.0068628736666666666,3.626551751221967e-4
Spleen,24,Hh+NTHi,moDCs,8.825558333333334e-5,2.08808879727119e-5
Spleen,24,Hh+NTHi,pDCs,0.006187575333333334,6.901142891982298e-4
Spleen,24,Pam10ug,B-cells,0.47483581425,0.02132057235069307
Spleen,24,Pam10ug,CD103+CD4+ T-cells,0.005889604,1.4351624114190007e-4
Spleen,24,Pam10ug,CD206+ Macrophages,0.012677765,0.002383201476032013
Spleen,24,Pam10ug,CD4+ T-cells,0.241673452,0.016769667968660206
Spleen,24,Pam10ug,CD64+MHCII- Macrophages,0.00104978475,3.104531326640075e-4
Spleen,24,Pam10ug,Drop,0.02186177775,0.002014077882016002
Spleen,24,Pam10ug,Ly6C(hi)CD64(hi) Monocytes,0.002261586,9.365650875334292e-4
Spleen,24,Pam10ug,Ly6C+ NK cells,0.007206134499999999,0.001115285213760625
Spleen,24,Pam10ug,Ly6C+CD8+ T-cells,0.08435716075,0.002108787649788079
Spleen,24,Pam10ug,Ly6C- NK cells,0.0160376215,3.859284861086097e-4
Spleen,24,Pam10ug,Ly6C-CD8+ T-cells,0.0834157375,0.004059643757466464
Spleen,24,Pam10ug,Monocytes,0.0041682465,0.0017171979485984571
Spleen,24,Pam10ug,Neutrophils,0.017860622,0.0036093089513050142
Spleen,24,Pam10ug,Unknown Myeloid,0.008255403,0.0011139042698626157
Spleen,24,Pam10ug,cDC1,0.0042247795,9.454570982487342e-4
Spleen,24,Pam10ug,cDC2,0.0073604985,8.337232619271318e-4
Spleen,24,Pam10ug,moDCs,2.2248435e-5,1.0184415879857405e-5
Spleen,24,Pam10ug,pDCs,0.006841764,5.510018059261088e-4
Spleen,24,Pam1ug,B-cells,0.5422123165,0.017281256277984085
Spleen,24,Pam1ug,CD103+CD4+ T-cells,0.005170568,6.481759859027999e-4
Spleen,24,Pam1ug,CD206+ Macrophages,0.013353357166666666,0.001951941531301564
Spleen,24,Pam1ug,CD4+ T-cells,0.19621792533333332,0.010446177318501408
Spleen,24,Pam1ug,CD64+MHCII- Macrophages,1.6880603333333332e-4,4.8853798151093416e-5
Spleen,24,Pam1ug,Drop,0.019694889833333333,0.0018170838704111491
Spleen,24,Pam1ug,Ly6C(hi)CD64(hi) Monocytes,0.001963845,1.6435665423685574e-4
Spleen,24,Pam1ug,Ly6C+ NK cells,0.010533294,0.002696472132308312
Spleen,24,Pam1ug,Ly6C+CD8+ T-cells,0.07564269416666666,0.004280801840238442
Spleen,24,Pam1ug,Ly6C- NK cells,0.015536919166666666,0.0023247985365633357
Spleen,24,Pam1ug,Ly6C-CD8+ T-cells,0.064049056,0.0070723059701912555
Spleen,24,Pam1ug,Monocytes,0.0015632318333333333,1.7832145083853795e-4
Spleen,24,Pam1ug,Neutrophils,0.027001373833333335,0.006237068664421113
Spleen,24,Pam1ug,Unknown Myeloid,0.007135175666666667,8.547498581244562e-4
Spleen,24,Pam1ug,cDC1,0.004436444666666667,3.436370967037432e-4
Spleen,24,Pam1ug,cDC2,0.008529803666666667,8.959578295297783e-4
Spleen,24,Pam1ug,moDCs,6.725951666666666e-5,1.4922395017320258e-5
Spleen,24,Pam1ug,pDCs,0.006723039,4.4078854311283244e-4
Spleen,24,Pam1ug+IAV,B-cells,0.5422123165,0.017281256277984085
Spleen,24,Pam1ug+IAV,CD103+CD4+ T-cells,0.005170568,6.481759859027999e-4
Spleen,24,Pam1ug+IAV,CD206+ Macrophages,0.013353357166666666,0.001951941531301564
Spleen,24,Pam1ug+IAV,CD4+ T-cells,0.19621792533333332,0.010446177318501408
Spleen,24,Pam1ug+IAV,CD64+MHCII- Macrophages,1.6880603333333332e-4,4.8853798151093416e-5
Spleen,24,Pam1ug+IAV,Drop,0.019694889833333333,0.0018170838704111491
Spleen,24,Pam1ug+IAV,Ly6C(hi)CD64(hi) Monocytes,0.001963845,1.6435665423685574e-4
Spleen,24,Pam1ug+IAV,Ly6C+ NK cells,0.010533294,0.002696472132308312
Spleen,24,Pam1ug+IAV,Ly6C+CD8+ T-cells,0.07564269416666666,0.004280801840238442
Spleen,24,Pam1ug+IAV,Ly6C- NK cells,0.015536919166666666,0.0023247985365633357
Spleen,24,Pam1ug+IAV,Ly6C-CD8+ T-cells,0.064049056,0.0070723059701912555
Spleen,24,Pam1ug+IAV,Monocytes,0.0015632318333333333,1.7832145083853795e-4
Spleen,24,Pam1ug+IAV,Neutrophils,0.027001373833333335,0.006237068664421113
Spleen,24,Pam1ug+IAV,Unknown Myeloid,0.007135175666666667,8.547498581244562e-4
Spleen,24,Pam1ug+IAV,cDC1,0.004436444666666667,3.436370967037432e-4
Spleen,24,Pam1ug+IAV,cDC2,0.008529803666666667,8.959578295297783e-4
Spleen,24,Pam1ug+IAV,moDCs,6.725951666666666e-5,1.4922395017320258e-5
Spleen,24,Pam1ug+IAV,pDCs,0.006723039,4.4078854311283244e-4
Spleen,24,Pam1ug+IAV+NTHi,B-cells,0.5422123165,0.017281256277984085
Spleen,24,Pam1ug+IAV+NTHi,CD103+CD4+ T-cells,0.005170568,6.481759859027999e-4
Spleen,24,Pam1ug+IAV+NTHi,CD206+ Macrophages,0.013353357166666666,0.001951941531301564
Spleen,24,Pam1ug+IAV+NTHi,CD4+ T-cells,0.19621792533333332,0.010446177318501408
Spleen,24,Pam1ug+IAV+NTHi,CD64+MHCII- Macrophages,1.6880603333333332e-4,4.8853798151093416e-5
Spleen,24,Pam1ug+IAV+NTHi,Drop,0.019694889833333333,0.0018170838704111491
Spleen,24,Pam1ug+IAV+NTHi,Ly6C(hi)CD64(hi) Monocytes,0.001963845,1.6435665423685574e-4
Spleen,24,Pam1ug+IAV+NTHi,Ly6C+ NK cells,0.010533294,0.002696472132308312
Spleen,24,Pam1ug+IAV+NTHi,Ly6C+CD8+ T-cells,0.07564269416666666,0.004280801840238442
Spleen,24,Pam1ug+IAV+NTHi,Ly6C- NK cells,0.015536919166666666,0.0023247985365633357
Spleen,24,Pam1ug+IAV+NTHi,Ly6C-CD8+ T-cells,0.064049056,0.0070723059701912555
Spleen,24,Pam1ug+IAV+NTHi,Monocytes,0.0015632318333333333,1.7832145083853795e-4
Spleen,24,Pam1ug+IAV+NTHi,Neutrophils,0.027001373833333335,0.006237068664421113
Spleen,24,Pam1ug+IAV+NTHi,Unknown Myeloid,0.007135175666666667,8.547498581244562e-4
Spleen,24,Pam1ug+IAV+NTHi,cDC1,0.004436444666666667,3.436370967037432e-4
Spleen,24,Pam1ug+IAV+NTHi,cDC2,0.008529803666666667,8.959578295297783e-4
Spleen,24,Pam1ug+IAV+NTHi,moDCs,6.725951666666666e-5,1.4922395017320258e-5
Spleen,24,Pam1ug+IAV+NTHi,pDCs,0.006723039,4.4078854311283244e-4
Spleen,24,Pam1ug+NTHi,B-cells,0.5422123165,0.017281256277984085
Spleen,24,Pam1ug+NTHi,CD103+CD4+ T-cells,0.005170568,6.481759859027999e-4
Spleen,24,Pam1ug+NTHi,CD206+ Macrophages,0.013353357166666666,0.001951941531301564
Spleen,24,Pam1ug+NTHi,CD4+ T-cells,0.19621792533333332,0.010446177318501408
Spleen,24,Pam1ug+NTHi,CD64+MHCII- Macrophages,1.6880603333333332e-4,4.8853798151093416e-5
Spleen,24,Pam1ug+NTHi,Drop,0.019694889833333333,0.0018170838704111491
Spleen,24,Pam1ug+NTHi,Ly6C(hi)CD64(hi) Monocytes,0.001963845,1.6435665423685574e-4
Spleen,24,Pam1ug+NTHi,Ly6C+ NK cells,0.010533294,0.002696472132308312
Spleen,24,Pam1ug+NTHi,Ly6C+CD8+ T-cells,0.07564269416666666,0.004280801840238442
Spleen,24,Pam1ug+NTHi,Ly6C- NK cells,0.015536919166666666,0.0023247985365633357
Spleen,24,Pam1ug+NTHi,Ly6C-CD8+ T-cells,0.064049056,0.0070723059701912555
Spleen,24,Pam1ug+NTHi,Monocytes,0.0015632318333333333,1.7832145083853795e-4
Spleen,24,Pam1ug+NTHi,Neutrophils,0.027001373833333335,0.006237068664421113
Spleen,24,Pam1ug+NTHi,Unknown Myeloid,0.007135175666666667,8.547498581244562e-4
Spleen,24,Pam1ug+NTHi,cDC1,0.004436444666666667,3.436370967037432e-4
Spleen,24,Pam1ug+NTHi,cDC2,0.008529803666666667,8.959578295297783e-4
Spleen,24,Pam1ug+NTHi,moDCs,6.725951666666666e-5,1.4922395017320258e-5
Spleen,24,Pam1ug+NTHi,pDCs,0.006723039,4.4078854311283244e-4
Spleen,24,Saline,B-cells,0.53566903,0.02054899544909124
Spleen,24,Saline,CD103+CD4+ T-cells,0.006536303,2.3451428563579376e-4
Spleen,24,Saline,CD206+ Macrophages,0.012847957333333333,0.0015168213409835203
Spleen,24,Saline,CD4+ T-cells,0.2229955655,0.013432402482023377
Spleen,24,Saline,CD64+MHCII- Macrophages,8.819292e-5,3.235988419357213e-5
Spleen,24,Saline,Drop,0.021039648666666667,0.001708202561511245
Spleen,24,Saline,Ly6C(hi)CD64(hi) Monocytes,0.0026435971666666667,3.7026540920060905e-4
Spleen,24,Saline,Ly6C+ NK cells,0.010665332999999999,0.0014725823884646774
Spleen,24,Saline,Ly6C+CD8+ T-cells,0.06950763233333333,0.0035771065678877924
Spleen,24,Saline,Ly6C- NK cells,0.018142800833333333,0.0010950514431088132
Spleen,24,Saline,Ly6C-CD8+ T-cells,0.06730346783333334,0.006478833059567202
Spleen,24,Saline,Monocytes,0.0020503685,1.455280066710529e-4
Spleen,24,Saline,Neutrophils,0.003136066,6.811807932329959e-4
Spleen,24,Saline,Unknown Myeloid,0.0066603605,2.5322611190459145e-4
Spleen,24,Saline,cDC1,0.0036415796666666666,2.7785527689940404e-4
Spleen,24,Saline,cDC2,0.008960849,8.586509831290398e-4
Spleen,24,Saline,moDCs,4.283715e-5,1.1816371458242444e-5
Spleen,24,Saline,pDCs,0.008083109166666666,9.917639897483142e-4
Spleen,24,Saline+IAV,B-cells,0.53566903,0.02054899544909124
Spleen,24,Saline+IAV,CD103+CD4+ T-cells,0.006536303,2.3451428563579376e-4
Spleen,24,Saline+IAV,CD206+ Macrophages,0.012847957333333333,0.0015168213409835203
Spleen,24,Saline+IAV,CD4+ T-cells,0.2229955655,0.013432402482023377
Spleen,24,Saline+IAV,CD64+MHCII- Macrophages,8.819292e-5,3.235988419357213e-5
Spleen,24,Saline+IAV,Drop,0.021039648666666667,0.001708202561511245
Spleen,24,Saline+IAV,Ly6C(hi)CD64(hi) Monocytes,0.0026435971666666667,3.7026540920060905e-4
Spleen,24,Saline+IAV,Ly6C+ NK cells,0.010665332999999999,0.0014725823884646774
Spleen,24,Saline+IAV,Ly6C+CD8+ T-cells,0.06950763233333333,0.0035771065678877924
Spleen,24,Saline+IAV,Ly6C- NK cells,0.018142800833333333,0.0010950514431088132
Spleen,24,Saline+IAV,Ly6C-CD8+ T-cells,0.06730346783333334,0.006478833059567202
Spleen,24,Saline+IAV,Monocytes,0.0020503685,1.455280066710529e-4
Spleen,24,Saline+IAV,Neutrophils,0.003136066,6.811807932329959e-4
Spleen,24,Saline+IAV,Unknown Myeloid,0.0066603605,2.5322611190459145e-4
Spleen,24,Saline+IAV,cDC1,0.0036415796666666666,2.7785527689940404e-4
Spleen,24,Saline+IAV,cDC2,0.008960849,8.586509831290398e-4
Spleen,24,Saline+IAV,moDCs,4.283715e-5,1.1816371458242444e-5
Spleen,24,Saline+IAV,pDCs,0.008083109166666666,9.917639897483142e-4
Spleen,24,Saline+IAV+NTHi,B-cells,0.53566903,0.02054899544909124
Spleen,24,Saline+IAV+NTHi,CD103+CD4+ T-cells,0.006536303,2.3451428563579376e-4
Spleen,24,Saline+IAV+NTHi,CD206+ Macrophages,0.012847957333333333,0.0015168213409835203
Spleen,24,Saline+IAV+NTHi,CD4+ T-cells,0.2229955655,0.013432402482023377
Spleen,24,Saline+IAV+NTHi,CD64+MHCII- Macrophages,8.819292e-5,3.235988419357213e-5
Spleen,24,Saline+IAV+NTHi,Drop,0.021039648666666667,0.001708202561511245
Spleen,24,Saline+IAV+NTHi,Ly6C(hi)CD64(hi) Monocytes,0.0026435971666666667,3.7026540920060905e-4
Spleen,24,Saline+IAV+NTHi,Ly6C+ NK cells,0.010665332999999999,0.0014725823884646774
Spleen,24,Saline+IAV+NTHi,Ly6C+CD8+ T-cells,0.06950763233333333,0.0035771065678877924
Spleen,24,Saline+IAV+NTHi,Ly6C- NK cells,0.018142800833333333,0.0010950514431088132
Spleen,24,Saline+IAV+NTHi,Ly6C-CD8+ T-cells,0.06730346783333334,0.006478833059567202
Spleen,24,Saline+IAV+NTHi,Monocytes,0.0020503685,1.455280066710529e-4
Spleen,24,Saline+IAV+NTHi,Neutrophils,0.003136066,6.811807932329959e-4
Spleen,24,Saline+IAV+NTHi,Unknown Myeloid,0.0066603605,2.5322611190459145e-4
Spleen,24,Saline+IAV+NTHi,cDC1,0.0036415796666666666,2.7785527689940404e-4
Spleen,24,Saline+IAV+NTHi,cDC2,0.008960849,8.586509831290398e-4
Spleen,24,Saline+IAV+NTHi,moDCs,4.283715e-5,1.1816371458242444e-5
Spleen,24,Saline+IAV+NTHi,pDCs,0.008083109166666666,9.917639897483142e-4
Spleen,24,Saline+NTHi,B-cells,0.53566903,0.02054899544909124
Spleen,24,Saline+NTHi,CD103+CD4+ T-cells,0.006536303,2.3451428563579376e-4
Spleen,24,Saline+NTHi,CD206+ Macrophages,0.012847957333333333,0.0015168213409835203
Spleen,24,Saline+NTHi,CD4+ T-cells,0.2229955655,0.013432402482023377
Spleen,24,Saline+NTHi,CD64+MHCII- Macrophages,8.819292e-5,3.235988419357213e-5
Spleen,24,Saline+NTHi,Drop,0.021039648666666667,0.001708202561511245
Spleen,24,Saline+NTHi,Ly6C(hi)CD64(hi) Monocytes,0.0026435971666666667,3.7026540920060905e-4
Spleen,24,Saline+NTHi,Ly6C+ NK cells,0.010665332999999999,0.0014725823884646774
Spleen,24,Saline+NTHi,Ly6C+CD8+ T-cells,0.06950763233333333,0.0035771065678877924
Spleen,24,Saline+NTHi,Ly6C- NK cells,0.018142800833333333,0.0010950514431088132
Spleen,24,Saline+NTHi,Ly6C-CD8+ T-cells,0.06730346783333334,0.006478833059567202
Spleen,24,Saline+NTHi,Monocytes,0.0020503685,1.455280066710529e-4
Spleen,24,Saline+NTHi,Neutrophils,0.003136066,6.811807932329959e-4
Spleen,24,Saline+NTHi,Unknown Myeloid,0.0066603605,2.5322611190459145e-4
Spleen,24,Saline+NTHi,cDC1,0.0036415796666666666,2.7785527689940404e-4
Spleen,24,Saline+NTHi,cDC2,0.008960849,8.586509831290398e-4
Spleen,24,Saline+NTHi,moDCs,4.283715e-5,1.1816371458242444e-5
Spleen,24,Saline+NTHi,pDCs,0.008083109166666666,9.917639897483142e-4
Spleen,48,Hh,B-cells,0.5653434566666666,0.01487534566370149
Spleen,48,Hh,CD103+CD4+ T-cells,0.0060636875,3.180720073045044e-4
Spleen,48,Hh,CD206+ Macrophages,0.0147775085,0.001667162227457159
Spleen,48,Hh,CD4+ T-cells,0.2024249525,0.011778793896061
Spleen,48,Hh,CD64+MHCII- Macrophages,1.280579e-4,3.386835064865131e-5
Spleen,48,Hh,Drop,0.019061825833333334,8.37385430575209e-4
Spleen,48,Hh,Ly6C(hi)CD64(hi) Monocytes,0.003318980333333333,6.28180484155505e-4
Spleen,48,Hh,Ly6C+ NK cells,0.011183244,9.95779462960047e-4
Spleen,48,Hh,Ly6C+CD8+ T-cells,0.06718805833333333,0.004803776305041842
Spleen,48,Hh,Ly6C- NK cells,0.016945979,0.0010108874275948834
Spleen,48,Hh,Ly6C-CD8+ T-cells,0.055207313333333334,0.004157017857694436
Spleen,48,Hh,Monocytes,0.0029264015,4.125950288861748e-4
Spleen,48,Hh,Neutrophils,0.007092319666666667,0.0013847035557314705
Spleen,48,Hh,Unknown Myeloid,0.0079646375,8.50666273005568e-4
Spleen,48,Hh,cDC1,0.004335932666666667,6.870097466589862e-4
Spleen,48,Hh,cDC2,0.008593871833333334,5.845753460959172e-4
Spleen,48,Hh,moDCs,1.2788743333333333e-4,4.018877116789935e-5
Spleen,48,Hh,pDCs,0.007337228,4.259640489052256e-4
Spleen,48,Hh+IAV,B-cells,0.5118596895,0.019429835206651987
Spleen,48,Hh+IAV,CD103+CD4+ T-cells,0.006992386666666666,4.1470037834358335e-4
Spleen,48,Hh+IAV,CD206+ Macrophages,0.0137978185,0.0021675204600389935
Spleen,48,Hh+IAV,CD4+ T-cells,0.2252072755,0.010823866352196019
Spleen,48,Hh+IAV,CD64+MHCII- Macrophages,8.963125e-5,1.5136722396449199e-5
Spleen,48,Hh+IAV,Drop,0.018276145,0.001420919441230736
Spleen,48,Hh+IAV,Ly6C(hi)CD64(hi) Monocytes,0.002691442666666667,2.0155179901333332e-4
Spleen,48,Hh+IAV,Ly6C+ NK cells,0.010643656,7.076692945130044e-4
Spleen,48,Hh+IAV,Ly6C+CD8+ T-cells,0.08192058233333332,0.005275298316467753
Spleen,48,Hh+IAV,Ly6C- NK cells,0.01860943,0.0010547077586485906
Spleen,48,Hh+IAV,Ly6C-CD8+ T-cells,0.06651779883333334,0.004835077420128847
Spleen,48,Hh+IAV,Monocytes,0.0028054061666666665,2.6565686701864326e-4
Spleen,48,Hh+IAV,Neutrophils,0.0091250305,0.002908943130090294
Spleen,48,Hh+IAV,Unknown Myeloid,0.007712788333333333,3.1529120053009913e-4
Spleen,48,Hh+IAV,cDC1,0.005121464666666667,3.710256108065558e-4
Spleen,48,Hh+IAV,cDC2,0.010408255833333333,5.722908437046917e-4
Spleen,48,Hh+IAV,moDCs,7.229705e-5,1.0329376436092357e-5
Spleen,48,Hh+IAV,pDCs,0.008148901333333333,5.654714618589616e-4
Spleen,48,Hh+IAV+NTHi,B-cells,0.5118596895,0.019429835206651987
Spleen,48,Hh+IAV+NTHi,CD103+CD4+ T-cells,0.006992386666666666,4.1470037834358335e-4
Spleen,48,Hh+IAV+NTHi,CD206+ Macrophages,0.0137978185,0.0021675204600389935
Spleen,48,Hh+IAV+NTHi,CD4+ T-cells,0.2252072755,0.010823866352196019
Spleen,48,Hh+IAV+NTHi,CD64+MHCII- Macrophages,8.963125e-5,1.5136722396449199e-5
Spleen,48,Hh+IAV+NTHi,Drop,0.018276145,0.001420919441230736
Spleen,48,Hh+IAV+NTHi,Ly6C(hi)CD64(hi) Monocytes,0.002691442666666667,2.0155179901333332e-4
Spleen,48,Hh+IAV+NTHi,Ly6C+ NK cells,0.010643656,7.076692945130044e-4
Spleen,48,Hh+IAV+NTHi,Ly6C+CD8+ T-cells,0.08192058233333332,0.005275298316467753
Spleen,48,Hh+IAV+NTHi,Ly6C- NK cells,0.01860943,0.0010547077586485906
Spleen,48,Hh+IAV+NTHi,Ly6C-CD8+ T-cells,0.06651779883333334,0.004835077420128847
Spleen,48,Hh+IAV+NTHi,Monocytes,0.0028054061666666665,2.6565686701864326e-4
Spleen,48,Hh+IAV+NTHi,Neutrophils,0.0091250305,0.002908943130090294
Spleen,48,Hh+IAV+NTHi,Unknown Myeloid,0.007712788333333333,3.1529120053009913e-4
Spleen,48,Hh+IAV+NTHi,cDC1,0.005121464666666667,3.710256108065558e-4
Spleen,48,Hh+IAV+NTHi,cDC2,0.010408255833333333,5.722908437046917e-4
Spleen,48,Hh+IAV+NTHi,moDCs,7.229705e-5,1.0329376436092357e-5
Spleen,48,Hh+IAV+NTHi,pDCs,0.008148901333333333,5.654714618589616e-4
Spleen,48,Hh+NTHi,B-cells,0.5653434566666666,0.01487534566370149
Spleen,48,Hh+NTHi,CD103+CD4+ T-cells,0.0060636875,3.180720073045044e-4
Spleen,48,Hh+NTHi,CD206+ Macrophages,0.0147775085,0.001667162227457159
Spleen,48,Hh+NTHi,CD4+ T-cells,0.2024249525,0.011778793896061
Spleen,48,Hh+NTHi,CD64+MHCII- Macrophages,1.280579e-4,3.386835064865131e-5
Spleen,48,Hh+NTHi,Drop,0.019061825833333334,8.37385430575209e-4
Spleen,48,Hh+NTHi,Ly6C(hi)CD64(hi) Monocytes,0.003318980333333333,6.28180484155505e-4
Spleen,48,Hh+NTHi,Ly6C+ NK cells,0.011183244,9.95779462960047e-4
Spleen,48,Hh+NTHi,Ly6C+CD8+ T-cells,0.06718805833333333,0.004803776305041842
Spleen,48,Hh+NTHi,Ly6C- NK cells,0.016945979,0.0010108874275948834
Spleen,48,Hh+NTHi,Ly6C-CD8+ T-cells,0.055207313333333334,0.004157017857694436
Spleen,48,Hh+NTHi,Monocytes,0.0029264015,4.125950288861748e-4
Spleen,48,Hh+NTHi,Neutrophils,0.007092319666666667,0.0013847035557314705
Spleen,48,Hh+NTHi,Unknown Myeloid,0.0079646375,8.50666273005568e-4
Spleen,48,Hh+NTHi,cDC1,0.004335932666666667,6.870097466589862e-4
Spleen,48,Hh+NTHi,cDC2,0.008593871833333334,5.845753460959172e-4
Spleen,48,Hh+NTHi,moDCs,1.2788743333333333e-4,4.018877116789935e-5
Spleen,48,Hh+NTHi,pDCs,0.007337228,4.259640489052256e-4
Spleen,48,Pam1ug,B-cells,0.564925423,0.01818760603236502
Spleen,48,Pam1ug,CD103+CD4+ T-cells,0.006042314,4.5761398227122974e-4
Spleen,48,Pam1ug,CD206+ Macrophages,0.015208243666666668,0.0017423562903281804
Spleen,48,Pam1ug,CD4+ T-cells,0.19221262166666667,0.013564885526457114
Spleen,48,Pam1ug,CD64+MHCII- Macrophages,1.1736873333333334e-4,2.5302391413601823e-5
Spleen,48,Pam1ug,Drop,0.023398702166666667,0.003496531702050042
Spleen,48,Pam1ug,Ly6C(hi)CD64(hi) Monocytes,0.002302089833333333,3.7555278676944264e-4
Spleen,48,Pam1ug,Ly6C+ NK cells,0.0111928475,0.0018096785171867731
Spleen,48,Pam1ug,Ly6C+CD8+ T-cells,0.07189068483333333,0.0023269356986388703
Spleen,48,Pam1ug,Ly6C- NK cells,0.01912042816666667,0.0015813766032571838
Spleen,48,Pam1ug,Ly6C-CD8+ T-cells,0.0542819315,0.004098492750825575
Spleen,48,Pam1ug,Monocytes,0.0024528128333333333,3.955539985270799e-4
Spleen,48,Pam1ug,Neutrophils,0.0102448365,0.002329922480146064
Spleen,48,Pam1ug,Unknown Myeloid,0.008611955499999999,8.175253408515545e-4
Spleen,48,Pam1ug,cDC1,0.0041962565,5.381123809499741e-4
Spleen,48,Pam1ug,cDC2,0.007897858833333334,5.797858766351257e-4
Spleen,48,Pam1ug,moDCs,1.8912523333333334e-4,5.308891852604564e-5
Spleen,48,Pam1ug,pDCs,0.005714499833333333,6.733494249552464e-4
Spleen,48,Pam1ug+IAV,B-cells,0.5045814928333333,0.0050758863444348825
Spleen,48,Pam1ug+IAV,CD103+CD4+ T-cells,0.006428382833333334,5.900193780117971e-4
Spleen,48,Pam1ug+IAV,CD206+ Macrophages,0.012621793000000001,0.0012018780030496443
Spleen,48,Pam1ug+IAV,CD4+ T-cells,0.22816297733333335,0.005204322858205402
Spleen,48,Pam1ug+IAV,CD64+MHCII- Macrophages,1.3456091666666666e-4,2.7868957734325323e-5
Spleen,48,Pam1ug+IAV,Drop,0.0166703285,6.88446581435614e-4
Spleen,48,Pam1ug+IAV,Ly6C(hi)CD64(hi) Monocytes,0.0033968548333333333,2.478565412244775e-4
Spleen,48,Pam1ug+IAV,Ly6C+ NK cells,0.010825472666666667,0.0012601637196767114
Spleen,48,Pam1ug+IAV,Ly6C+CD8+ T-cells,0.07910288266666667,0.003137627254813172
Spleen,48,Pam1ug+IAV,Ly6C- NK cells,0.018136847833333334,0.0016448561748967886
Spleen,48,Pam1ug+IAV,Ly6C-CD8+ T-cells,0.073147962,0.008439649576227356
Spleen,48,Pam1ug+IAV,Monocytes,0.0036687161666666664,3.886880895240995e-4
Spleen,48,Pam1ug+IAV,Neutrophils,0.011456673833333333,0.0022846454057465814
Spleen,48,Pam1ug+IAV,Unknown Myeloid,0.008917169333333334,9.224622718302241e-4
Spleen,48,Pam1ug+IAV,cDC1,0.004990363666666667,4.990634341815789e-4
Spleen,48,Pam1ug+IAV,cDC2,0.010060511333333334,5.213861452293405e-4
Spleen,48,Pam1ug+IAV,moDCs,7.671133333333334e-5,1.5050381545588064e-5
Spleen,48,Pam1ug+IAV,pDCs,0.0076202995,7.28275734474645e-4
Spleen,48,Pam1ug+IAV+NTHi,B-cells,0.5045814928333333,0.0050758863444348825
Spleen,48,Pam1ug+IAV+NTHi,CD103+CD4+ T-cells,0.006428382833333334,5.900193780117971e-4
Spleen,48,Pam1ug+IAV+NTHi,CD206+ Macrophages,0.012621793000000001,0.0012018780030496443
Spleen,48,Pam1ug+IAV+NTHi,CD4+ T-cells,0.22816297733333335,0.005204322858205402
Spleen,48,Pam1ug+IAV+NTHi,CD64+MHCII- Macrophages,1.3456091666666666e-4,2.7868957734325323e-5
Spleen,48,Pam1ug+IAV+NTHi,Drop,0.0166703285,6.88446581435614e-4
Spleen,48,Pam1ug+IAV+NTHi,Ly6C(hi)CD64(hi) Monocytes,0.0033968548333333333,2.478565412244775e-4
Spleen,48,Pam1ug+IAV+NTHi,Ly6C+ NK cells,0.010825472666666667,0.0012601637196767114
Spleen,48,Pam1ug+IAV+NTHi,Ly6C+CD8+ T-cells,0.07910288266666667,0.003137627254813172
Spleen,48,Pam1ug+IAV+NTHi,Ly6C- NK cells,0.018136847833333334,0.0016448561748967886
Spleen,48,Pam1ug+IAV+NTHi,Ly6C-CD8+ T-cells,0.073147962,0.008439649576227356
Spleen,48,Pam1ug+IAV+NTHi,Monocytes,0.0036687161666666664,3.886880895240995e-4
Spleen,48,Pam1ug+IAV+NTHi,Neutrophils,0.011456673833333333,0.0022846454057465814
Spleen,48,Pam1ug+IAV+NTHi,Unknown Myeloid,0.008917169333333334,9.224622718302241e-4
Spleen,48,Pam1ug+IAV+NTHi,cDC1,0.004990363666666667,4.990634341815789e-4
Spleen,48,Pam1ug+IAV+NTHi,cDC2,0.010060511333333334,5.213861452293405e-4
Spleen,48,Pam1ug+IAV+NTHi,moDCs,7.671133333333334e-5,1.5050381545588064e-5
Spleen,48,Pam1ug+IAV+NTHi,pDCs,0.0076202995,7.28275734474645e-4
Spleen,48,Pam1ug+NTHi,B-cells,0.564925423,0.01818760603236502
Spleen,48,Pam1ug+NTHi,CD103+CD4+ T-cells,0.006042314,4.5761398227122974e-4
Spleen,48,Pam1ug+NTHi,CD206+ Macrophages,0.015208243666666668,0.0017423562903281804
Spleen,48,Pam1ug+NTHi,CD4+ T-cells,0.19221262166666667,0.013564885526457114
Spleen,48,Pam1ug+NTHi,CD64+MHCII- Macrophages,1.1736873333333334e-4,2.5302391413601823e-5
Spleen,48,Pam1ug+NTHi,Drop,0.023398702166666667,0.003496531702050042
Spleen,48,Pam1ug+NTHi,Ly6C(hi)CD64(hi) Monocytes,0.002302089833333333,3.7555278676944264e-4
Spleen,48,Pam1ug+NTHi,Ly6C+ NK cells,0.0111928475,0.0018096785171867731
Spleen,48,Pam1ug+NTHi,Ly6C+CD8+ T-cells,0.07189068483333333,0.0023269356986388703
Spleen,48,Pam1ug+NTHi,Ly6C- NK cells,0.01912042816666667,0.0015813766032571838
Spleen,48,Pam1ug+NTHi,Ly6C-CD8+ T-cells,0.0542819315,0.004098492750825575
Spleen,48,Pam1ug+NTHi,Monocytes,0.0024528128333333333,3.955539985270799e-4
Spleen,48,Pam1ug+NTHi,Neutrophils,0.0102448365,0.002329922480146064
Spleen,48,Pam1ug+NTHi,Unknown Myeloid,0.008611955499999999,8.175253408515545e-4
Spleen,48,Pam1ug+NTHi,cDC1,0.0041962565,5.381123809499741e-4
Spleen,48,Pam1ug+NTHi,cDC2,0.007897858833333334,5.797858766351257e-4
Spleen,48,Pam1ug+NTHi,moDCs,1.8912523333333334e-4,5.308891852604564e-5
Spleen,48,Pam1ug+NTHi,pDCs,0.005714499833333333,6.733494249552464e-4
Spleen,48,Saline,B-cells,0.5532141801666667,0.018613763675941836
Spleen,48,Saline,CD103+CD4+ T-cells,0.006185603333333334,3.462352461309765e-4
Spleen,48,Saline,CD206+ Macrophages,0.011729626,0.0014837346259842204
Spleen,48,Saline,CD4+ T-cells,0.21059979866666667,0.013137749757569123
Spleen,48,Saline,CD64+MHCII- Macrophages,5.6124345e-5,1.632135555506992e-5
Spleen,48,Saline,Drop,0.0197350385,0.001216829554433563
Spleen,48,Saline,Ly6C(hi)CD64(hi) Monocytes,0.002347774,2.4338653078440203e-4
Spleen,48,Saline,Ly6C+ NK cells,0.011947768,0.001553252482940062
Spleen,48,Saline,Ly6C+CD8+ T-cells,0.0749548165,0.0031087676811948155
Spleen,48,Saline,Ly6C- NK cells,0.019116774166666666,0.0011903958749110153
Spleen,48,Saline,Ly6C-CD8+ T-cells,0.055605996500000004,0.0052355794067255315
Spleen,48,Saline,Monocytes,0.0025253146666666666,2.3835684473420195e-4
Spleen,48,Saline,Neutrophils,0.006002448833333333,0.0012977530999506396
Spleen,48,Saline,Unknown Myeloid,0.007337765666666667,6.322453460566644e-4
Spleen,48,Saline,cDC1,0.003083687333333333,2.0593826631034633e-4
Spleen,48,Saline,cDC2,0.008933721666666667,6.643304965675177e-4
Spleen,48,Saline,moDCs,8.100944e-5,1.2369478006027577e-5
Spleen,48,Saline,pDCs,0.0065560543333333336,2.111731199072879e-4
Spleen,48,Saline+IAV,B-cells,0.5328754208333333,0.018979409559986164
Spleen,48,Saline+IAV,CD103+CD4+ T-cells,0.006551317666666666,3.84581549145706e-4
Spleen,48,Saline+IAV,CD206+ Macrophages,0.012590976,0.0016420108748065386
Spleen,48,Saline+IAV,CD4+ T-cells,0.21033966416666666,0.008626418005914802
Spleen,48,Saline+IAV,CD64+MHCII- Macrophages,4.4305366666666664e-5,1.1647500166063294e-5
Spleen,48,Saline+IAV,Drop,0.0203039905,0.0022641564024074652
Spleen,48,Saline+IAV,Ly6C(hi)CD64(hi) Monocytes,0.0029931211666666666,3.7540396998730284e-4
Spleen,48,Saline+IAV,Ly6C+ NK cells,0.013230754833333334,0.0018664047780670807
Spleen,48,Saline+IAV,Ly6C+CD8+ T-cells,0.07753632633333334,0.004237711069559382
Spleen,48,Saline+IAV,Ly6C- NK cells,0.022325125833333334,0.0019163149627784125
Spleen,48,Saline+IAV,Ly6C-CD8+ T-cells,0.06053378816666667,0.0036607252002641543
Spleen,48,Saline+IAV,Monocytes,0.0029885046666666666,3.4097030990050213e-4
Spleen,48,Saline+IAV,Neutrophils,0.006463401333333334,0.0012933352571927789
Spleen,48,Saline+IAV,Unknown Myeloid,0.008182947333333333,6.604380461135708e-4
Spleen,48,Saline+IAV,cDC1,0.0045003795,3.301412246294759e-4
Spleen,48,Saline+IAV,cDC2,0.009552814,3.9269454132518836e-4
Spleen,48,Saline+IAV,moDCs,4.770785e-5,1.2636868470781571e-5
Spleen,48,Saline+IAV,pDCs,0.008939455166666667,7.538982734935097e-4
Spleen,48,Saline+IAV+NTHi,B-cells,0.5328754208333333,0.018979409559986164
Spleen,48,Saline+IAV+NTHi,CD103+CD4+ T-cells,0.006551317666666666,3.84581549145706e-4
Spleen,48,Saline+IAV+NTHi,CD206+ Macrophages,0.012590976,0.0016420108748065386
Spleen,48,Saline+IAV+NTHi,CD4+ T-cells,0.21033966416666666,0.008626418005914802
Spleen,48,Saline+IAV+NTHi,CD64+MHCII- Macrophages,4.4305366666666664e-5,1.1647500166063294e-5
Spleen,48,Saline+IAV+NTHi,Drop,0.0203039905,0.0022641564024074652
Spleen,48,Saline+IAV+NTHi,Ly6C(hi)CD64(hi) Monocytes,0.0029931211666666666,3.7540396998730284e-4
Spleen,48,Saline+IAV+NTHi,Ly6C+ NK cells,0.013230754833333334,0.0018664047780670807
Spleen,48,Saline+IAV+NTHi,Ly6C+CD8+ T-cells,0.07753632633333334,0.004237711069559382
Spleen,48,Saline+IAV+NTHi,Ly6C- NK cells,0.022325125833333334,0.0019163149627784125
Spleen,48,Saline+IAV+NTHi,Ly6C-CD8+ T-cells,0.06053378816666667,0.0036607252002641543
Spleen,48,Saline+IAV+NTHi,Monocytes,0.0029885046666666666,3.4097030990050213e-4
Spleen,48,Saline+IAV+NTHi,Neutrophils,0.006463401333333334,0.0012933352571927789
Spleen,48,Saline+IAV+NTHi,Unknown Myeloid,0.008182947333333333,6.604380461135708e-4
Spleen,48,Saline+IAV+NTHi,cDC1,0.0045003795,3.301412246294759e-4
Spleen,48,Saline+IAV+NTHi,cDC2,0.009552814,3.9269454132518836e-4
Spleen,48,Saline+IAV+NTHi,moDCs,4.770785e-5,1.2636868470781571e-5
Spleen,48,Saline+IAV+NTHi,pDCs,0.008939455166666667,7.538982734935097e-4
Spleen,48,Saline+NTHi,B-cells,0.5532141801666667,0.018613763675941836
Spleen,48,Saline+NTHi,CD103+CD4+ T-cells,0.006185603333333334,3.462352461309765e-4
Spleen,48,Saline+NTHi,CD206+ Macrophages,0.011729626,0.0014837346259842204
Spleen,48,Saline+NTHi,CD4+ T-cells,0.21059979866666667,0.013137749757569123
Spleen,48,Saline+NTHi,CD64+MHCII- Macrophages,5.6124345e-5,1.632135555506992e-5
Spleen,48,Saline+NTHi,Drop,0.0197350385,0.001216829554433563
Spleen,48,Saline+NTHi,Ly6C(hi)CD64(hi) Monocytes,0.002347774,2.4338653078440203e-4
Spleen,48,Saline+NTHi,Ly6C+ NK cells,0.011947768,0.001553252482940062
Spleen,48,Saline+NTHi,Ly6C+CD8+ T-cells,0.0749548165,0.0031087676811948155
Spleen,48,Saline+NTHi,Ly6C- NK cells,0.019116774166666666,0.0011903958749110153
Spleen,48,Saline+NTHi,Ly6C-CD8+ T-cells,0.055605996500000004,0.0052355794067255315
Spleen,48,Saline+NTHi,Monocytes,0.0025253146666666666,2.3835684473420195e-4
Spleen,48,Saline+NTHi,Neutrophils,0.006002448833333333,0.0012977530999506396
Spleen,48,Saline+NTHi,Unknown Myeloid,0.007337765666666667,6.322453460566644e-4
Spleen,48,Saline+NTHi,cDC1,0.003083687333333333,2.0593826631034633e-4
Spleen,48,Saline+NTHi,cDC2,0.008933721666666667,6.643304965675177e-4
Spleen,48,Saline+NTHi,moDCs,8.100944e-5,1.2369478006027577e-5
Spleen,48,Saline+NTHi,pDCs,0.0065560543333333336,2.111731199072879e-4
Spleen,72,Hh,B-cells,0.5320876033333334,0.02068218967099127
Spleen,72,Hh,CD103+CD4+ T-cells,0.007489968666666667,4.662590132112314e-4
Spleen,72,Hh,CD206+ Macrophages,0.011691114999999998,0.002343590787158273
Spleen,72,Hh,CD4+ T-cells,0.21826903383333335,0.015323931411798821
Spleen,72,Hh,CD64+MHCII- Macrophages,6.651825666666667e-5,2.2281547183367327e-5
Spleen,72,Hh,Drop,0.021078623833333334,0.001609810095569918
Spleen,72,Hh,Ly6C(hi)CD64(hi) Monocytes,0.004422595833333333,6.711159971344953e-4
Spleen,72,Hh,Ly6C+ NK cells,0.013621463833333333,0.0012696229238381349
Spleen,72,Hh,Ly6C+CD8+ T-cells,0.07971839233333333,0.006045813338023234
Spleen,72,Hh,Ly6C- NK cells,0.020909273166666666,0.001484976478928907
Spleen,72,Hh,Ly6C-CD8+ T-cells,0.05463506283333333,0.0038255079959137236
Spleen,72,Hh,Monocytes,0.00238152,3.839078862011911e-4
Spleen,72,Hh,Neutrophils,0.0049033029999999995,0.00238119741704982
Spleen,72,Hh,Unknown Myeloid,0.006651207166666667,2.832364074311323e-4
Spleen,72,Hh,cDC1,0.004417097166666667,4.427082529762626e-4
Spleen,72,Hh,cDC2,0.009306253333333334,8.853395910454049e-4
Spleen,72,Hh,moDCs,8.831891666666666e-5,2.3403784729503572e-5
Spleen,72,Hh,pDCs,0.008262649666666667,5.26549592012102e-4
Spleen,72,Hh+IAV,B-cells,0.553211549,0.012647420785582819
Spleen,72,Hh+IAV,CD103+CD4+ T-cells,0.007434438833333334,2.631104434992293e-4
Spleen,72,Hh+IAV,CD206+ Macrophages,0.013079577333333333,6.653907647505422e-4
Spleen,72,Hh+IAV,CD4+ T-cells,0.1797560695,0.012700179493329565
Spleen,72,Hh+IAV,CD64+MHCII- Macrophages,7.520943333333334e-4,2.777096745373565e-4
Spleen,72,Hh+IAV,Drop,0.019140194,0.0016932572739209086
Spleen,72,Hh+IAV,Ly6C(hi)CD64(hi) Monocytes,0.007236692,4.573822484073179e-4
Spleen,72,Hh+IAV,Ly6C+ NK cells,0.011122575666666667,0.0010791699277136932
Spleen,72,Hh+IAV,Ly6C+CD8+ T-cells,0.09200249183333334,0.0031047512677193265
Spleen,72,Hh+IAV,Ly6C- NK cells,0.017376243,9.466716542514974e-4
Spleen,72,Hh+IAV,Ly6C-CD8+ T-cells,0.04732590316666667,0.004599950417248629
Spleen,72,Hh+IAV,Monocytes,0.0022062451666666665,3.170282275173003e-4
Spleen,72,Hh+IAV,Neutrophils,0.022945613333333333,0.004911229567364876
Spleen,72,Hh+IAV,Unknown Myeloid,0.005548785333333333,3.3439172140696175e-4
Spleen,72,Hh+IAV,cDC1,0.005018826333333334,5.699129410280526e-4
Spleen,72,Hh+IAV,cDC2,0.008250460333333333,6.230606162982682e-4
Spleen,72,Hh+IAV,moDCs,9.757489999999999e-5,1.5619192876095314e-5
Spleen,72,Hh+IAV,pDCs,0.007494665833333333,3.295338116530094e-4
Spleen,72,Hh+IAV+NTHi,B-cells,0.553211549,0.012647420785582819
Spleen,72,Hh+IAV+NTHi,CD103+CD4+ T-cells,0.007434438833333334,2.631104434992293e-4
Spleen,72,Hh+IAV+NTHi,CD206+ Macrophages,0.013079577333333333,6.653907647505422e-4
Spleen,72,Hh+IAV+NTHi,CD4+ T-cells,0.1797560695,0.012700179493329565
Spleen,72,Hh+IAV+NTHi,CD64+MHCII- Macrophages,7.520943333333334e-4,2.777096745373565e-4
Spleen,72,Hh+IAV+NTHi,Drop,0.019140194,0.0016932572739209086
Spleen,72,Hh+IAV+NTHi,Ly6C(hi)CD64(hi) Monocytes,0.007236692,4.573822484073179e-4
Spleen,72,Hh+IAV+NTHi,Ly6C+ NK cells,0.011122575666666667,0.0010791699277136932
Spleen,72,Hh+IAV+NTHi,Ly6C+CD8+ T-cells,0.09200249183333334,0.0031047512677193265
Spleen,72,Hh+IAV+NTHi,Ly6C- NK cells,0.017376243,9.466716542514974e-4
Spleen,72,Hh+IAV+NTHi,Ly6C-CD8+ T-cells,0.04732590316666667,0.004599950417248629
Spleen,72,Hh+IAV+NTHi,Monocytes,0.0022062451666666665,3.170282275173003e-4
Spleen,72,Hh+IAV+NTHi,Neutrophils,0.022945613333333333,0.004911229567364876
Spleen,72,Hh+IAV+NTHi,Unknown Myeloid,0.005548785333333333,3.3439172140696175e-4
Spleen,72,Hh+IAV+NTHi,cDC1,0.005018826333333334,5.699129410280526e-4
Spleen,72,Hh+IAV+NTHi,cDC2,0.008250460333333333,6.230606162982682e-4
Spleen,72,Hh+IAV+NTHi,moDCs,9.757489999999999e-5,1.5619192876095314e-5
Spleen,72,Hh+IAV+NTHi,pDCs,0.007494665833333333,3.295338116530094e-4
Spleen,72,Hh+NTHi,B-cells,0.5320876033333334,0.02068218967099127
Spleen,72,Hh+NTHi,CD103+CD4+ T-cells,0.007489968666666667,4.662590132112314e-4
Spleen,72,Hh+NTHi,CD206+ Macrophages,0.011691114999999998,0.002343590787158273
Spleen,72,Hh+NTHi,CD4+ T-cells,0.21826903383333335,0.015323931411798821
Spleen,72,Hh+NTHi,CD64+MHCII- Macrophages,6.651825666666667e-5,2.2281547183367327e-5
Spleen,72,Hh+NTHi,Drop,0.021078623833333334,0.001609810095569918
Spleen,72,Hh+NTHi,Ly6C(hi)CD64(hi) Monocytes,0.004422595833333333,6.711159971344953e-4
Spleen,72,Hh+NTHi,Ly6C+ NK cells,0.013621463833333333,0.0012696229238381349
Spleen,72,Hh+NTHi,Ly6C+CD8+ T-cells,0.07971839233333333,0.006045813338023234
Spleen,72,Hh+NTHi,Ly6C- NK cells,0.020909273166666666,0.001484976478928907
Spleen,72,Hh+NTHi,Ly6C-CD8+ T-cells,0.05463506283333333,0.0038255079959137236
Spleen,72,Hh+NTHi,Monocytes,0.00238152,3.839078862011911e-4
Spleen,72,Hh+NTHi,Neutrophils,0.0049033029999999995,0.00238119741704982
Spleen,72,Hh+NTHi,Unknown Myeloid,0.006651207166666667,2.832364074311323e-4
Spleen,72,Hh+NTHi,cDC1,0.004417097166666667,4.427082529762626e-4
Spleen,72,Hh+NTHi,cDC2,0.009306253333333334,8.853395910454049e-4
Spleen,72,Hh+NTHi,moDCs,8.831891666666666e-5,2.3403784729503572e-5
Spleen,72,Hh+NTHi,pDCs,0.008262649666666667,5.26549592012102e-4
Spleen,72,Pam1ug,B-cells,0.537148593,0.015224868163529956
Spleen,72,Pam1ug,CD103+CD4+ T-cells,0.0072107115000000005,6.731200744535235e-4
Spleen,72,Pam1ug,CD206+ Macrophages,0.010824587,0.002363533026438359
Spleen,72,Pam1ug,CD4+ T-cells,0.21526065016666665,0.01032255745171675
Spleen,72,Pam1ug,CD64+MHCII- Macrophages,8.968038333333333e-5,2.8389736587405628e-5
Spleen,72,Pam1ug,Drop,0.018473867166666668,0.001127716232345987
Spleen,72,Pam1ug,Ly6C(hi)CD64(hi) Monocytes,0.003910345333333333,7.400276032517376e-4
Spleen,72,Pam1ug,Ly6C+ NK cells,0.012167636666666667,0.0012314263129243172
Spleen,72,Pam1ug,Ly6C+CD8+ T-cells,0.07667172850000001,0.004095694126011363
Spleen,72,Pam1ug,Ly6C- NK cells,0.018883702833333335,0.0011447501779661628
Spleen,72,Pam1ug,Ly6C-CD8+ T-cells,0.061109322333333334,0.0037231704233627086
Spleen,72,Pam1ug,Monocytes,0.0022040715,5.067338303603283e-4
Spleen,72,Pam1ug,Neutrophils,0.004186990666666666,0.0011619212534986659
Spleen,72,Pam1ug,Unknown Myeloid,0.008064618166666666,5.896457818742489e-4
Spleen,72,Pam1ug,cDC1,0.005076894,5.282412148569376e-4
Spleen,72,Pam1ug,cDC2,0.010073467833333334,9.722436553592389e-4
Spleen,72,Pam1ug,moDCs,8.80119e-5,1.640479528755744e-5
Spleen,72,Pam1ug,pDCs,0.0085551205000000009,0.0010887685337653348
Spleen,72,Pam1ug+IAV,B-cells,0.5389624646666666,0.019161612762513058
Spleen,72,Pam1ug+IAV,CD103+CD4+ T-cells,0.0080744685,8.328499135617715e-4
Spleen,72,Pam1ug+IAV,CD206+ Macrophages,0.0145341125,0.0016928771644629497
Spleen,72,Pam1ug+IAV,CD4+ T-cells,0.19619342883333332,0.016537474664988255
Spleen,72,Pam1ug+IAV,CD64+MHCII- Macrophages,8.252196666666667e-4,3.5663174195133625e-4
Spleen,72,Pam1ug+IAV,Drop,0.018889141666666668,0.0017482288436031798
Spleen,72,Pam1ug+IAV,Ly6C(hi)CD64(hi) Monocytes,0.006945723166666667,6.436760179183011e-4
Spleen,72,Pam1ug+IAV,Ly6C+ NK cells,0.010605375333333333,9.519855686717339e-4
Spleen,72,Pam1ug+IAV,Ly6C+CD8+ T-cells,0.0814291375,0.005758291579378175
Spleen,72,Pam1ug+IAV,Ly6C- NK cells,0.0201646145,0.002115178325850404
Spleen,72,Pam1ug+IAV,Ly6C-CD8+ T-cells,0.05781405616666667,0.004862008284261464
Spleen,72,Pam1ug+IAV,Monocytes,0.002225711333333333,2.4237773297405938e-4
Spleen,72,Pam1ug+IAV,Neutrophils,0.0147024995,0.004291097776842788
Spleen,72,Pam1ug+IAV,Unknown Myeloid,0.007549676,0.0010687543928538182
Spleen,72,Pam1ug+IAV,cDC1,0.005428439,3.636732520075313e-4
Spleen,72,Pam1ug+IAV,cDC2,0.008677758333333334,0.0011429680261036666
Spleen,72,Pam1ug+IAV,moDCs,9.8792e-5,1.8039858475738293e-5
Spleen,72,Pam1ug+IAV,pDCs,0.006879380833333333,5.683444947382657e-4
Spleen,72,Pam1ug+IAV+NTHi,B-cells,0.5389624646666666,0.019161612762513058
Spleen,72,Pam1ug+IAV+NTHi,CD103+CD4+ T-cells,0.0080744685,8.328499135617715e-4
Spleen,72,Pam1ug+IAV+NTHi,CD206+ Macrophages,0.0145341125,0.0016928771644629497
Spleen,72,Pam1ug+IAV+NTHi,CD4+ T-cells,0.19619342883333332,0.016537474664988255
Spleen,72,Pam1ug+IAV+NTHi,CD64+MHCII- Macrophages,8.252196666666667e-4,3.5663174195133625e-4
Spleen,72,Pam1ug+IAV+NTHi,Drop,0.018889141666666668,0.0017482288436031798
Spleen,72,Pam1ug+IAV+NTHi,Ly6C(hi)CD64(hi) Monocytes,0.006945723166666667,6.436760179183011e-4
Spleen,72,Pam1ug+IAV+NTHi,Ly6C+ NK cells,0.010605375333333333,9.519855686717339e-4
Spleen,72,Pam1ug+IAV+NTHi,Ly6C+CD8+ T-cells,0.0814291375,0.005758291579378175
Spleen,72,Pam1ug+IAV+NTHi,Ly6C- NK cells,0.0201646145,0.002115178325850404
Spleen,72,Pam1ug+IAV+NTHi,Ly6C-CD8+ T-cells,0.05781405616666667,0.004862008284261464
Spleen,72,Pam1ug+IAV+NTHi,Monocytes,0.002225711333333333,2.4237773297405938e-4
Spleen,72,Pam1ug+IAV+NTHi,Neutrophils,0.0147024995,0.004291097776842788
Spleen,72,Pam1ug+IAV+NTHi,Unknown Myeloid,0.007549676,0.0010687543928538182
Spleen,72,Pam1ug+IAV+NTHi,cDC1,0.005428439,3.636732520075313e-4
Spleen,72,Pam1ug+IAV+NTHi,cDC2,0.008677758333333334,0.0011429680261036666
Spleen,72,Pam1ug+IAV+NTHi,moDCs,9.8792e-5,1.8039858475738293e-5
Spleen,72,Pam1ug+IAV+NTHi,pDCs,0.006879380833333333,5.683444947382657e-4
Spleen,72,Pam1ug+NTHi,B-cells,0.537148593,0.015224868163529956
Spleen,72,Pam1ug+NTHi,CD103+CD4+ T-cells,0.0072107115000000005,6.731200744535235e-4
Spleen,72,Pam1ug+NTHi,CD206+ Macrophages,0.010824587,0.002363533026438359
Spleen,72,Pam1ug+NTHi,CD4+ T-cells,0.21526065016666665,0.01032255745171675
Spleen,72,Pam1ug+NTHi,CD64+MHCII- Macrophages,8.968038333333333e-5,2.8389736587405628e-5
Spleen,72,Pam1ug+NTHi,Drop,0.018473867166666668,0.001127716232345987
Spleen,72,Pam1ug+NTHi,Ly6C(hi)CD64(hi) Monocytes,0.003910345333333333,7.400276032517376e-4
Spleen,72,Pam1ug+NTHi,Ly6C+ NK cells,0.012167636666666667,0.0012314263129243172
Spleen,72,Pam1ug+NTHi,Ly6C+CD8+ T-cells,0.07667172850000001,0.004095694126011363
Spleen,72,Pam1ug+NTHi,Ly6C- NK cells,0.018883702833333335,0.0011447501779661628
Spleen,72,Pam1ug+NTHi,Ly6C-CD8+ T-cells,0.061109322333333334,0.0037231704233627086
Spleen,72,Pam1ug+NTHi,Monocytes,0.0022040715,5.067338303603283e-4
Spleen,72,Pam1ug+NTHi,Neutrophils,0.004186990666666666,0.0011619212534986659
Spleen,72,Pam1ug+NTHi,Unknown Myeloid,0.008064618166666666,5.896457818742489e-4
Spleen,72,Pam1ug+NTHi,cDC1,0.005076894,5.282412148569376e-4
Spleen,72,Pam1ug+NTHi,cDC2,0.010073467833333334,9.722436553592389e-4
Spleen,72,Pam1ug+NTHi,moDCs,8.80119e-5,1.640479528755744e-5
Spleen,72,Pam1ug+NTHi,pDCs,0.0085551205000000009,0.0010887685337653348
Spleen,72,Saline,B-cells,0.5110564738333333,0.02151614496306693
Spleen,72,Saline,CD103+CD4+ T-cells,0.007401048,4.539909813328161e-4
Spleen,72,Saline,CD206+ Macrophages,0.01040109,9.405975130331428e-4
Spleen,72,Saline,CD4+ T-cells,0.23407961983333334,0.012490042865712087
Spleen,72,Saline,CD64+MHCII- Macrophages,6.40828e-5,7.452195610959228e-6
Spleen,72,Saline,Drop,0.024230072999999998,0.0012785486110867535
Spleen,72,Saline,Ly6C(hi)CD64(hi) Monocytes,0.0034444653333333334,3.398241976877325e-4
Spleen,72,Saline,Ly6C+ NK cells,0.0119413805,0.0012489833512845223
Spleen,72,Saline,Ly6C+CD8+ T-cells,0.076027135,0.00519671298346442
Spleen,72,Saline,Ly6C- NK cells,0.020117564833333334,0.0018212430564147376
Spleen,72,Saline,Ly6C-CD8+ T-cells,0.06501815650000001,0.004711987794558144
Spleen,72,Saline,Monocytes,0.0025479093333333333,5.923005990197695e-4
Spleen,72,Saline,Neutrophils,0.0029390656666666666,2.7433317431566886e-4
Spleen,72,Saline,Unknown Myeloid,0.008054994,7.829016968935074e-4
Spleen,72,Saline,cDC1,0.0036799893333333334,2.0496342265010226e-4
Spleen,72,Saline,cDC2,0.010788547333333334,5.749308797097653e-4
Spleen,72,Saline,moDCs,5.709021666666667e-5,2.062187381024361e-5
Spleen,72,Saline,pDCs,0.0081619955,9.081600883356324e-4
Spleen,72,Saline+IAV,B-cells,0.53949423,0.015215133318842855
Spleen,72,Saline+IAV,CD103+CD4+ T-cells,0.007096682833333333,4.3345149171784825e-4
Spleen,72,Saline+IAV,CD206+ Macrophages,0.013330967333333334,0.001961267625825887
Spleen,72,Saline+IAV,CD4+ T-cells,0.18525779866666667,0.006207298309094211
Spleen,72,Saline+IAV,CD64+MHCII- Macrophages,4.95148e-4,1.9016565112063046e-4
Spleen,72,Saline+IAV,Drop,0.022545685333333332,0.002499429356395972
Spleen,72,Saline+IAV,Ly6C(hi)CD64(hi) Monocytes,0.0058791116666666665,9.283456004088374e-4
Spleen,72,Saline+IAV,Ly6C+ NK cells,0.011299366333333333,0.0012762734537612142
Spleen,72,Saline+IAV,Ly6C+CD8+ T-cells,0.10180708466666666,0.007659201381719814
Spleen,72,Saline+IAV,Ly6C- NK cells,0.018903689333333334,0.0020842661663464782
Spleen,72,Saline+IAV,Ly6C-CD8+ T-cells,0.0440767995,0.0022550163522453786
Spleen,72,Saline+IAV,Monocytes,0.002364137,4.0745393986584553e-4
Spleen,72,Saline+IAV,Neutrophils,0.020322436666666666,0.0053314198539586915
Spleen,72,Saline+IAV,Unknown Myeloid,0.0058134655,9.642249512468811e-4
Spleen,72,Saline+IAV,cDC1,0.005016838,5.186942646139439e-4
Spleen,72,Saline+IAV,cDC2,0.008716314833333334,8.648255332525137e-4
Spleen,72,Saline+IAV,moDCs,1.0391633333333333e-4,4.230522203072703e-5
Spleen,72,Saline+IAV,pDCs,0.0074763275,6.641647948919882e-4
Spleen,72,Saline+IAV+NTHi,B-cells,0.53949423,0.015215133318842855
Spleen,72,Saline+IAV+NTHi,CD103+CD4+ T-cells,0.007096682833333333,4.3345149171784825e-4
Spleen,72,Saline+IAV+NTHi,CD206+ Macrophages,0.013330967333333334,0.001961267625825887
Spleen,72,Saline+IAV+NTHi,CD4+ T-cells,0.18525779866666667,0.006207298309094211
Spleen,72,Saline+IAV+NTHi,CD64+MHCII- Macrophages,4.95148e-4,1.9016565112063046e-4
Spleen,72,Saline+IAV+NTHi,Drop,0.022545685333333332,0.002499429356395972
Spleen,72,Saline+IAV+NTHi,Ly6C(hi)CD64(hi) Monocytes,0.0058791116666666665,9.283456004088374e-4
Spleen,72,Saline+IAV+NTHi,Ly6C+ NK cells,0.011299366333333333,0.0012762734537612142
Spleen,72,Saline+IAV+NTHi,Ly6C+CD8+ T-cells,0.10180708466666666,0.007659201381719814
Spleen,72,Saline+IAV+NTHi,Ly6C- NK cells,0.018903689333333334,0.0020842661663464782
Spleen,72,Saline+IAV+NTHi,Ly6C-CD8+ T-cells,0.0440767995,0.0022550163522453786
Spleen,72,Saline+IAV+NTHi,Monocytes,0.002364137,4.0745393986584553e-4
Spleen,72,Saline+IAV+NTHi,Neutrophils,0.020322436666666666,0.0053314198539586915
Spleen,72,Saline+IAV+NTHi,Unknown Myeloid,0.0058134655,9.642249512468811e-4
Spleen,72,Saline+IAV+NTHi,cDC1,0.005016838,5.186942646139439e-4
Spleen,72,Saline+IAV+NTHi,cDC2,0.008716314833333334,8.648255332525137e-4
Spleen,72,Saline+IAV+NTHi,moDCs,1.0391633333333333e-4,4.230522203072703e-5
Spleen,72,Saline+IAV+NTHi,pDCs,0.0074763275,6.641647948919882e-4
Spleen,72,Saline+NTHi,B-cells,0.5110564738333333,0.02151614496306693
Spleen,72,Saline+NTHi,CD103+CD4+ T-cells,0.007401048,4.539909813328161e-4
Spleen,72,Saline+NTHi,CD206+ Macrophages,0.01040109,9.405975130331428e-4
Spleen,72,Saline+NTHi,CD4+ T-cells,0.23407961983333334,0.012490042865712087
Spleen,72,Saline+NTHi,CD64+MHCII- Macrophages,6.40828e-5,7.452195610959228e-6
Spleen,72,Saline+NTHi,Drop,0.024230072999999998,0.0012785486110867535
Spleen,72,Saline+NTHi,Ly6C(hi)CD64(hi) Monocytes,0.0034444653333333334,3.398241976877325e-4
Spleen,72,Saline+NTHi,Ly6C+ NK cells,0.0119413805,0.0012489833512845223
Spleen,72,Saline+NTHi,Ly6C+CD8+ T-cells,0.076027135,0.00519671298346442
Spleen,72,Saline+NTHi,Ly6C- NK cells,0.020117564833333334,0.0018212430564147376
Spleen,72,Saline+NTHi,Ly6C-CD8+ T-cells,0.06501815650000001,0.004711987794558144
Spleen,72,Saline+NTHi,Monocytes,0.0025479093333333333,5.923005990197695e-4
Spleen,72,Saline+NTHi,Neutrophils,0.0029390656666666666,2.7433317431566886e-4
Spleen,72,Saline+NTHi,Unknown Myeloid,0.008054994,7.829016968935074e-4
Spleen,72,Saline+NTHi,cDC1,0.0036799893333333334,2.0496342265010226e-4
Spleen,72,Saline+NTHi,cDC2,0.010788547333333334,5.749308797097653e-4
Spleen,72,Saline+NTHi,moDCs,5.709021666666667e-5,2.062187381024361e-5
Spleen,72,Saline+NTHi,pDCs,0.0081619955,9.081600883356324e-4
Spleen,96,Hh,B-cells,0.528784614,0.014329428878811029
Spleen,96,Hh,CD103+CD4+ T-cells,0.006621135166666667,4.253149053277596e-4
Spleen,96,Hh,CD206+ Macrophages,0.016362821333333333,0.0010898155238490493
Spleen,96,Hh,CD4+ T-cells,0.2141899065,0.00947716740255529
Spleen,96,Hh,CD64+MHCII- Macrophages,5.520975e-5,1.0672231008986202e-5
Spleen,96,Hh,Drop,0.021516033833333333,0.0016016778300747712
Spleen,96,Hh,Ly6C(hi)CD64(hi) Monocytes,0.004185904166666666,4.063751791181327e-4
Spleen,96,Hh,Ly6C+ NK cells,0.011559931833333334,9.600200950562934e-4
Spleen,96,Hh,Ly6C+CD8+ T-cells,0.07486348983333334,0.0022382398620935974
Spleen,96,Hh,Ly6C- NK cells,0.023717936333333335,0.0024586155719894575
Spleen,96,Hh,Ly6C-CD8+ T-cells,0.05764098916666667,0.004733855602094607
Spleen,96,Hh,Monocytes,0.0030277416666666668,3.180384724411673e-4
Spleen,96,Hh,Neutrophils,0.0061464255,0.001523026112950043
Spleen,96,Hh,Unknown Myeloid,0.008000887333333333,3.9109513053421895e-4
Spleen,96,Hh,cDC1,0.005398709166666666,7.073525330816507e-4
Spleen,96,Hh,cDC2,0.0095820115,3.9826055916621154e-4
Spleen,96,Hh,moDCs,1.1869183333333333e-4,2.4617374229564866e-5
Spleen,96,Hh,pDCs,0.008245965166666668,3.6057275638289873e-4
Spleen,96,Hh+IAV,B-cells,0.5786169581666667,0.0140836160378211
Spleen,96,Hh+IAV,CD103+CD4+ T-cells,0.005727164666666667,1.7952002834236756e-4
Spleen,96,Hh+IAV,CD206+ Macrophages,0.018352865666666666,0.001082603084199981
Spleen,96,Hh+IAV,CD4+ T-cells,0.16116145933333334,0.008460367151081194
Spleen,96,Hh+IAV,CD64+MHCII- Macrophages,2.0341598333333333e-4,3.7101113180877454e-5
Spleen,96,Hh+IAV,Drop,0.026114437333333334,0.0013318785685401075
Spleen,96,Hh+IAV,Ly6C(hi)CD64(hi) Monocytes,0.0060053665000000004,5.97796686128584e-4
Spleen,96,Hh+IAV,Ly6C+ NK cells,0.011366452666666667,0.0013694622571061893
Spleen,96,Hh+IAV,Ly6C+CD8+ T-cells,0.08812146783333333,0.00489797428311374
Spleen,96,Hh+IAV,Ly6C- NK cells,0.027279577166666666,0.0019240070618500936
Spleen,96,Hh+IAV,Ly6C-CD8+ T-cells,0.037086683,0.0039041004054530923
Spleen,96,Hh+IAV,Monocytes,0.0030410023333333333,2.526215126414306e-4
Spleen,96,Hh+IAV,Neutrophils,0.0079432665,0.0011976004226079125
Spleen,96,Hh+IAV,Unknown Myeloid,0.006627071833333334,2.9976614404536714e-4
Spleen,96,Hh+IAV,cDC1,0.006162653166666667,5.952408007380104e-4
Spleen,96,Hh+IAV,cDC2,0.0075768275,4.026131612384896e-4
Spleen,96,Hh+IAV,moDCs,1.58315e-4,1.5153427550667652e-5
Spleen,96,Hh+IAV,pDCs,0.008455016,4.116923667110351e-4
Spleen,96,Hh+IAV+NTHi,B-cells,0.5786169581666667,0.0140836160378211
Spleen,96,Hh+IAV+NTHi,CD103+CD4+ T-cells,0.005727164666666667,1.7952002834236756e-4
Spleen,96,Hh+IAV+NTHi,CD206+ Macrophages,0.018352865666666666,0.001082603084199981
Spleen,96,Hh+IAV+NTHi,CD4+ T-cells,0.16116145933333334,0.008460367151081194
Spleen,96,Hh+IAV+NTHi,CD64+MHCII- Macrophages,2.0341598333333333e-4,3.7101113180877454e-5
Spleen,96,Hh+IAV+NTHi,Drop,0.026114437333333334,0.0013318785685401075
Spleen,96,Hh+IAV+NTHi,Ly6C(hi)CD64(hi) Monocytes,0.0060053665000000004,5.97796686128584e-4
Spleen,96,Hh+IAV+NTHi,Ly6C+ NK cells,0.011366452666666667,0.0013694622571061893
Spleen,96,Hh+IAV+NTHi,Ly6C+CD8+ T-cells,0.08812146783333333,0.00489797428311374
Spleen,96,Hh+IAV+NTHi,Ly6C- NK cells,0.027279577166666666,0.0019240070618500936
Spleen,96,Hh+IAV+NTHi,Ly6C-CD8+ T-cells,0.037086683,0.0039041004054530923
Spleen,96,Hh+IAV+NTHi,Monocytes,0.0030410023333333333,2.526215126414306e-4
Spleen,96,Hh+IAV+NTHi,Neutrophils,0.0079432665,0.0011976004226079125
Spleen,96,Hh+IAV+NTHi,Unknown Myeloid,0.006627071833333334,2.9976614404536714e-4
Spleen,96,Hh+IAV+NTHi,cDC1,0.006162653166666667,5.952408007380104e-4
Spleen,96,Hh+IAV+NTHi,cDC2,0.0075768275,4.026131612384896e-4
Spleen,96,Hh+IAV+NTHi,moDCs,1.58315e-4,1.5153427550667652e-5
Spleen,96,Hh+IAV+NTHi,pDCs,0.008455016,4.116923667110351e-4
Spleen,96,Hh+NTHi,B-cells,0.528784614,0.014329428878811029
Spleen,96,Hh+NTHi,CD103+CD4+ T-cells,0.006621135166666667,4.253149053277596e-4
Spleen,96,Hh+NTHi,CD206+ Macrophages,0.016362821333333333,0.0010898155238490493
Spleen,96,Hh+NTHi,CD4+ T-cells,0.2141899065,0.00947716740255529
Spleen,96,Hh+NTHi,CD64+MHCII- Macrophages,5.520975e-5,1.0672231008986202e-5
Spleen,96,Hh+NTHi,Drop,0.021516033833333333,0.0016016778300747712
Spleen,96,Hh+NTHi,Ly6C(hi)CD64(hi) Monocytes,0.004185904166666666,4.063751791181327e-4
Spleen,96,Hh+NTHi,Ly6C+ NK cells,0.011559931833333334,9.600200950562934e-4
Spleen,96,Hh+NTHi,Ly6C+CD8+ T-cells,0.07486348983333334,0.0022382398620935974
Spleen,96,Hh+NTHi,Ly6C- NK cells,0.023717936333333335,0.0024586155719894575
Spleen,96,Hh+NTHi,Ly6C-CD8+ T-cells,0.05764098916666667,0.004733855602094607
Spleen,96,Hh+NTHi,Monocytes,0.0030277416666666668,3.180384724411673e-4
Spleen,96,Hh+NTHi,Neutrophils,0.0061464255,0.001523026112950043
Spleen,96,Hh+NTHi,Unknown Myeloid,0.008000887333333333,3.9109513053421895e-4
Spleen,96,Hh+NTHi,cDC1,0.005398709166666666,7.073525330816507e-4
Spleen,96,Hh+NTHi,cDC2,0.0095820115,3.9826055916621154e-4
Spleen,96,Hh+NTHi,moDCs,1.1869183333333333e-4,2.4617374229564866e-5
Spleen,96,Hh+NTHi,pDCs,0.008245965166666668,3.6057275638289873e-4
Spleen,96,Pam1ug,B-cells,0.5412322496666666,0.016089963993872806
Spleen,96,Pam1ug,CD103+CD4+ T-cells,0.007109055666666667,4.0708333096379395e-4
Spleen,96,Pam1ug,CD206+ Macrophages,0.016696254666666667,0.001622781284914466
Spleen,96,Pam1ug,CD4+ T-cells,0.20956233033333332,0.01194000532426747
Spleen,96,Pam1ug,CD64+MHCII- Macrophages,8.490715e-5,9.911853345086378e-6
Spleen,96,Pam1ug,Drop,0.0213454125,0.0016316135010150897
Spleen,96,Pam1ug,Ly6C(hi)CD64(hi) Monocytes,0.0035759626666666666,3.924310833032697e-4
Spleen,96,Pam1ug,Ly6C+ NK cells,0.01135872,0.0012528576195417684
Spleen,96,Pam1ug,Ly6C+CD8+ T-cells,0.07295371933333333,0.0024745738116596517
Spleen,96,Pam1ug,Ly6C- NK cells,0.020606424333333335,0.001079512222719183
Spleen,96,Pam1ug,Ly6C-CD8+ T-cells,0.056079680166666666,0.004355255070068515
Spleen,96,Pam1ug,Monocytes,0.0026672241666666667,2.338790908396069e-4
Spleen,96,Pam1ug,Neutrophils,0.0066647385,0.0013872553434241238
Spleen,96,Pam1ug,Unknown Myeloid,0.008098668833333333,6.122780775338614e-4
Spleen,96,Pam1ug,cDC1,0.004484489666666667,1.4945480810948992e-4
Spleen,96,Pam1ug,cDC2,0.009426131,6.3164052551479e-4
Spleen,96,Pam1ug,moDCs,6.916013333333333e-5,1.2569178836255684e-5
Spleen,96,Pam1ug,pDCs,0.007984872333333334,5.896750733714666e-4
Spleen,96,Pam1ug+IAV,B-cells,0.5647426855,0.02719185217887335
Spleen,96,Pam1ug+IAV,CD103+CD4+ T-cells,0.006171708333333334,4.7333762750216454e-4
Spleen,96,Pam1ug+IAV,CD206+ Macrophages,0.015697477166666668,0.0024529832179937617
Spleen,96,Pam1ug+IAV,CD4+ T-cells,0.176571891,0.01537169556215381
Spleen,96,Pam1ug+IAV,CD64+MHCII- Macrophages,2.47819e-4,3.476853032077524e-5
Spleen,96,Pam1ug+IAV,Drop,0.021555246,0.0011345827261704047
Spleen,96,Pam1ug+IAV,Ly6C(hi)CD64(hi) Monocytes,0.0065692465000000005,0.0010442492875371845
Spleen,96,Pam1ug+IAV,Ly6C+ NK cells,0.010767023166666667,8.724900121248923e-4
Spleen,96,Pam1ug+IAV,Ly6C+CD8+ T-cells,0.09216340316666667,0.006110734419056549
Spleen,96,Pam1ug+IAV,Ly6C- NK cells,0.022994481833333334,0.00113784474333714
Spleen,96,Pam1ug+IAV,Ly6C-CD8+ T-cells,0.03966395683333333,0.006007199739138992
Spleen,96,Pam1ug+IAV,Monocytes,0.002950366833333333,7.718227730614682e-4
Spleen,96,Pam1ug+IAV,Neutrophils,0.010348939666666666,0.0015114248530720424
Spleen,96,Pam1ug+IAV,Unknown Myeloid,0.007057599833333333,6.987710543493444e-4
Spleen,96,Pam1ug+IAV,cDC1,0.005276559166666667,2.6532055334574893e-4
Spleen,96,Pam1ug+IAV,cDC2,0.008485093166666667,0.0011377558416625956
Spleen,96,Pam1ug+IAV,moDCs,1.2698281666666668e-4,1.160601470446586e-5
Spleen,96,Pam1ug+IAV,pDCs,0.008609520333333332,8.989190994558471e-4
Spleen,96,Pam1ug+IAV+NTHi,B-cells,0.5647426855,0.02719185217887335
Spleen,96,Pam1ug+IAV+NTHi,CD103+CD4+ T-cells,0.006171708333333334,4.7333762750216454e-4
Spleen,96,Pam1ug+IAV+NTHi,CD206+ Macrophages,0.015697477166666668,0.0024529832179937617
Spleen,96,Pam1ug+IAV+NTHi,CD4+ T-cells,0.176571891,0.01537169556215381
Spleen,96,Pam1ug+IAV+NTHi,CD64+MHCII- Macrophages,2.47819e-4,3.476853032077524e-5
Spleen,96,Pam1ug+IAV+NTHi,Drop,0.021555246,0.0011345827261704047
Spleen,96,Pam1ug+IAV+NTHi,Ly6C(hi)CD64(hi) Monocytes,0.0065692465000000005,0.0010442492875371845
Spleen,96,Pam1ug+IAV+NTHi,Ly6C+ NK cells,0.010767023166666667,8.724900121248923e-4
Spleen,96,Pam1ug+IAV+NTHi,Ly6C+CD8+ T-cells,0.09216340316666667,0.006110734419056549
Spleen,96,Pam1ug+IAV+NTHi,Ly6C- NK cells,0.022994481833333334,0.00113784474333714
Spleen,96,Pam1ug+IAV+NTHi,Ly6C-CD8+ T-cells,0.03966395683333333,0.006007199739138992
Spleen,96,Pam1ug+IAV+NTHi,Monocytes,0.002950366833333333,7.718227730614682e-4
Spleen,96,Pam1ug+IAV+NTHi,Neutrophils,0.010348939666666666,0.0015114248530720424
Spleen,96,Pam1ug+IAV+NTHi,Unknown Myeloid,0.007057599833333333,6.987710543493444e-4
Spleen,96,Pam1ug+IAV+NTHi,cDC1,0.005276559166666667,2.6532055334574893e-4
Spleen,96,Pam1ug+IAV+NTHi,cDC2,0.008485093166666667,0.0011377558416625956
Spleen,96,Pam1ug+IAV+NTHi,moDCs,1.2698281666666668e-4,1.160601470446586e-5
Spleen,96,Pam1ug+IAV+NTHi,pDCs,0.008609520333333332,8.989190994558471e-4
Spleen,96,Pam1ug+NTHi,B-cells,0.5412322496666666,0.016089963993872806
Spleen,96,Pam1ug+NTHi,CD103+CD4+ T-cells,0.007109055666666667,4.0708333096379395e-4
Spleen,96,Pam1ug+NTHi,CD206+ Macrophages,0.016696254666666667,0.001622781284914466
Spleen,96,Pam1ug+NTHi,CD4+ T-cells,0.20956233033333332,0.01194000532426747
Spleen,96,Pam1ug+NTHi,CD64+MHCII- Macrophages,8.490715e-5,9.911853345086378e-6
Spleen,96,Pam1ug+NTHi,Drop,0.0213454125,0.0016316135010150897
Spleen,96,Pam1ug+NTHi,Ly6C(hi)CD64(hi) Monocytes,0.0035759626666666666,3.924310833032697e-4
Spleen,96,Pam1ug+NTHi,Ly6C+ NK cells,0.01135872,0.0012528576195417684
Spleen,96,Pam1ug+NTHi,Ly6C+CD8+ T-cells,0.07295371933333333,0.0024745738116596517
Spleen,96,Pam1ug+NTHi,Ly6C- NK cells,0.020606424333333335,0.001079512222719183
Spleen,96,Pam1ug+NTHi,Ly6C-CD8+ T-cells,0.056079680166666666,0.004355255070068515
Spleen,96,Pam1ug+NTHi,Monocytes,0.0026672241666666667,2.338790908396069e-4
Spleen,96,Pam1ug+NTHi,Neutrophils,0.0066647385,0.0013872553434241238
Spleen,96,Pam1ug+NTHi,Unknown Myeloid,0.008098668833333333,6.122780775338614e-4
Spleen,96,Pam1ug+NTHi,cDC1,0.004484489666666667,1.4945480810948992e-4
Spleen,96,Pam1ug+NTHi,cDC2,0.009426131,6.3164052551479e-4
Spleen,96,Pam1ug+NTHi,moDCs,6.916013333333333e-5,1.2569178836255684e-5
Spleen,96,Pam1ug+NTHi,pDCs,0.007984872333333334,5.896750733714666e-4
Spleen,96,Saline,B-cells,0.5297187168333334,0.011565628655126807
Spleen,96,Saline,CD103+CD4+ T-cells,0.0066160965,2.0257945945640693e-4
Spleen,96,Saline,CD206+ Macrophages,0.013579598666666666,0.0010344816961379798
Spleen,96,Saline,CD4+ T-cells,0.21325678883333332,0.009780163947433735
Spleen,96,Saline,CD64+MHCII- Macrophages,4.318971666666667e-5,8.120435868450111e-6
Spleen,96,Saline,Drop,0.030755402166666668,0.0038650197328483882
Spleen,96,Saline,Ly6C(hi)CD64(hi) Monocytes,0.0027535735,3.466765631804137e-4
Spleen,96,Saline,Ly6C+ NK cells,0.013192678166666666,0.0010549366184435733
Spleen,96,Saline,Ly6C+CD8+ T-cells,0.0747565855,0.003618134818358383
Spleen,96,Saline,Ly6C- NK cells,0.021043257166666666,0.001549822617777132
Spleen,96,Saline,Ly6C-CD8+ T-cells,0.057629913666666664,0.0032636465956884554
Spleen,96,Saline,Monocytes,0.0028158533333333333,4.2726697974542545e-4
Spleen,96,Saline,Neutrophils,0.004338010333333334,4.0981019045721373e-4
Spleen,96,Saline,Unknown Myeloid,0.0070921725000000005,4.625527497638693e-4
Spleen,96,Saline,cDC1,0.003834834666666667,2.923240628157578e-4
Spleen,96,Saline,cDC2,0.010642437166666666,3.683817550359426e-4
Spleen,96,Saline,moDCs,7.779323333333333e-5,1.452550707761274e-5
Spleen,96,Saline,pDCs,0.007853097666666666,3.015452594661556e-4
Spleen,96,Saline+IAV,B-cells,0.5782269638333334,0.02251991464429202
Spleen,96,Saline+IAV,CD103+CD4+ T-cells,0.005795223,2.1734548597428935e-4
Spleen,96,Saline+IAV,CD206+ Macrophages,0.0162700875,0.001278540423085761
Spleen,96,Saline+IAV,CD4+ T-cells,0.16713697633333333,0.012134705165753051
Spleen,96,Saline+IAV,CD64+MHCII- Macrophages,2.461805e-4,2.4550594574945296e-5
Spleen,96,Saline+IAV,Drop,0.029241898166666665,0.001039710238243375
Spleen,96,Saline+IAV,Ly6C(hi)CD64(hi) Monocytes,0.005935294,7.433383414251773e-4
Spleen,96,Saline+IAV,Ly6C+ NK cells,0.0113038785,0.0013335270384342856
Spleen,96,Saline+IAV,Ly6C+CD8+ T-cells,0.094438163,0.0058287912246940705
Spleen,96,Saline+IAV,Ly6C- NK cells,0.0215831995,9.342353468074573e-4
Spleen,96,Saline+IAV,Ly6C-CD8+ T-cells,0.033099557333333335,0.0035387376711034377
Spleen,96,Saline+IAV,Monocytes,0.0027232696666666667,3.1858836430224155e-4
Spleen,96,Saline+IAV,Neutrophils,0.007550576833333334,0.0011616375773524608
Spleen,96,Saline+IAV,Unknown Myeloid,0.005639704,2.68174473051283e-4
Spleen,96,Saline+IAV,cDC1,0.0052203438333333334,2.809150566506321e-4
Spleen,96,Saline+IAV,cDC2,0.0080403035,6.1390802187145e-4
Spleen,96,Saline+IAV,moDCs,1.6239595e-4,2.0842498024689046e-5
Spleen,96,Saline+IAV,pDCs,0.007385983666666667,6.04312505617012e-4
Spleen,96,Saline+IAV+NTHi,B-cells,0.5782269638333334,0.02251991464429202
Spleen,96,Saline+IAV+NTHi,CD103+CD4+ T-cells,0.005795223,2.1734548597428935e-4
Spleen,96,Saline+IAV+NTHi,CD206+ Macrophages,0.0162700875,0.001278540423085761
Spleen,96,Saline+IAV+NTHi,CD4+ T-cells,0.16713697633333333,0.012134705165753051
Spleen,96,Saline+IAV+NTHi,CD64+MHCII- Macrophages,2.461805e-4,2.4550594574945296e-5
Spleen,96,Saline+IAV+NTHi,Drop,0.029241898166666665,0.001039710238243375
Spleen,96,Saline+IAV+NTHi,Ly6C(hi)CD64(hi) Monocytes,0.005935294,7.433383414251773e-4
Spleen,96,Saline+IAV+NTHi,Ly6C+ NK cells,0.0113038785,0.0013335270384342856
Spleen,96,Saline+IAV+NTHi,Ly6C+CD8+ T-cells,0.094438163,0.0058287912246940705
Spleen,96,Saline+IAV+NTHi,Ly6C- NK cells,0.0215831995,9.342353468074573e-4
Spleen,96,Saline+IAV+NTHi,Ly6C-CD8+ T-cells,0.033099557333333335,0.0035387376711034377
Spleen,96,Saline+IAV+NTHi,Monocytes,0.0027232696666666667,3.1858836430224155e-4
Spleen,96,Saline+IAV+NTHi,Neutrophils,0.007550576833333334,0.0011616375773524608
Spleen,96,Saline+IAV+NTHi,Unknown Myeloid,0.005639704,2.68174473051283e-4
Spleen,96,Saline+IAV+NTHi,cDC1,0.0052203438333333334,2.809150566506321e-4
Spleen,96,Saline+IAV+NTHi,cDC2,0.0080403035,6.1390802187145e-4
Spleen,96,Saline+IAV+NTHi,moDCs,1.6239595e-4,2.0842498024689046e-5
Spleen,96,Saline+IAV+NTHi,pDCs,0.007385983666666667,6.04312505617012e-4
Spleen,96,Saline+NTHi,B-cells,0.5297187168333334,0.011565628655126807
Spleen,96,Saline+NTHi,CD103+CD4+ T-cells,0.0066160965,2.0257945945640693e-4
Spleen,96,Saline+NTHi,CD206+ Macrophages,0.013579598666666666,0.0010344816961379798
Spleen,96,Saline+NTHi,CD4+ T-cells,0.21325678883333332,0.009780163947433735
Spleen,96,Saline+NTHi,CD64+MHCII- Macrophages,4.318971666666667e-5,8.120435868450111e-6
Spleen,96,Saline+NTHi,Drop,0.030755402166666668,0.0038650197328483882
Spleen,96,Saline+NTHi,Ly6C(hi)CD64(hi) Monocytes,0.0027535735,3.466765631804137e-4
Spleen,96,Saline+NTHi,Ly6C+ NK cells,0.013192678166666666,0.0010549366184435733
Spleen,96,Saline+NTHi,Ly6C+CD8+ T-cells,0.0747565855,0.003618134818358383
Spleen,96,Saline+NTHi,Ly6C- NK cells,0.021043257166666666,0.001549822617777132
Spleen,96,Saline+NTHi,Ly6C-CD8+ T-cells,0.057629913666666664,0.0032636465956884554
Spleen,96,Saline+NTHi,Monocytes,0.0028158533333333333,4.2726697974542545e-4
Spleen,96,Saline+NTHi,Neutrophils,0.004338010333333334,4.0981019045721373e-4
Spleen,96,Saline+NTHi,Unknown Myeloid,0.0070921725000000005,4.625527497638693e-4
Spleen,96,Saline+NTHi,cDC1,0.003834834666666667,2.923240628157578e-4
Spleen,96,Saline+NTHi,cDC2,0.010642437166666666,3.683817550359426e-4
Spleen,96,Saline+NTHi,moDCs,7.779323333333333e-5,1.452550707761274e-5
Spleen,96,Saline+NTHi,pDCs,0.007853097666666666,3.015452594661556e-4
Spleen,144,Hh,B-cells,0.420289723,0.01566929426775176
Spleen,144,Hh,CD103+CD4+ T-cells,0.0077581695,7.284152374342879e-4
Spleen,144,Hh,CD206+ Macrophages,0.012302450666666668,0.001718251203964517
Spleen,144,Hh,CD4+ T-cells,0.2379510321666667,0.02285877511081061
Spleen,144,Hh,CD64+MHCII- Macrophages,3.103824e-5,9.893832457425182e-6
Spleen,144,Hh,Drop,0.064714169,0.03732824036118178
Spleen,144,Hh,Ly6C(hi)CD64(hi) Monocytes,0.0036506931666666666,2.6327194927506896e-4
Spleen,144,Hh,Ly6C+ NK cells,0.019040256166666665,0.0030590719990643504
Spleen,144,Hh,Ly6C+CD8+ T-cells,0.08577110516666667,0.01088577154492427
Spleen,144,Hh,Ly6C- NK cells,0.026308402,8.902720387067091e-4
Spleen,144,Hh,Ly6C-CD8+ T-cells,0.06776741266666667,0.008648408814493603
Spleen,144,Hh,Monocytes,0.0038335108333333334,6.167369307705633e-4
Spleen,144,Hh,Neutrophils,0.020646561166666667,0.005992826675956389
Spleen,144,Hh,Unknown Myeloid,0.0088636925,8.388207736176524e-4
Spleen,144,Hh,cDC1,0.003671803333333333,5.479038632845284e-4
Spleen,144,Hh,cDC2,0.009204049666666667,0.0018581395189441988
Spleen,144,Hh,moDCs,9.754458333333332e-5,2.7448859326590323e-5
Spleen,144,Hh,pDCs,0.0081035595,0.0015953779024671186
Spleen,144,Hh+IAV,B-cells,0.4649108565,0.021179206837657956
Spleen,144,Hh+IAV,CD103+CD4+ T-cells,0.009760554500000001,0.0012887245483979046
Spleen,144,Hh+IAV,CD206+ Macrophages,0.0256953905,0.005135258457602518
Spleen,144,Hh+IAV,CD4+ T-cells,0.21837415266666665,0.011265527659966447
Spleen,144,Hh+IAV,CD64+MHCII- Macrophages,1.1987426666666667e-4,1.824163818143657e-5
Spleen,144,Hh+IAV,Drop,0.028491583333333334,0.00202518768819389
Spleen,144,Hh+IAV,Ly6C(hi)CD64(hi) Monocytes,0.008721127333333334,0.001382321004942549
Spleen,144,Hh+IAV,Ly6C+ NK cells,0.011843786666666667,0.0011001581746539802
Spleen,144,Hh+IAV,Ly6C+CD8+ T-cells,0.1052954585,0.004825904661861394
Spleen,144,Hh+IAV,Ly6C- NK cells,0.0298367195,0.0017316922471749374
Spleen,144,Hh+IAV,Ly6C-CD8+ T-cells,0.03902324016666667,0.0036096768534340617
Spleen,144,Hh+IAV,Monocytes,0.0049320821666666665,5.653192466210822e-4
Spleen,144,Hh+IAV,Neutrophils,0.022407507,0.0035074022587597985
Spleen,144,Hh+IAV,Unknown Myeloid,0.0082322985,6.229500131386011e-4
Spleen,144,Hh+IAV,cDC1,0.005036297166666667,3.310413744124659e-4
Spleen,144,Hh+IAV,cDC2,0.0086442745,9.205450831114774e-4
Spleen,144,Hh+IAV,moDCs,1.782925e-4,1.6072667844822777e-5
Spleen,144,Hh+IAV,pDCs,0.008496503666666667,8.617319868850434e-4
Spleen,144,Hh+IAV+NTHi,B-cells,0.480597613,0.009081699257481013
Spleen,144,Hh+IAV+NTHi,CD103+CD4+ T-cells,0.008162644,7.108479246141189e-4
Spleen,144,Hh+IAV+NTHi,CD206+ Macrophages,0.015340156666666667,0.0011642648830098663
Spleen,144,Hh+IAV+NTHi,CD4+ T-cells,0.20850540583333332,0.0077843086782858695
Spleen,144,Hh+IAV+NTHi,CD64+MHCII- Macrophages,8.669113333333333e-5,1.7751753162108933e-5
Spleen,144,Hh+IAV+NTHi,Drop,0.023937944,0.0018945070263332356
Spleen,144,Hh+IAV+NTHi,Ly6C(hi)CD64(hi) Monocytes,0.005918511666666667,0.0010583845979983731
Spleen,144,Hh+IAV+NTHi,Ly6C+ NK cells,0.011499040833333333,0.001145107667955796
Spleen,144,Hh+IAV+NTHi,Ly6C+CD8+ T-cells,0.10751655383333333,0.0027589211903395554
Spleen,144,Hh+IAV+NTHi,Ly6C- NK cells,0.028774968833333334,0.0032825574610665844
Spleen,144,Hh+IAV+NTHi,Ly6C-CD8+ T-cells,0.04476739666666667,0.004576837990699
Spleen,144,Hh+IAV+NTHi,Monocytes,0.0047115895,4.204271536718143e-4
Spleen,144,Hh+IAV+NTHi,Neutrophils,0.0294542315,0.008834961590456549
Spleen,144,Hh+IAV+NTHi,Unknown Myeloid,0.0097791625,4.761977382937153e-4
Spleen,144,Hh+IAV+NTHi,cDC1,0.005633822333333333,5.988262611018139e-4
Spleen,144,Hh+IAV+NTHi,cDC2,0.007971923666666667,5.789215808380077e-4
Spleen,144,Hh+IAV+NTHi,moDCs,2.4249833333333333e-4,4.271323649382915e-5
Spleen,144,Hh+IAV+NTHi,pDCs,0.007099845166666667,7.453869307154692e-4
Spleen,144,Hh+NTHi,B-cells,0.5076321703333333,0.032381338711824685
Spleen,144,Hh+NTHi,CD103+CD4+ T-cells,0.007700894166666666,3.7943951944487966e-4
Spleen,144,Hh+NTHi,CD206+ Macrophages,0.0130873455,0.0018715438644378742
Spleen,144,Hh+NTHi,CD4+ T-cells,0.22351048766666667,0.021504080126270825
Spleen,144,Hh+NTHi,CD64+MHCII- Macrophages,6.425933333333333e-5,7.147545608933026e-6
Spleen,144,Hh+NTHi,Drop,0.023203458833333333,0.0034850234749254365
Spleen,144,Hh+NTHi,Ly6C(hi)CD64(hi) Monocytes,0.0028049446666666665,4.555023161769628e-4
Spleen,144,Hh+NTHi,Ly6C+ NK cells,0.012104531666666666,0.0011728666064063343
Spleen,144,Hh+NTHi,Ly6C+CD8+ T-cells,0.08448210733333333,0.006409608571284712
Spleen,144,Hh+NTHi,Ly6C- NK cells,0.019875673833333333,0.0015021199685694088
Spleen,144,Hh+NTHi,Ly6C-CD8+ T-cells,0.061719758166666666,0.0073306932137573305
Spleen,144,Hh+NTHi,Monocytes,0.003331026333333333,5.040401228392218e-4
Spleen,144,Hh+NTHi,Neutrophils,0.008965955666666666,0.0012317000596125845
Spleen,144,Hh+NTHi,Unknown Myeloid,0.008219802666666666,3.6400026585582483e-4
Spleen,144,Hh+NTHi,cDC1,0.0043917795,1.696728706312533e-4
Spleen,144,Hh+NTHi,cDC2,0.010335647333333333,0.001039300629998163
Spleen,144,Hh+NTHi,moDCs,1.1100038333333334e-4,2.0584203758779317e-5
Spleen,144,Hh+NTHi,pDCs,0.008459156833333334,5.945045607590363e-4
Spleen,144,Pam1ug,B-cells,0.40561120666666667,0.01914367265198666
Spleen,144,Pam1ug,CD103+CD4+ T-cells,0.008277612666666666,3.433097181157434e-4
Spleen,144,Pam1ug,CD206+ Macrophages,0.017007582166666667,0.0034251525548699814
Spleen,144,Pam1ug,CD4+ T-cells,0.2599840511666667,0.016739744890224808
Spleen,144,Pam1ug,CD64+MHCII- Macrophages,6.58653e-5,9.435876378906203e-6
Spleen,144,Pam1ug,Drop,0.025226803666666665,0.0016406930732689705
Spleen,144,Pam1ug,Ly6C(hi)CD64(hi) Monocytes,0.00475056,4.345140462487567e-4
Spleen,144,Pam1ug,Ly6C+ NK cells,0.016137864499999998,0.0012302796561863146
Spleen,144,Pam1ug,Ly6C+CD8+ T-cells,0.104251964,0.0028118619177057522
Spleen,144,Pam1ug,Ly6C- NK cells,0.029178071,0.0014525415558072224
Spleen,144,Pam1ug,Ly6C-CD8+ T-cells,0.0708317485,0.006872996047270636
Spleen,144,Pam1ug,Monocytes,0.005391697833333334,5.752124471929432e-4
Spleen,144,Pam1ug,Neutrophils,0.017549744666666665,0.0031241456393903137
Spleen,144,Pam1ug,Unknown Myeloid,0.010380638833333334,7.947747719432812e-4
Spleen,144,Pam1ug,cDC1,0.004993276833333333,3.848330389207262e-4
Spleen,144,Pam1ug,cDC2,0.010977268333333333,6.83987988372197e-4
Spleen,144,Pam1ug,moDCs,1.2230921666666667e-4,2.844594418289324e-5
Spleen,144,Pam1ug,pDCs,0.009261734666666667,8.048276548490228e-4
Spleen,144,Pam1ug+IAV,B-cells,0.44555051533333334,0.012238532783424514
Spleen,144,Pam1ug+IAV,CD103+CD4+ T-cells,0.009865077,9.625671475025176e-4
Spleen,144,Pam1ug+IAV,CD206+ Macrophages,0.029106027,0.006606477791956877
Spleen,144,Pam1ug+IAV,CD4+ T-cells,0.22812847466666666,0.007788975842422142
Spleen,144,Pam1ug+IAV,CD64+MHCII- Macrophages,1.7774735e-4,4.5194119617148944e-5
Spleen,144,Pam1ug+IAV,Drop,0.028211877,0.0027921219519534365
Spleen,144,Pam1ug+IAV,Ly6C(hi)CD64(hi) Monocytes,0.010107560166666666,0.0019083862388434446
Spleen,144,Pam1ug+IAV,Ly6C+ NK cells,0.010837477166666666,0.0011691336086458333
Spleen,144,Pam1ug+IAV,Ly6C+CD8+ T-cells,0.1020184905,0.004899431258111334
Spleen,144,Pam1ug+IAV,Ly6C- NK cells,0.029169591166666665,0.0013767435585305254
Spleen,144,Pam1ug+IAV,Ly6C-CD8+ T-cells,0.0431169065,0.003364846980633094
Spleen,144,Pam1ug+IAV,Monocytes,0.00564997,4.1921899163595473e-4
Spleen,144,Pam1ug+IAV,Neutrophils,0.0245153595,0.005139049939218525
Spleen,144,Pam1ug+IAV,Unknown Myeloid,0.009793949666666666,7.757753307058114e-4
Spleen,144,Pam1ug+IAV,cDC1,0.006152263666666666,6.303842506701588e-4
Spleen,144,Pam1ug+IAV,cDC2,0.008716533666666667,5.703647237230849e-4
Spleen,144,Pam1ug+IAV,moDCs,1.6932248333333333e-4,2.574780495693328e-5
Spleen,144,Pam1ug+IAV,pDCs,0.008712857166666668,7.501577352673421e-4
Spleen,144,Pam1ug+IAV+NTHi,B-cells,0.4716294255,0.01194346455688401
Spleen,144,Pam1ug+IAV+NTHi,CD103+CD4+ T-cells,0.009304205166666666,5.954524650406847e-4
Spleen,144,Pam1ug+IAV+NTHi,CD206+ Macrophages,0.014568844833333334,0.0015305594683451412
Spleen,144,Pam1ug+IAV+NTHi,CD4+ T-cells,0.21517472733333334,0.012841369322515053
Spleen,144,Pam1ug+IAV+NTHi,CD64+MHCII- Macrophages,9.923131666666667e-5,1.150808641597773e-5
Spleen,144,Pam1ug+IAV+NTHi,Drop,0.025024956666666667,0.0028500795760515374
Spleen,144,Pam1ug+IAV+NTHi,Ly6C(hi)CD64(hi) Monocytes,0.006482511166666666,6.26142465072682e-4
Spleen,144,Pam1ug+IAV+NTHi,Ly6C+ NK cells,0.010917625833333333,0.001540247981575054
Spleen,144,Pam1ug+IAV+NTHi,Ly6C+CD8+ T-cells,0.10770044433333334,0.006226346654858341
Spleen,144,Pam1ug+IAV+NTHi,Ly6C- NK cells,0.0267755885,0.001714527659148349
Spleen,144,Pam1ug+IAV+NTHi,Ly6C-CD8+ T-cells,0.0480422455,0.0046206062891012605
Spleen,144,Pam1ug+IAV+NTHi,Monocytes,0.0053544088333333335,6.848674539286375e-4
Spleen,144,Pam1ug+IAV+NTHi,Neutrophils,0.0289612195,0.006679205146780775
Spleen,144,Pam1ug+IAV+NTHi,Unknown Myeloid,0.009195609333333334,5.902762924702673e-4
Spleen,144,Pam1ug+IAV+NTHi,cDC1,0.0057311565,4.8272301945848496e-4
Spleen,144,Pam1ug+IAV+NTHi,cDC2,0.008223751833333333,8.886074590055842e-4
Spleen,144,Pam1ug+IAV+NTHi,moDCs,1.87484e-4,2.4970780185382014e-5
Spleen,144,Pam1ug+IAV+NTHi,pDCs,0.0066265635,4.6477127741350726e-4
Spleen,144,Pam1ug+NTHi,B-cells,0.46593469466666665,0.02161661038397004
Spleen,144,Pam1ug+NTHi,CD103+CD4+ T-cells,0.007772472,1.42954904971463e-4
Spleen,144,Pam1ug+NTHi,CD206+ Macrophages,0.015420251833333332,0.0014545753981014854
Spleen,144,Pam1ug+NTHi,CD4+ T-cells,0.23945321366666666,0.012593394632296544
Spleen,144,Pam1ug+NTHi,CD64+MHCII- Macrophages,9.1844e-5,2.5777501334768662e-5
Spleen,144,Pam1ug+NTHi,Drop,0.027506678,0.003405750883684654
Spleen,144,Pam1ug+NTHi,Ly6C(hi)CD64(hi) Monocytes,0.0041823143333333335,8.151171759038766e-4
Spleen,144,Pam1ug+NTHi,Ly6C+ NK cells,0.013324318666666666,2.9597726239951445e-4
Spleen,144,Pam1ug+NTHi,Ly6C+CD8+ T-cells,0.09289435366666667,0.0036223535721485083
Spleen,144,Pam1ug+NTHi,Ly6C- NK cells,0.0222725805,0.0015668020749743676
Spleen,144,Pam1ug+NTHi,Ly6C-CD8+ T-cells,0.06678445016666666,0.005926022702568502
Spleen,144,Pam1ug+NTHi,Monocytes,0.005335073166666667,6.856551427601885e-4
Spleen,144,Pam1ug+NTHi,Neutrophils,0.007405793666666667,0.0013246413258044024
Spleen,144,Pam1ug+NTHi,Unknown Myeloid,0.009134542666666667,4.6638220553280594e-4
Spleen,144,Pam1ug+NTHi,cDC1,0.00496332,4.3531438468536745e-4
Spleen,144,Pam1ug+NTHi,cDC2,0.009902729833333334,7.298788725203387e-4
Spleen,144,Pam1ug+NTHi,moDCs,1.5616515e-4,5.196638169993976e-5
Spleen,144,Pam1ug+NTHi,pDCs,0.0074652036666666664,5.624954418695123e-4
Spleen,144,Saline,B-cells,0.42280032833333336,0.020881921949788645
Spleen,144,Saline,CD103+CD4+ T-cells,0.00914949,5.621764050503484e-4
Spleen,144,Saline,CD206+ Macrophages,0.014022696833333334,0.0019261013936471333
Spleen,144,Saline,CD4+ T-cells,0.26001377166666667,0.016726822102123527
Spleen,144,Saline,CD64+MHCII- Macrophages,3.8370033333333334e-5,1.2519971319899703e-5
Spleen,144,Saline,Drop,0.03244351733333333,0.0028514843239861322
Spleen,144,Saline,Ly6C(hi)CD64(hi) Monocytes,0.0027334365,2.845228966159256e-4
Spleen,144,Saline,Ly6C+ NK cells,0.01570065316666667,0.0010257868522081774
Spleen,144,Saline,Ly6C+CD8+ T-cells,0.10504076266666668,0.007404678536278789
Spleen,144,Saline,Ly6C- NK cells,0.025022799499999998,0.0011173657559482406
Spleen,144,Saline,Ly6C-CD8+ T-cells,0.065207252499999993,0.007723991234436463
Spleen,144,Saline,Monocytes,0.0037707665,5.241948532079618e-4
Spleen,144,Saline,Neutrophils,0.014744144,0.0031420982422915847
Spleen,144,Saline,Unknown Myeloid,0.009237197,8.845748669375589e-4
Spleen,144,Saline,cDC1,0.0034309318333333332,2.2144374847462832e-4
Spleen,144,Saline,cDC2,0.009295531333333334,0.0010666850704041523
Spleen,144,Saline,moDCs,8.652066666666666e-5,1.2088646708617876e-5
Spleen,144,Saline,pDCs,0.007261829833333333,5.665515800629523e-4
Spleen,144,Saline+IAV,B-cells,0.47426046033333336,0.01689101009390925
Spleen,144,Saline+IAV,CD103+CD4+ T-cells,0.009031290166666667,7.947978878062614e-4
Spleen,144,Saline+IAV,CD206+ Macrophages,0.02557648783333333,0.005724530378665225
Spleen,144,Saline+IAV,CD4+ T-cells,0.2186797855,0.013264979400417294
Spleen,144,Saline+IAV,CD64+MHCII- Macrophages,1.8336023333333332e-4,3.883374544045996e-5
Spleen,144,Saline+IAV,Drop,0.027563006333333334,0.0019570150089982218
Spleen,144,Saline+IAV,Ly6C(hi)CD64(hi) Monocytes,0.008126847333333333,0.0018384774747923652
Spleen,144,Saline+IAV,Ly6C+ NK cells,0.009566657166666666,7.333309406854641e-4
Spleen,144,Saline+IAV,Ly6C+CD8+ T-cells,0.1017522195,0.003242922360050585
Spleen,144,Saline+IAV,Ly6C- NK cells,0.027001899833333332,0.002314736657349145
Spleen,144,Saline+IAV,Ly6C-CD8+ T-cells,0.041962869666666666,0.003624125166259463
Spleen,144,Saline+IAV,Monocytes,0.004037368666666667,3.884186804435532e-4
Spleen,144,Saline+IAV,Neutrophils,0.021873249333333334,0.002805818397724316
Spleen,144,Saline+IAV,Unknown Myeloid,0.008613006,4.7374801882055413e-4
Spleen,144,Saline+IAV,cDC1,0.004790793666666667,5.925761233836919e-4
Spleen,144,Saline+IAV,cDC2,0.008908171166666666,3.9297776009535333e-4
Spleen,144,Saline+IAV,moDCs,1.51781e-4,1.5059759694851266e-5
Spleen,144,Saline+IAV,pDCs,0.0079207465,7.679145454328779e-4
Spleen,144,Saline+IAV+NTHi,B-cells,0.4723494071666667,0.012796121043041142
Spleen,144,Saline+IAV+NTHi,CD103+CD4+ T-cells,0.008549624833333333,8.063901065541591e-4
Spleen,144,Saline+IAV+NTHi,CD206+ Macrophages,0.0133459205,0.0017164939833279882
Spleen,144,Saline+IAV+NTHi,CD4+ T-cells,0.22007485166666668,0.013811826438309195
Spleen,144,Saline+IAV+NTHi,CD64+MHCII- Macrophages,8.484343333333333e-5,1.455796651140231e-5
Spleen,144,Saline+IAV+NTHi,Drop,0.0280378965,0.0043407430758389655
Spleen,144,Saline+IAV+NTHi,Ly6C(hi)CD64(hi) Monocytes,0.004589984333333333,6.422264736186484e-4
Spleen,144,Saline+IAV+NTHi,Ly6C+ NK cells,0.009334037833333333,8.92474581705885e-4
Spleen,144,Saline+IAV+NTHi,Ly6C+CD8+ T-cells,0.10935428433333333,0.0031708469264586673
Spleen,144,Saline+IAV+NTHi,Ly6C- NK cells,0.0244905365,0.0018475597235763856
Spleen,144,Saline+IAV+NTHi,Ly6C-CD8+ T-cells,0.04531883566666667,0.003649619986915165
Spleen,144,Saline+IAV+NTHi,Monocytes,0.0036878728333333334,5.276381621569474e-4
Spleen,144,Saline+IAV+NTHi,Neutrophils,0.0341122475,0.008195403672750574
Spleen,144,Saline+IAV+NTHi,Unknown Myeloid,0.008413548833333333,3.9430145156579697e-4
Spleen,144,Saline+IAV+NTHi,cDC1,0.004950348,3.5034868772876353e-4
Spleen,144,Saline+IAV+NTHi,cDC2,0.0079718285,6.932251950543801e-4
Spleen,144,Saline+IAV+NTHi,moDCs,2.0346635e-4,5.887242648741287e-5
Spleen,144,Saline+IAV+NTHi,pDCs,0.005130465,2.8283070095565417e-4
Spleen,144,Saline+NTHi,B-cells,0.5028438311666666,0.05705046413870933
Spleen,144,Saline+NTHi,CD103+CD4+ T-cells,0.007428993666666666,5.054361542116978e-4
Spleen,144,Saline+NTHi,CD206+ Macrophages,0.010606828833333333,0.001443474377586556
Spleen,144,Saline+NTHi,CD4+ T-cells,0.22893590233333333,0.031266241583959825
Spleen,144,Saline+NTHi,CD64+MHCII- Macrophages,8.402821666666667e-5,1.7026329513323707e-5
Spleen,144,Saline+NTHi,Drop,0.022850463333333335,0.002475104953200405
Spleen,144,Saline+NTHi,Ly6C(hi)CD64(hi) Monocytes,0.0023643266666666667,4.954877664671226e-4
Spleen,144,Saline+NTHi,Ly6C+ NK cells,0.0119600135,0.0022497506168765572
Spleen,144,Saline+NTHi,Ly6C+CD8+ T-cells,0.086388864,0.011075953649715054
Spleen,144,Saline+NTHi,Ly6C- NK cells,0.0178692475,0.0026327914339074007
Spleen,144,Saline+NTHi,Ly6C-CD8+ T-cells,0.06728909616666667,0.010672500841752561
Spleen,144,Saline+NTHi,Monocytes,0.0029729473333333332,3.979944953520226e-4
Spleen,144,Saline+NTHi,Neutrophils,0.007447335333333333,0.0019234854721103508
Spleen,144,Saline+NTHi,Unknown Myeloid,0.007880227833333333,4.7992224284547163e-4
Spleen,144,Saline+NTHi,cDC1,0.003939711,4.5930068903206903e-4
Spleen,144,Saline+NTHi,cDC2,0.011578194833333333,6.84241749471263e-4
Spleen,144,Saline+NTHi,moDCs,1.1153841666666667e-4,1.4480111433144352e-5
Spleen,144,Saline+NTHi,pDCs,0.0074484496666666665,7.105611864952315e-4
