Treatment,Tissue,Timepoint,Cell_ID,mean,median,q1,q3,comparison
Hh,Lung,2,B-cells,30.6714452,30.846941100000002,28.553073974999997,32.4855279,99.43107519338442
Hh,Lung,2,CD103+CD4+ T-cells,0.93503835,0.9135276500000001,0.8475003249999999,1.006664025,102.35468515922861
Hh,Lung,2,CD206+ Macrophages,0.69661415,0.6812325499999999,0.5171251499999999,0.87799795,102.25790737685688
Hh,Lung,2,CD4+ T-cells,24.143409483333333,23.76680405,21.737792625,26.093128525000004,101.58458593145734
Hh,Lung,2,CD64+MHCII- Macrophages,0.056793416666666666,0.0554694,0.040023625,0.0781922,102.38693165360841
Hh,Lung,2,Drop,8.76690495,8.94310075,7.731647999999999,9.975914375,98.02981309362976
Hh,Lung,2,Ly6C(hi)CD64(hi) Monocytes,1.1801042166666669,1.1407291,0.856133575,1.5079009,103.45174999626703
Hh,Lung,2,Ly6C+ NK cells,4.825402466666667,4.8730355,4.244535675,4.99486825,99.02251823666514
Hh,Lung,2,Ly6C+CD8+ T-cells,5.6388199666666665,5.95613615,5.643223625,6.2894343500000005,94.67244912906611
Hh,Lung,2,Ly6C- NK cells,5.913116783333333,5.94032055,5.568823575000001,6.3570846,99.54204884336305
Hh,Lung,2,Ly6C-CD8+ T-cells,4.837630466666667,4.40342435,4.146563225,5.5553972,109.86064667300728
Hh,Lung,2,Monocytes,0.8748654499999999,0.88255795,0.72572285,1.044456075,99.128385847071
Hh,Lung,2,Neutrophils,2.5903064,2.0591149,1.7635135,3.2086065249999995,125.79707912365647
Hh,Lung,2,Unknown Myeloid,4.201960533333334,4.0659167,3.6119215999999996,4.845538175,103.34595721878253
Hh,Lung,2,cDC1,0.4422864166666667,0.42884595000000003,0.33801085,0.5130106249999999,103.13410134027536
Hh,Lung,2,cDC2,0.1464923,0.13335035,0.11926445000000001,0.14737377499999998,109.85520472949639
Hh,Lung,2,moDCs,3.6646847499999997,3.12093285,2.926516075,4.4639192,117.42273628219844
Hh,Lung,2,pDCs,0.41412474999999993,0.41039995,0.40139234999999995,0.417219725,100.90760244975661
Hh,Lung,6,B-cells,19.992282833333334,20.11392705,18.52784915,21.472971474999998,99.39522393432034
Hh,Lung,6,CD103+CD4+ T-cells,0.6003521166666667,0.51508015,0.47977037499999997,0.616942975,116.55508694455933
Hh,Lung,6,CD206+ Macrophages,0.8080809333333333,0.9895160000000001,0.5435102500000001,1.102880475,81.6642614503791
Hh,Lung,6,CD4+ T-cells,21.06780895,19.025754550000002,17.2616786,22.9622196,110.73310598343653
Hh,Lung,6,CD64+MHCII- Macrophages,0.08258795000000001,0.08795940000000001,0.05572427499999999,0.105549875,93.8932621186593
Hh,Lung,6,Drop,4.2646521,4.36272185,3.4393946999999994,5.066768499999999,97.75209712257957
Hh,Lung,6,Ly6C(hi)CD64(hi) Monocytes,2.5170652166666665,2.61651325,2.3981207,2.8210238999999997,96.1992153743791
Hh,Lung,6,Ly6C+ NK cells,3.491603716666667,3.24380715,3.0119137,3.3080242250000005,107.6390659249477
Hh,Lung,6,Ly6C+CD8+ T-cells,4.95891895,4.86600215,4.23929845,5.453378925000001,101.9095100482025
Hh,Lung,6,Ly6C- NK cells,4.056966433333333,3.34465995,2.76400785,4.819577325,121.2968281972382
Hh,Lung,6,Ly6C-CD8+ T-cells,4.1140263500000005,3.4848875500000003,3.187060675,5.4198923500000005,118.05334579590667
Hh,Lung,6,Monocytes,1.3138377333333333,1.257196,1.156248,1.483132775,104.50540196861375
Hh,Lung,6,Neutrophils,25.032316683333335,28.801860899999998,17.6326708,34.160688125,86.91215046918491
Hh,Lung,6,Unknown Myeloid,4.286185083333334,4.099755350000001,3.7046923250000003,4.502102975,104.54733800965302
Hh,Lung,6,cDC1,0.47745608333333334,0.5537336,0.416363425,0.5925510749999999,86.22487118956359
Hh,Lung,6,cDC2,0.09646516666666667,0.09164320000000001,0.080062425,0.11231105000000001,105.26167426133817
Hh,Lung,6,moDCs,2.4571343666666667,2.81009465,1.6541439499999997,3.2239217,87.4395589012159
Hh,Lung,6,pDCs,0.3822593,0.37197015000000005,0.30428235,0.471896025,102.7661224966573
Hh,Lung,24,B-cells,26.0676619,26.163394,19.3554483,29.64534245,99.63409907751264
Hh,Lung,24,CD103+CD4+ T-cells,1.3125002166666666,1.2915332499999999,0.940695175,1.87108525,101.6234167154943
Hh,Lung,24,CD206+ Macrophages,0.5585704833333334,0.5347877,0.522204375,0.697876525,104.44714478910666
Hh,Lung,24,CD4+ T-cells,17.65902285,16.309715,15.865041675000002,18.8141215,108.27303144168981
Hh,Lung,24,CD64+MHCII- Macrophages,0.21034668333333334,0.18242375,0.1494709,0.22681199999999999,115.30663267986397
Hh,Lung,24,Drop,4.982668533333333,4.346949,3.3942174749999996,6.405301874999999,114.62449946694413
Hh,Lung,24,Ly6C(hi)CD64(hi) Monocytes,2.1878430166666667,1.8695676,1.4689062999999998,2.5150378250000003,117.02401221901077
Hh,Lung,24,Ly6C+ NK cells,3.4071350833333334,3.2612593499999996,2.67674155,3.516052475,104.47298781476346
Hh,Lung,24,Ly6C+CD8+ T-cells,4.922568716666667,5.07514425,4.589163125,5.23309945,96.99367100091129
Hh,Lung,24,Ly6C- NK cells,4.93968,4.7930776,4.155746124999999,5.0761369,103.05862771760674
Hh,Lung,24,Ly6C-CD8+ T-cells,9.32471745,3.4836623999999996,3.1049564750000003,3.96780505,267.66995131330754
Hh,Lung,24,Monocytes,0.7455131833333333,0.5824855,0.4646959,0.821853025,127.9882818256134
Hh,Lung,24,Neutrophils,15.149233916666665,14.185039,4.86351785,22.819260675,106.79726658958543
Hh,Lung,24,Unknown Myeloid,5.1597672,5.39308955,5.0988601000000005,6.2019993,95.67367929204885
Hh,Lung,24,cDC1,0.4915755666666667,0.42730045,0.39780762500000005,0.5507952,115.04213643272941
Hh,Lung,24,cDC2,0.21750379999999997,0.2567448,0.1682287,0.2605211,84.71595140388432
Hh,Lung,24,moDCs,1.8152307666666665,1.9385861,1.5020689,2.288746275,93.63684010045603
Hh,Lung,24,pDCs,0.84846065,0.8312558000000001,0.7503227,0.991157675,102.06974194946969
Hh,Lung,48,B-cells,39.77062443333333,42.156469800000004,36.098835325,44.12246675,94.34050009883258
Hh,Lung,48,CD103+CD4+ T-cells,0.7454608833333334,0.7216251499999999,0.6600019,0.78551145,103.30306300069134
Hh,Lung,48,CD206+ Macrophages,0.5865139833333333,0.46414485,0.4080208,0.695118125,126.36442768530843
Hh,Lung,48,CD4+ T-cells,18.1240612,17.26546225,15.431095424999999,21.065553949999998,104.97292767241144
Hh,Lung,48,CD64+MHCII- Macrophages,0.09031865,0.0797763,0.075511375,0.0852668,113.21488963514228
Hh,Lung,48,Drop,7.081575383333333,6.9571465,6.635263425,7.5418403,101.78850457343873
Hh,Lung,48,Ly6C(hi)CD64(hi) Monocytes,1.8259712333333333,1.6752310499999998,1.3030806750000001,2.020581075,108.99817271971727
Hh,Lung,48,Ly6C+ NK cells,4.4044881333333334,4.2989917,3.80309875,4.852991275,102.45398085633272
Hh,Lung,48,Ly6C+CD8+ T-cells,5.054047183333334,4.99509665,4.504227725,5.605211000000001,101.18016802204086
Hh,Lung,48,Ly6C- NK cells,4.873457766666666,4.44547425,4.1842216500000005,5.52764805,109.62739839662025
Hh,Lung,48,Ly6C-CD8+ T-cells,3.8720763166666665,3.393309,3.266580375,4.071975074999999,114.1091576589891
Hh,Lung,48,Monocytes,1.419985,1.2146989000000001,1.066190825,1.330770525,116.90016348907535
Hh,Lung,48,Neutrophils,3.5298189,3.4886714999999997,2.4395016999999997,4.47115595,101.17945756715703
Hh,Lung,48,Unknown Myeloid,5.4400417999999995,4.9659729,4.836037725000001,5.7320174250000004,109.54634488641692
Hh,Lung,48,cDC1,0.48422885,0.40790545,0.373928125,0.5627677,118.71105178908495
Hh,Lung,48,cDC2,0.13028365,0.13360185,0.11266794999999999,0.15252035,97.51635175710517
Hh,Lung,48,moDCs,2.0712561000000003,1.7529036499999997,1.427349025,2.0385381000000002,118.16143460024176
Hh,Lung,48,pDCs,0.4957905833333333,0.4810239,0.42094899999999996,0.5551401499999999,103.06984400012833
Hh,Lung,72,B-cells,37.69271505,42.27515235,38.710187925,43.556143125000006,89.16044757908482
Hh,Lung,72,CD103+CD4+ T-cells,1.0264582333333334,1.0096383,0.9521636499999999,1.21675775,101.66593653720679
Hh,Lung,72,CD206+ Macrophages,0.3436965166666667,0.29510055,0.27559415000000004,0.4668739,116.46759610128366
Hh,Lung,72,CD4+ T-cells,16.49582223333333,16.42059025,14.720589525,18.299629399999997,100.45815638894791
Hh,Lung,72,CD64+MHCII- Macrophages,0.060664383333333335,0.054870600000000005,0.02708605,0.08511125000000001,110.55899394818596
Hh,Lung,72,Drop,5.388261583333334,5.5372384,4.1258023,6.617184775000001,97.30954663850727
Hh,Lung,72,Ly6C(hi)CD64(hi) Monocytes,2.34777935,2.62844825,1.76067735,2.9827620250000004,89.3218784124816
Hh,Lung,72,Ly6C+ NK cells,4.787275383333333,4.8567256500000004,3.9878408499999995,5.94009005,98.5700187395459
Hh,Lung,72,Ly6C+CD8+ T-cells,5.2710641166666665,5.82529235,3.9778271,6.7367594749999995,90.48582972263472
Hh,Lung,72,Ly6C- NK cells,5.59763405,6.02094455,4.248231175,7.147452374999999,92.96936723989594
Hh,Lung,72,Ly6C-CD8+ T-cells,13.812289716666667,4.39431685,3.4757117249999996,12.04685615,314.3216610942988
Hh,Lung,72,Monocytes,0.9307936666666665,0.9854901999999999,0.5782677,1.1903614249999999,94.4498145863517
Hh,Lung,72,Neutrophils,0.7177755166666666,0.6013113,0.4216806,0.9811456500000001,119.36837319815321
Hh,Lung,72,Unknown Myeloid,3.2922423666666667,3.6556000500000003,3.087650325,3.781934025,90.06024514817112
Hh,Lung,72,cDC1,0.26251605,0.266557,0.246864675,0.29640365,98.48402030334977
Hh,Lung,72,cDC2,0.09067351666666666,0.0809368,0.07085235000000001,0.11850245,112.03002424937316
Hh,Lung,72,moDCs,1.35926115,1.3920671,1.0131852749999999,1.766734825,97.64336431771142
Hh,Lung,72,pDCs,0.5230772333333333,0.58232675,0.40567385000000006,0.632665775,89.82538297155907
Hh,Lung,96,B-cells,39.04119111666667,38.3261005,35.88787115,40.866034500000005,101.86580582771958
Hh,Lung,96,CD103+CD4+ T-cells,1.28991945,1.1613298,0.76045895,1.5770727750000002,111.07262123128159
Hh,Lung,96,CD206+ Macrophages,0.77179685,0.8033980999999999,0.731868325,0.8628827250000001,96.06655156391334
Hh,Lung,96,CD4+ T-cells,20.103575816666666,20.4175786,19.522814625000002,22.00296455,98.46209587588739
Hh,Lung,96,CD64+MHCII- Macrophages,0.16887123333333334,0.15120730000000002,0.083469275,0.222352575,111.68193158222739
Hh,Lung,96,Drop,4.897184316666666,4.8595919,4.80403745,4.9513207249999995,100.77357147349485
Hh,Lung,96,Ly6C(hi)CD64(hi) Monocytes,2.0358237666666668,2.0873313000000002,1.67527245,2.4048606,97.53237383383589
Hh,Lung,96,Ly6C+ NK cells,5.321196466666667,5.1458461,4.597001675,5.8975285500000005,103.4076100073546
Hh,Lung,96,Ly6C+CD8+ T-cells,5.396665066666667,5.356209400000001,5.15074555,5.830086249999999,100.75530405265086
Hh,Lung,96,Ly6C- NK cells,6.958067,7.1133165499999995,6.195808725,7.5497605750000005,97.81748008950902
Hh,Lung,96,Ly6C-CD8+ T-cells,3.7228001166666664,3.5547886,3.091778325,4.245358625,104.72634340806275
Hh,Lung,96,Monocytes,1.4520512666666667,1.39354835,1.046678025,1.807550725,104.19812607626184
Hh,Lung,96,Neutrophils,1.1387756500000001,1.1589943,1.00377285,1.220485475,98.25550048002826
Hh,Lung,96,Unknown Myeloid,4.574567999999999,4.3847233999999995,3.613156149999999,5.206683450000001,104.3296824606998
Hh,Lung,96,cDC1,0.6913736,0.70907305,0.5966915749999999,0.8115810000000001,97.50386085044413
Hh,Lung,96,cDC2,0.15843211666666668,0.1574832,0.135662525,0.19911564999999998,100.60255104459821
Hh,Lung,96,moDCs,1.3979691833333334,1.2692038499999998,0.623430325,1.9854536749999998,110.14536264866621
Hh,Lung,96,pDCs,0.8797389333333334,0.83512685,0.6826538,1.16578775,105.3419529420391
Hh,Lung,144,B-cells,32.5797717,33.41285,26.842955875,36.645269925,97.50671283652848
Hh,Lung,144,CD103+CD4+ T-cells,0.8560138833333333,0.83911505,0.8220971,0.8824304000000002,102.01388752750094
Hh,Lung,144,CD206+ Macrophages,0.36990315,0.37036415,0.28070722499999995,0.41341555,99.87552790949124
Hh,Lung,144,CD4+ T-cells,20.505401683333332,21.1845481,15.976474275,24.236779925,96.79414253511186
Hh,Lung,144,CD64+MHCII- Macrophages,0.03715638833333333,0.04141925,0.024974049999999998,0.04892295000000001,89.70801821214371
Hh,Lung,144,Drop,6.510100866666667,6.878321649999999,5.790752425000001,6.993670299999999,94.6466478005818
Hh,Lung,144,Ly6C(hi)CD64(hi) Monocytes,1.7535920666666667,1.65728935,1.25425575,2.2287161749999997,105.81085714855203
Hh,Lung,144,Ly6C+ NK cells,5.797360599999999,5.8639288,5.780906525,6.441401099999999,98.86478498852168
Hh,Lung,144,Ly6C+CD8+ T-cells,6.379541866666666,6.346239249999999,5.523626825,7.2541316249999985,100.52476144303364
Hh,Lung,144,Ly6C- NK cells,6.6973386999999995,6.692062,5.98217395,7.231057449999999,100.07885013617626
Hh,Lung,144,Ly6C-CD8+ T-cells,5.308928216666667,5.182962900000001,3.2049012,7.078390125,102.43037272496522
Hh,Lung,144,Monocytes,1.9415428833333335,1.5794456,1.456375025,2.7129478999999996,122.92559384972384
Hh,Lung,144,Neutrophils,2.3388391833333335,2.7334783000000002,1.4107549000000001,3.368684275,85.5627492390678
Hh,Lung,144,Unknown Myeloid,4.8168161000000005,4.79388445,3.81951835,5.911604125,100.47835216386996
Hh,Lung,144,cDC1,0.37662576666666664,0.42947474999999996,0.310967275,0.440510375,87.6945074574621
Hh,Lung,144,cDC2,0.14634603333333335,0.14289865,0.11434057500000001,0.19351385000000002,102.41246739093293
Hh,Lung,144,moDCs,2.9822728,3.08394105,2.17468075,3.4985459749999994,96.70330112179025
Hh,Lung,144,pDCs,0.60244815,0.6476545499999999,0.544241225,0.6597043,93.01998264352501
Hh,Nasal Tissue,2,B-cells,59.369871583333335,61.8632732,60.333416799999995,62.279135475000004,95.96949613609085
Hh,Nasal Tissue,2,CD103+CD4+ T-cells,0.57796375,0.50984585,0.42481607499999996,0.7413204000000001,113.3604892537617
Hh,Nasal Tissue,2,CD206+ Macrophages,1.8214759666666667,1.61843435,1.402544475,2.2366571499999996,112.54555778964199
Hh,Nasal Tissue,2,CD4+ T-cells,3.9172526666666667,2.6157517500000003,1.543035075,5.417596275,149.75628580451743
Hh,Nasal Tissue,2,CD64+MHCII- Macrophages,0.3925046833333333,0.3269459,0.238923175,0.5403693749999999,120.0518750451782
Hh,Nasal Tissue,2,Drop,5.9290595,6.10971915,5.675724925,6.443002624999999,97.04307766748984
Hh,Nasal Tissue,2,Ly6C(hi)CD64(hi) Monocytes,3.7167058,3.5574459000000003,2.6623736,3.7849385499999997,104.47680455238968
Hh,Nasal Tissue,2,Ly6C+ NK cells,0.63950305,0.6323229499999999,0.5811215249999999,0.7091341,101.13551152935378
Hh,Nasal Tissue,2,Ly6C+CD8+ T-cells,0.804708,0.5754094,0.349550125,1.0160229250000001,139.8496444444599
Hh,Nasal Tissue,2,Ly6C- NK cells,2.457245583333333,2.2527553,2.0673789,2.4828118999999997,109.07734112681182
Hh,Nasal Tissue,2,Ly6C-CD8+ T-cells,0.6171388999999999,0.5812452499999999,0.30470505000000003,0.828043375,106.1753020777374
Hh,Nasal Tissue,2,Monocytes,1.6560116666666667,1.4304036,1.3120487,1.948553875,115.77233632987686
Hh,Nasal Tissue,2,Neutrophils,12.226928666666668,12.14865035,6.27171205,14.438782725000001,100.64433755529616
Hh,Nasal Tissue,2,Unknown Myeloid,3.9094452333333334,3.7744729999999995,3.6229950749999995,4.2093431500000005,103.5759226078272
Hh,Nasal Tissue,2,cDC1,0.12043150000000001,0.09453890000000001,0.07960395,0.16962069999999999,127.3883025929009
Hh,Nasal Tissue,2,cDC2,0.10492665000000001,0.10552184999999999,0.091330375,0.124445,99.4359462045065
Hh,Nasal Tissue,2,moDCs,0.03073167,0.0288956,0.019258675,0.044643,106.35415080496684
Hh,Nasal Tissue,2,pDCs,1.7080952333333332,1.6223451,1.371973025,1.8873570999999998,105.28556675970688
Hh,Nasal Tissue,6,B-cells,47.9495415,48.141053649999996,45.961039025,51.061506375,99.60218537925584
Hh,Nasal Tissue,6,CD103+CD4+ T-cells,0.5094101833333333,0.39419680000000007,0.32885575,0.4858322500000001,129.22737661323816
Hh,Nasal Tissue,6,CD206+ Macrophages,0.8856562333333333,0.7926357,0.69210965,1.0720087,111.73559724011083
Hh,Nasal Tissue,6,CD4+ T-cells,1.5847038833333333,1.47816685,1.318358725,1.636900225,107.20737536045633
Hh,Nasal Tissue,6,CD64+MHCII- Macrophages,0.25735825,0.2468086,0.164152925,0.32620425,104.27442560753558
Hh,Nasal Tissue,6,Drop,4.69105035,4.63255695,4.02087605,4.9559785750000005,101.26265905916172
Hh,Nasal Tissue,6,Ly6C(hi)CD64(hi) Monocytes,4.77418445,4.39658865,3.85359375,5.102993325000001,108.58838135789665
Hh,Nasal Tissue,6,Ly6C+ NK cells,1.0952213166666667,0.9847857,0.8196789999999999,1.3065428000000001,111.21417752782831
Hh,Nasal Tissue,6,Ly6C+CD8+ T-cells,0.5265851,0.4989437500000001,0.45937704999999995,0.626709775,105.53997319337098
Hh,Nasal Tissue,6,Ly6C- NK cells,2.8479847166666667,2.62181385,2.2372565,3.189367975,108.62650361949481
Hh,Nasal Tissue,6,Ly6C-CD8+ T-cells,0.3828099833333333,0.34057365,0.29502069999999997,0.3891452,112.40152705100155
Hh,Nasal Tissue,6,Monocytes,1.9439823166666668,1.9038858499999998,1.7604030499999999,2.019863975,102.10603312518273
Hh,Nasal Tissue,6,Neutrophils,27.352133566666666,29.265229799999997,22.156411775000002,30.965492875,93.46290377212985
Hh,Nasal Tissue,6,Unknown Myeloid,3.5527387833333335,2.87848105,2.5688828249999998,4.212442475,123.4240810212502
Hh,Nasal Tissue,6,cDC1,0.059266120000000005,0.05093469999999999,0.039556999999999995,0.0814493,116.35706109980035
Hh,Nasal Tissue,6,cDC2,0.05746628333333333,0.048012,0.042225975,0.069163275,119.69150073592714
Hh,Nasal Tissue,6,moDCs,0.046161865999999996,0.016043,0.015280400000000001,0.0692247,287.73836564233613
Hh,Nasal Tissue,6,pDCs,1.5013163999999999,1.2860692,1.0956683999999999,1.478333525,116.73682878028646
Hh,Nasal Tissue,24,B-cells,48.35379115,50.671073899999996,46.111908475,53.70684735,95.42681342303267
Hh,Nasal Tissue,24,CD103+CD4+ T-cells,0.4148229,0.43857140000000006,0.31486395,0.461192575,94.58503222052326
Hh,Nasal Tissue,24,CD206+ Macrophages,1.3229976666666667,1.3590483500000001,1.156375475,1.494511175,97.34735829425544
Hh,Nasal Tissue,24,CD4+ T-cells,1.5247831833333332,1.2160009,1.0986264,1.8030335750000002,125.39326108503153
Hh,Nasal Tissue,24,CD64+MHCII- Macrophages,0.5482079666666667,0.5063437000000001,0.3498328,0.753388825,108.26795448756776
Hh,Nasal Tissue,24,Drop,5.1427894,4.99524785,4.9400585999999995,5.0468816499999996,102.95363822637948
Hh,Nasal Tissue,24,Ly6C(hi)CD64(hi) Monocytes,6.51219305,5.502068749999999,4.7427832500000005,5.996785225,118.35899087956689
Hh,Nasal Tissue,24,Ly6C+ NK cells,0.53918325,0.5122433500000001,0.48797192500000003,0.57634975,105.25919955817872
Hh,Nasal Tissue,24,Ly6C+CD8+ T-cells,0.61948565,0.6411737500000001,0.5621151249999999,0.7575742,96.61743794096373
Hh,Nasal Tissue,24,Ly6C- NK cells,2.0317940666666665,2.07006955,1.8680646500000002,2.1910159499999997,98.1510049585854
Hh,Nasal Tissue,24,Ly6C-CD8+ T-cells,0.48472029999999994,0.46434270000000005,0.325764375,0.617072625,104.38848290282152
Hh,Nasal Tissue,24,Monocytes,2.01304235,1.7797991,1.27930105,2.8428726,113.10503247248525
Hh,Nasal Tissue,24,Neutrophils,24.64092345,25.098648,20.89713525,30.254230425,98.17629798226581
Hh,Nasal Tissue,24,Unknown Myeloid,3.711019416666667,3.79978235,3.142159375,4.198462500000001,97.66399953583307
Hh,Nasal Tissue,24,cDC1,0.10932456666666666,0.1041938,0.095670625,0.1236828,104.92425333049246
Hh,Nasal Tissue,24,cDC2,0.07481788333333333,0.06717310000000001,0.054841125000000004,0.103952825,111.38072135026272
Hh,Nasal Tissue,24,moDCs,0.02435724833333333,0.0152106,0.01093915,0.02731955,160.13338286019837
Hh,Nasal Tissue,24,pDCs,1.9317464833333333,1.94037595,1.7203075749999999,2.143431025,99.5552683145415
Hh,Nasal Tissue,48,B-cells,37.93200518333333,41.1264472,38.554315125,42.917951675,92.23263317365603
Hh,Nasal Tissue,48,CD103+CD4+ T-cells,1.4268867666666667,1.4946899,0.36570919999999996,2.4183746750000004,95.46373242146527
Hh,Nasal Tissue,48,CD206+ Macrophages,1.9958607,1.7742821,0.899764975,2.7279633000000003,112.48835233134574
Hh,Nasal Tissue,48,CD4+ T-cells,2.8267786666666668,2.4253528500000003,0.8383124000000001,4.476143424999999,116.55123363458915
Hh,Nasal Tissue,48,CD64+MHCII- Macrophages,0.67586285,0.45836745,0.135142775,0.916918825,147.4500098119969
Hh,Nasal Tissue,48,Drop,5.546146433333334,5.823477400000001,5.384580625,5.9075008,95.23770854392485
Hh,Nasal Tissue,48,Ly6C(hi)CD64(hi) Monocytes,6.15848045,5.53483755,5.17098975,6.365422275,111.26759176518198
Hh,Nasal Tissue,48,Ly6C+ NK cells,0.7394350166666667,0.7531701999999999,0.407212425,1.068771425,98.17635066637884
Hh,Nasal Tissue,48,Ly6C+CD8+ T-cells,0.5967108000000001,0.58111865,0.3758758,0.745133475,102.68312675905345
Hh,Nasal Tissue,48,Ly6C- NK cells,2.8220949,2.8474819,1.8868952250000002,3.5560463,99.10844033811067
Hh,Nasal Tissue,48,Ly6C-CD8+ T-cells,0.5773131166666666,0.5246756499999999,0.25544402499999996,0.8135534499999999,110.03238222827125
Hh,Nasal Tissue,48,Monocytes,2.7573232,2.1822516,2.0421746499999998,3.20586155,126.3522134661283
Hh,Nasal Tissue,48,Neutrophils,27.455532433333328,23.307274649999997,17.078169875,30.513753175,117.79812460112463
Hh,Nasal Tissue,48,Unknown Myeloid,5.346513716666667,5.2910999,4.06812355,7.021390050000001,101.04730240808092
Hh,Nasal Tissue,48,cDC1,0.26919303333333333,0.22825705,0.11253615,0.40179485000000004,117.93415946334773
Hh,Nasal Tissue,48,cDC2,0.10072375,0.08293895,0.0636566,0.148730525,121.44324228845433
Hh,Nasal Tissue,48,moDCs,0.0059565275,0.0056314550000000005,0.004010142499999999,0.007577840000000001,105.77244246824311
Hh,Nasal Tissue,48,pDCs,2.7691679833333334,2.57765235,1.69001435,3.52284295,107.42984729237568
Hh,Nasal Tissue,72,B-cells,45.85461046666667,46.5584202,44.89632935,48.572751325,98.4883298653391
Hh,Nasal Tissue,72,CD103+CD4+ T-cells,0.9337005666666667,0.6961271,0.5899817999999999,1.0955896749999998,134.12788651191235
Hh,Nasal Tissue,72,CD206+ Macrophages,1.7584477500000002,1.5623782499999999,1.372574775,2.3912287500000002,112.54942585126236
Hh,Nasal Tissue,72,CD4+ T-cells,2.5572955166666667,2.36115425,1.4697548500000002,3.4160656499999997,108.3070077554936
Hh,Nasal Tissue,72,CD64+MHCII- Macrophages,0.5764335666666667,0.56192435,0.32032947500000003,0.6616106,102.58205871780903
Hh,Nasal Tissue,72,Drop,5.605565416666666,5.61131615,5.465909225,5.9143109,99.8975154281169
Hh,Nasal Tissue,72,Ly6C(hi)CD64(hi) Monocytes,5.682259116666668,5.920201,4.455561950000001,6.384816075000001,95.98084789125687
Hh,Nasal Tissue,72,Ly6C+ NK cells,0.4874326666666666,0.40292445,0.32218012500000004,0.6832884,120.97371273117494
Hh,Nasal Tissue,72,Ly6C+CD8+ T-cells,0.5377156,0.54854415,0.4159025,0.700481875,98.02594741006718
Hh,Nasal Tissue,72,Ly6C- NK cells,1.7267337166666668,1.5462398,1.4949135249999999,1.9449808499999999,111.67308697309866
Hh,Nasal Tissue,72,Ly6C-CD8+ T-cells,0.3992030000000001,0.3069195,0.25546080000000004,0.44258902499999997,130.06765617694543
Hh,Nasal Tissue,72,Monocytes,2.2341200166666666,2.28241065,2.0085205000000004,2.39789495,97.88422677867659
Hh,Nasal Tissue,72,Neutrophils,24.78905815,22.83603255,17.312024425,29.001533525,108.55238577771252
Hh,Nasal Tissue,72,Unknown Myeloid,4.221387483333333,4.06291635,2.9886988999999997,5.414399574999999,103.90042815755567
Hh,Nasal Tissue,72,cDC1,0.26922558333333335,0.1977502,0.192765825,0.27637467499999996,136.14427865728246
Hh,Nasal Tissue,72,cDC2,0.058945166666666673,0.045286099999999996,0.033683950000000004,0.0803052,130.16171996852606
Hh,Nasal Tissue,72,moDCs,0.012276649999999998,0.012488599999999999,0.00348274,0.0201118,98.30285220120749
Hh,Nasal Tissue,72,pDCs,2.297635683333333,1.963165,1.943396525,2.546679675,117.03731898914931
Hh,Nasal Tissue,96,B-cells,39.44955805,40.66825895,33.796595725,46.231281075000005,97.00331184204775
Hh,Nasal Tissue,96,CD103+CD4+ T-cells,1.0546117666666668,0.7056138,0.54729445,1.378433,149.4601957425814
Hh,Nasal Tissue,96,CD206+ Macrophages,1.854337216666667,1.4576996500000001,1.326855425,2.6421051,127.20982794135038
Hh,Nasal Tissue,96,CD4+ T-cells,3.4958863166666667,2.9010627,1.7169457,4.538519975,120.50364566979769
Hh,Nasal Tissue,96,CD64+MHCII- Macrophages,0.43044675,0.34072355000000004,0.151565625,0.6155536,126.33313723104844
Hh,Nasal Tissue,96,Drop,6.980201783333334,6.823799,6.3689361,8.032271125000001,102.2920192012299
Hh,Nasal Tissue,96,Ly6C(hi)CD64(hi) Monocytes,5.630930533333333,5.50997545,5.100996524999999,6.03476015,102.19520185581467
Hh,Nasal Tissue,96,Ly6C+ NK cells,0.3362630166666667,0.36337179999999997,0.21005665,0.435448525,92.53965681064594
Hh,Nasal Tissue,96,Ly6C+CD8+ T-cells,0.42634748333333333,0.30920595,0.2896871,0.44362817500000007,137.88463104714944
Hh,Nasal Tissue,96,Ly6C- NK cells,1.8335504333333332,1.7224818499999999,1.625469475,1.9620508500000002,106.44817147613679
Hh,Nasal Tissue,96,Ly6C-CD8+ T-cells,0.46825085,0.29288624999999996,0.217918925,0.528495475,159.87464416646398
Hh,Nasal Tissue,96,Monocytes,2.915666616666667,3.0230209,2.485067225,3.5567806500000008,96.4487746898034
Hh,Nasal Tissue,96,Neutrophils,28.82884955,28.352974200000002,24.264280574999997,34.461781575,101.67839658246504
Hh,Nasal Tissue,96,Unknown Myeloid,4.004025316666667,3.5427324999999996,3.084959675,4.578842174999999,113.02081985209628
Hh,Nasal Tissue,96,cDC1,0.19072325,0.1389112,0.09834564999999999,0.2200372,137.29868433934774
Hh,Nasal Tissue,96,cDC2,0.07050475,0.06473645,0.051368625,0.08337355,108.91043608353563
Hh,Nasal Tissue,96,moDCs,0.005587628333333334,0.0052376,0.0050203975,0.006871335,106.68299093732499
Hh,Nasal Tissue,96,pDCs,2.02425865,1.81582445,1.7751464000000001,2.02165835,111.47876381992765
Hh,Nasal Tissue,144,B-cells,35.467936816666665,31.55341935,29.69226495,42.234146625,112.40600083067278
Hh,Nasal Tissue,144,CD103+CD4+ T-cells,0.7878921833333333,0.7302265,0.60796555,0.8060407,107.89695845512774
Hh,Nasal Tissue,144,CD206+ Macrophages,1.3611898166666667,1.2747963000000002,0.8358148,1.5854009750000002,106.77704482407633
Hh,Nasal Tissue,144,CD4+ T-cells,2.9445752166666668,2.4097809499999996,1.6586615749999998,3.3964508,122.19265060862345
Hh,Nasal Tissue,144,CD64+MHCII- Macrophages,0.22586605,0.13342150000000003,0.07691545000000001,0.250083175,169.287596077094
Hh,Nasal Tissue,144,Drop,6.0544472166666665,6.0369146,5.574410625,6.612876249999999,100.29042346676009
Hh,Nasal Tissue,144,Ly6C(hi)CD64(hi) Monocytes,5.970470133333333,5.785629050000001,4.9573007,6.747666125,103.1948312229477
Hh,Nasal Tissue,144,Ly6C+ NK cells,0.3796575333333333,0.3873324,0.3126012,0.4175964,98.01853223054236
Hh,Nasal Tissue,144,Ly6C+CD8+ T-cells,0.5626578333333333,0.48251805,0.39675905,0.5794110250000001,116.60866020107088
Hh,Nasal Tissue,144,Ly6C- NK cells,1.7152850333333334,1.6396558999999997,1.4609378000000002,1.9535117750000002,104.6125003016385
Hh,Nasal Tissue,144,Ly6C-CD8+ T-cells,0.54260875,0.46611245000000007,0.35417325,0.53954545,116.41155476537901
Hh,Nasal Tissue,144,Monocytes,4.05455915,3.9295948499999995,3.131317325,4.6676002,103.18008102031182
Hh,Nasal Tissue,144,Neutrophils,33.665795083333336,35.11322405,25.8472028,41.342654374999995,95.87782379480285
Hh,Nasal Tissue,144,Unknown Myeloid,4.161164149999999,3.9487842999999994,3.4947007249999995,4.283912325,105.37836037283677
Hh,Nasal Tissue,144,cDC1,0.16244905,0.13457595,0.10134577500000003,0.18731902500000003,120.71179880208909
Hh,Nasal Tissue,144,cDC2,0.06351323333333334,0.0657177,0.054577375,0.0758681,96.64555109709154
Hh,Nasal Tissue,144,moDCs,0.011666755,0.007031545,0.002934125,0.015764175000000002,165.92022094717447
Hh,Nasal Tissue,144,pDCs,1.8721548833333335,1.8588207500000002,1.6209690749999999,2.081903125,100.71734368864418
Hh,Spleen,2,B-cells,55.438427383333334,55.44374700000001,54.35648737500001,56.3799915,99.99040538030974
Hh,Spleen,2,CD103+CD4+ T-cells,0.6828199833333333,0.6295576,0.58674415,0.6676198,108.46028756277953
Hh,Spleen,2,CD206+ Macrophages,1.15583725,1.1136773500000001,0.9615336250000001,1.2827074,103.78564761149178
Hh,Spleen,2,CD4+ T-cells,20.599316483333332,20.7392184,20.296866299999998,20.993373674999997,99.32542338882614
Hh,Spleen,2,CD64+MHCII- Macrophages,0.008839643,0.007419425,0.0050028699999999995,0.01023999,119.14188767997518
Hh,Spleen,2,Drop,2.6835605666666664,2.0727496999999997,1.9566486249999997,2.765537325,129.46862646592913
Hh,Spleen,2,Ly6C(hi)CD64(hi) Monocytes,0.33562820000000004,0.35313115,0.30687780000000003,0.36971787500000003,95.04349871145608
Hh,Spleen,2,Ly6C+ NK cells,1.4271502999999999,1.36614725,1.0613125250000002,1.7623625,104.46533490441823
Hh,Spleen,2,Ly6C+CD8+ T-cells,6.8248730333333345,7.162266300000001,6.194616075,7.736876099999999,95.28929458170711
Hh,Spleen,2,Ly6C- NK cells,2.086161683333333,1.9016134,1.74954855,2.0793626,109.70482661372354
Hh,Spleen,2,Ly6C-CD8+ T-cells,5.784426916666667,5.5186585,5.083634425,6.1025350000000005,104.8158155947984
Hh,Spleen,2,Monocytes,0.25675775,0.27448575000000003,0.17522359999999998,0.33508060000000006,93.54137692029549
Hh,Spleen,2,Neutrophils,0.28908208333333335,0.2498088,0.12603165,0.378395475,115.72133701188004
Hh,Spleen,2,Unknown Myeloid,0.5264799166666666,0.53031595,0.5114858,0.551106675,99.27665133712584
Hh,Spleen,2,cDC1,0.4070671333333334,0.42527735,0.360121,0.43247302500000007,95.71803749560925
Hh,Spleen,2,cDC2,0.7637234666666667,0.7325857499999999,0.686788625,0.842275525,104.25038525069137
Hh,Spleen,2,moDCs,0.0037549966666666663,0.0025292400000000003,0.0017030525,0.0045355824999999995,148.46343829239873
Hh,Spleen,2,pDCs,0.7260932166666667,0.6777216500000001,0.593126975,0.84212765,107.13737958152387
Hh,Spleen,6,B-cells,49.977649783333334,50.6533024,49.173521400000006,51.890758475,98.66612326412371
Hh,Spleen,6,CD103+CD4+ T-cells,0.5194094166666666,0.53636435,0.46457752499999994,0.5813774500000001,96.83891494031373
Hh,Spleen,6,CD206+ Macrophages,1.1949922833333333,1.15342605,0.8968155,1.455029325,103.60371896692754
Hh,Spleen,6,CD4+ T-cells,22.116035633333333,22.13050685,21.328545050000002,23.819924525,99.9346096464724
Hh,Spleen,6,CD64+MHCII- Macrophages,0.007427092000000001,0.0063284100000000005,0.006106820000000001,0.00711567,117.36110650226519
Hh,Spleen,6,Drop,1.6120656166666667,1.613202,1.400203475,1.7079634,99.92955728214238
Hh,Spleen,6,Ly6C(hi)CD64(hi) Monocytes,0.45159345,0.48615085,0.341797675,0.5522881000000001,92.89163024193005
Hh,Spleen,6,Ly6C+ NK cells,0.8289802166666668,0.77622485,0.7587477,1.029712225,106.7964027004117
Hh,Spleen,6,Ly6C+CD8+ T-cells,8.764251566666667,8.46560175,6.9775136,9.674636275,103.52780375791559
Hh,Spleen,6,Ly6C- NK cells,1.2418498833333333,1.25313095,1.0714647,1.4228856249999997,99.09976952794385
Hh,Spleen,6,Ly6C-CD8+ T-cells,6.681626383333334,6.8566772,5.4612012000000005,7.945545399999999,97.44700222045357
Hh,Spleen,6,Monocytes,0.22769628333333333,0.2244061,0.18117100000000003,0.25023205000000004,101.46617375077295
Hh,Spleen,6,Neutrophils,3.9828103166666664,3.7765129,2.5617276,4.78086335,105.46264297592273
Hh,Spleen,6,Unknown Myeloid,0.5605373833333334,0.5530806,0.518480375,0.5845009,101.34822724451612
Hh,Spleen,6,cDC1,0.33624391666666664,0.3341385,0.28522895,0.362880475,100.63010298623674
Hh,Spleen,6,cDC2,0.6747818833333333,0.6602972,0.5504505,0.808395925,102.19366117762326
Hh,Spleen,6,moDCs,0.0037816833333333333,0.003959995,0.0020760325,0.005343505,95.49717444929433
Hh,Spleen,6,pDCs,0.8195050666666667,0.81863935,0.7718994,0.8434569499999999,100.10575067844793
Hh,Spleen,24,B-cells,47.86127976666666,48.1611725,46.883890975,50.299259175,99.37731430161229
Hh,Spleen,24,CD103+CD4+ T-cells,0.5805259333333334,0.54303855,0.535870325,0.606089125,106.90326374312346
Hh,Spleen,24,CD206+ Macrophages,1.4851025833333333,1.4312519,1.186004225,1.7836909250000001,103.76248816391673
Hh,Spleen,24,CD4+ T-cells,23.6609226,23.60811565,22.6424939,24.58441095,100.22368134239466
Hh,Spleen,24,CD64+MHCII- Macrophages,0.009699572666666666,0.00792591,0.0046294675,0.012478775,122.37803188109211
Hh,Spleen,24,Drop,2.537149783333333,2.5455975,2.0677574,3.0164071,99.66814405393364
Hh,Spleen,24,Ly6C(hi)CD64(hi) Monocytes,0.37094771666666665,0.24309809999999996,0.213997675,0.3590675,152.59177947777738
Hh,Spleen,24,Ly6C+ NK cells,0.7865790333333335,0.8638170000000001,0.5989705,0.9171573500000002,91.05852667096542
Hh,Spleen,24,Ly6C+CD8+ T-cells,9.294419016666666,9.277505150000001,8.690993,9.814971050000002,100.18231050690028
Hh,Spleen,24,Ly6C- NK cells,1.4076153666666666,1.3118781,1.15420115,1.385868175,107.29772580750199
Hh,Spleen,24,Ly6C-CD8+ T-cells,7.379851649999999,7.218831300000001,6.5816549,7.8888781,102.2305598137471
Hh,Spleen,24,Monocytes,0.26428208333333336,0.1196993,0.11094157500000001,0.39899027499999995,220.7883281968511
Hh,Spleen,24,Neutrophils,1.9550325833333333,2.2929150500000004,0.9018552500000001,2.7575873,85.26406520526493
Hh,Spleen,24,Unknown Myeloid,0.7015506666666667,0.66351425,0.6320859249999999,0.8155114499999999,105.73256967226652
Hh,Spleen,24,cDC1,0.3911712166666667,0.3407907,0.314627275,0.388899875,114.78341887459567
Hh,Spleen,24,cDC2,0.6862873666666667,0.6675537,0.6387206750000001,0.68657785,102.80631605617145
Hh,Spleen,24,moDCs,0.008825558333333334,0.008294405,0.006030307500000001,0.0122181025,106.40375449876555
Hh,Spleen,24,pDCs,0.6187575333333334,0.5616811,0.503399675,0.7144212000000001,110.16171513218683
Hh,Spleen,48,B-cells,56.53434566666667,56.1527524,54.704450075,57.97244535,100.67956288936368
Hh,Spleen,48,CD103+CD4+ T-cells,0.60636875,0.59981195,0.5786178000000001,0.6178935249999999,101.09314260911275
Hh,Spleen,48,CD206+ Macrophages,1.47775085,1.4594794500000001,1.343279575,1.761636725,101.25191211154086
Hh,Spleen,48,CD4+ T-cells,20.24249525,19.5262366,17.9758987,22.327033375,103.66818586024917
Hh,Spleen,48,CD64+MHCII- Macrophages,0.012805790000000001,0.0127658,0.0061476000000000005,0.0172495,100.31325886352597
Hh,Spleen,48,Drop,1.9061825833333335,1.9023877500000002,1.7890599,2.038075275,100.19947738484613
Hh,Spleen,48,Ly6C(hi)CD64(hi) Monocytes,0.33189803333333334,0.27026239999999996,0.22861622500000003,0.43477012499999995,122.8058484396399
Hh,Spleen,48,Ly6C+ NK cells,1.1183244,1.0407024,0.9559377000000001,1.176852225,107.45861641137755
Hh,Spleen,48,Ly6C+CD8+ T-cells,6.718805833333333,6.29726255,5.8117923000000005,7.460646625000001,106.69407190801236
Hh,Spleen,48,Ly6C- NK cells,1.6945979,1.6402297,1.4827524,1.8650179999999998,103.31466989044277
Hh,Spleen,48,Ly6C-CD8+ T-cells,5.520731333333333,5.3887103000000005,4.8292422,5.919345925,102.44995603740902
Hh,Spleen,48,Monocytes,0.29264015,0.25285155,0.2362613,0.34382942499999997,115.73595257770815
Hh,Spleen,48,Neutrophils,0.7092319666666667,0.5420451,0.503609725,0.9610161499999998,130.84371884676509
Hh,Spleen,48,Unknown Myeloid,0.79646375,0.7509529500000001,0.704941875,0.8017820999999999,106.0604063144036
Hh,Spleen,48,cDC1,0.4335932666666667,0.3895809,0.31606135,0.48317135,111.29736254181523
Hh,Spleen,48,cDC2,0.8593871833333334,0.87469665,0.81507925,0.901478,98.24973987648558
Hh,Spleen,48,moDCs,0.012788743333333333,0.0109236,0.0054520424999999996,0.019185374999999998,117.07443821939043
Hh,Spleen,48,pDCs,0.7337228,0.7368173,0.7001459999999999,0.8034461500000001,99.58001800446326
Hh,Spleen,72,B-cells,53.20876033333334,52.9312617,52.373545975,55.474244075,100.52426226849857
Hh,Spleen,72,CD103+CD4+ T-cells,0.7489968666666666,0.728322,0.7003450999999999,0.7901855500000001,102.83869863421215
Hh,Spleen,72,CD206+ Macrophages,1.1691114999999999,0.9970250999999999,0.7602329499999999,1.316810525,117.25998673453657
Hh,Spleen,72,CD4+ T-cells,21.826903383333335,21.7896098,19.0974042,22.3603864,100.17115305723985
Hh,Spleen,72,CD64+MHCII- Macrophages,0.006651825666666667,0.006629885,0.001764377,0.010979885,100.33093585585068
Hh,Spleen,72,Drop,2.1078623833333334,2.1127995,1.8147792,2.3639424000000004,99.76632346483106
Hh,Spleen,72,Ly6C(hi)CD64(hi) Monocytes,0.4422595833333333,0.42645619999999995,0.3104262,0.521336275,103.7057459437413
Hh,Spleen,72,Ly6C+ NK cells,1.3621463833333334,1.32263425,1.210514175,1.615722575,102.98738168419072
Hh,Spleen,72,Ly6C+CD8+ T-cells,7.971839233333333,8.077668150000001,7.589209575,8.458803075,98.68985807907116
Hh,Spleen,72,Ly6C- NK cells,2.0909273166666664,1.9517624500000001,1.8423313000000001,2.2682117500000003,107.13021539412577
Hh,Spleen,72,Ly6C-CD8+ T-cells,5.463506283333333,5.353150349999999,5.2446061,6.0844379,102.0615138024908
Hh,Spleen,72,Monocytes,0.23815199999999997,0.22612184999999999,0.17454735000000002,0.297415275,105.3202067823167
Hh,Spleen,72,Neutrophils,0.49033029999999994,0.256112,0.22551002500000003,0.30290505,191.4515134003873
Hh,Spleen,72,Unknown Myeloid,0.6651207166666667,0.6800557500000001,0.6189188750000001,0.7123028499999999,97.80385162049828
Hh,Spleen,72,cDC1,0.44170971666666664,0.4127113,0.39095912499999996,0.4257937,107.02632001272237
Hh,Spleen,72,cDC2,0.9306253333333334,0.95007025,0.842963175,1.0618056500000002,97.95331801341358
Hh,Spleen,72,moDCs,0.008831891666666666,0.008244660000000001,0.0038750225000000003,0.013482557499999999,107.12256984116586
Hh,Spleen,72,pDCs,0.8262649666666667,0.8233849000000002,0.7996392750000001,0.8791862749999999,100.34978376050697
Hh,Spleen,96,B-cells,52.8784614,53.8114404,49.8072206,55.651852975,98.26620697557094
Hh,Spleen,96,CD103+CD4+ T-cells,0.6621135166666667,0.65475835,0.600222625,0.732862825,101.12334064417303
Hh,Spleen,96,CD206+ Macrophages,1.6362821333333333,1.49501355,1.461590875,1.74278135,109.44931792312742
Hh,Spleen,96,CD4+ T-cells,21.41899065,20.814737700000002,19.951145675,23.242501299999997,102.90300535471076
Hh,Spleen,96,CD64+MHCII- Macrophages,0.005520975,0.00622609,0.00469848,0.0070485850000000004,88.67483444665913
Hh,Spleen,96,Drop,2.1516033833333332,2.2119583499999997,1.949605425,2.306620425,97.27142390964701
Hh,Spleen,96,Ly6C(hi)CD64(hi) Monocytes,0.41859041666666663,0.40611959999999997,0.35430534999999996,0.45812262500000006,103.07072514270837
Hh,Spleen,96,Ly6C+ NK cells,1.1559931833333335,1.10951705,0.9844411500000001,1.3185303249999998,104.18886157119745
Hh,Spleen,96,Ly6C+CD8+ T-cells,7.486348983333333,7.43620745,7.03777855,7.794179549999999,100.67428906025656
Hh,Spleen,96,Ly6C- NK cells,2.3717936333333336,2.06441945,2.027935075,2.6401304999999997,114.88913424708016
Hh,Spleen,96,Ly6C-CD8+ T-cells,5.764098916666667,5.8178148499999995,4.9675305,6.37104775,99.0766991607969
Hh,Spleen,96,Monocytes,0.3027741666666667,0.31352430000000003,0.24452245,0.3638222,96.57119612950787
Hh,Spleen,96,Neutrophils,0.61464255,0.5146874,0.345759325,0.79958115,119.42055507867492
Hh,Spleen,96,Unknown Myeloid,0.8000887333333333,0.8131061,0.768946,0.84247875,98.3990568184562
Hh,Spleen,96,cDC1,0.5398709166666666,0.50610405,0.4096358499999999,0.6913583,106.67192184426632
Hh,Spleen,96,cDC2,0.95820115,0.98464495,0.89411105,1.022183625,97.31438220446873
Hh,Spleen,96,moDCs,0.011869183333333333,0.012876700000000001,0.007246495,0.0167524,92.17566094832786
Hh,Spleen,96,pDCs,0.8245965166666668,0.87071235,0.7662146,0.8829157750000001,94.70366610358366
Hh,Spleen,144,B-cells,42.0289723,42.420690449999995,40.45549235,43.582035250000004,99.07658704786594
Hh,Spleen,144,CD103+CD4+ T-cells,0.7758169500000001,0.78149425,0.7442995750000001,0.9064398250000001,99.27353272272958
Hh,Spleen,144,CD206+ Macrophages,1.2302450666666667,1.29977425,1.205576975,1.44604725,94.65067235073064
Hh,Spleen,144,CD4+ T-cells,23.795103216666668,24.917613199999998,23.089209249999996,25.689186525,95.49511434211793
Hh,Spleen,144,CD64+MHCII- Macrophages,0.003103824,0.0020783499999999996,0.0016782400000000001,0.00375883,149.34077513412083
Hh,Spleen,144,Drop,6.4714169,2.982766,2.7389950249999995,3.1496456999999998,216.9602610462906
Hh,Spleen,144,Ly6C(hi)CD64(hi) Monocytes,0.36506931666666664,0.33832840000000003,0.32745185,0.37365322500000003,107.9038344598522
Hh,Spleen,144,Ly6C+ NK cells,1.9040256166666665,1.6777550500000002,1.487477425,1.9580317750000003,113.48650785862134
Hh,Spleen,144,Ly6C+CD8+ T-cells,8.577110516666666,9.19122555,8.615564174999998,10.203555675,93.3184641156659
Hh,Spleen,144,Ly6C- NK cells,2.6308402,2.59864875,2.5390926,2.653110825,101.23877649874767
Hh,Spleen,144,Ly6C-CD8+ T-cells,6.776741266666667,6.6046452,5.275069725,8.703036,102.60568223508307
Hh,Spleen,144,Monocytes,0.38335108333333334,0.42885529999999994,0.33339435,0.49163852500000005,89.38937756705663
Hh,Spleen,144,Neutrophils,2.064656116666667,1.9010612,1.1392531750000001,2.234881275,108.605452400305
Hh,Spleen,144,Unknown Myeloid,0.8863692499999999,0.8810417000000001,0.7415218750000001,1.0067844,100.60468761013239
Hh,Spleen,144,cDC1,0.36718033333333333,0.38106035,0.35658962499999997,0.42966097499999995,96.3575279698697
Hh,Spleen,144,cDC2,0.9204049666666667,0.99656345,0.9211298,1.090501175,92.35788917069623
Hh,Spleen,144,moDCs,0.009754458333333332,0.00759283,0.0057874525,0.012774325,128.46933664171766
Hh,Spleen,144,pDCs,0.8103559499999999,0.87510765,0.7722640499999999,0.9989691749999999,92.60071603762118
Hh+IAV,Lung,2,B-cells,30.6714452,30.846941100000002,28.553073974999997,32.4855279,99.43107519338442
Hh+IAV,Lung,2,CD103+CD4+ T-cells,0.93503835,0.9135276500000001,0.8475003249999999,1.006664025,102.35468515922861
Hh+IAV,Lung,2,CD206+ Macrophages,0.69661415,0.6812325499999999,0.5171251499999999,0.87799795,102.25790737685688
Hh+IAV,Lung,2,CD4+ T-cells,24.143409483333333,23.76680405,21.737792625,26.093128525000004,101.58458593145734
Hh+IAV,Lung,2,CD64+MHCII- Macrophages,0.056793416666666666,0.0554694,0.040023625,0.0781922,102.38693165360841
Hh+IAV,Lung,2,Drop,8.76690495,8.94310075,7.731647999999999,9.975914375,98.02981309362976
Hh+IAV,Lung,2,Ly6C(hi)CD64(hi) Monocytes,1.1801042166666669,1.1407291,0.856133575,1.5079009,103.45174999626703
Hh+IAV,Lung,2,Ly6C+ NK cells,4.825402466666667,4.8730355,4.244535675,4.99486825,99.02251823666514
Hh+IAV,Lung,2,Ly6C+CD8+ T-cells,5.6388199666666665,5.95613615,5.643223625,6.2894343500000005,94.67244912906611
Hh+IAV,Lung,2,Ly6C- NK cells,5.913116783333333,5.94032055,5.568823575000001,6.3570846,99.54204884336305
Hh+IAV,Lung,2,Ly6C-CD8+ T-cells,4.837630466666667,4.40342435,4.146563225,5.5553972,109.86064667300728
Hh+IAV,Lung,2,Monocytes,0.8748654499999999,0.88255795,0.72572285,1.044456075,99.128385847071
Hh+IAV,Lung,2,Neutrophils,2.5903064,2.0591149,1.7635135,3.2086065249999995,125.79707912365647
Hh+IAV,Lung,2,Unknown Myeloid,4.201960533333334,4.0659167,3.6119215999999996,4.845538175,103.34595721878253
Hh+IAV,Lung,2,cDC1,0.4422864166666667,0.42884595000000003,0.33801085,0.5130106249999999,103.13410134027536
Hh+IAV,Lung,2,cDC2,0.1464923,0.13335035,0.11926445000000001,0.14737377499999998,109.85520472949639
Hh+IAV,Lung,2,moDCs,3.6646847499999997,3.12093285,2.926516075,4.4639192,117.42273628219844
Hh+IAV,Lung,2,pDCs,0.41412474999999993,0.41039995,0.40139234999999995,0.417219725,100.90760244975661
Hh+IAV,Lung,6,B-cells,19.992282833333334,20.11392705,18.52784915,21.472971474999998,99.39522393432034
Hh+IAV,Lung,6,CD103+CD4+ T-cells,0.6003521166666667,0.51508015,0.47977037499999997,0.616942975,116.55508694455933
Hh+IAV,Lung,6,CD206+ Macrophages,0.8080809333333333,0.9895160000000001,0.5435102500000001,1.102880475,81.6642614503791
Hh+IAV,Lung,6,CD4+ T-cells,21.06780895,19.025754550000002,17.2616786,22.9622196,110.73310598343653
Hh+IAV,Lung,6,CD64+MHCII- Macrophages,0.08258795000000001,0.08795940000000001,0.05572427499999999,0.105549875,93.8932621186593
Hh+IAV,Lung,6,Drop,4.2646521,4.36272185,3.4393946999999994,5.066768499999999,97.75209712257957
Hh+IAV,Lung,6,Ly6C(hi)CD64(hi) Monocytes,2.5170652166666665,2.61651325,2.3981207,2.8210238999999997,96.1992153743791
Hh+IAV,Lung,6,Ly6C+ NK cells,3.491603716666667,3.24380715,3.0119137,3.3080242250000005,107.6390659249477
Hh+IAV,Lung,6,Ly6C+CD8+ T-cells,4.95891895,4.86600215,4.23929845,5.453378925000001,101.9095100482025
Hh+IAV,Lung,6,Ly6C- NK cells,4.056966433333333,3.34465995,2.76400785,4.819577325,121.2968281972382
Hh+IAV,Lung,6,Ly6C-CD8+ T-cells,4.1140263500000005,3.4848875500000003,3.187060675,5.4198923500000005,118.05334579590667
Hh+IAV,Lung,6,Monocytes,1.3138377333333333,1.257196,1.156248,1.483132775,104.50540196861375
Hh+IAV,Lung,6,Neutrophils,25.032316683333335,28.801860899999998,17.6326708,34.160688125,86.91215046918491
Hh+IAV,Lung,6,Unknown Myeloid,4.286185083333334,4.099755350000001,3.7046923250000003,4.502102975,104.54733800965302
Hh+IAV,Lung,6,cDC1,0.47745608333333334,0.5537336,0.416363425,0.5925510749999999,86.22487118956359
Hh+IAV,Lung,6,cDC2,0.09646516666666667,0.09164320000000001,0.080062425,0.11231105000000001,105.26167426133817
Hh+IAV,Lung,6,moDCs,2.4571343666666667,2.81009465,1.6541439499999997,3.2239217,87.4395589012159
Hh+IAV,Lung,6,pDCs,0.3822593,0.37197015000000005,0.30428235,0.471896025,102.7661224966573
Hh+IAV,Lung,24,B-cells,26.0676619,26.163394,19.3554483,29.64534245,99.63409907751264
Hh+IAV,Lung,24,CD103+CD4+ T-cells,1.3125002166666666,1.2915332499999999,0.940695175,1.87108525,101.6234167154943
Hh+IAV,Lung,24,CD206+ Macrophages,0.5585704833333334,0.5347877,0.522204375,0.697876525,104.44714478910666
Hh+IAV,Lung,24,CD4+ T-cells,17.65902285,16.309715,15.865041675000002,18.8141215,108.27303144168981
Hh+IAV,Lung,24,CD64+MHCII- Macrophages,0.21034668333333334,0.18242375,0.1494709,0.22681199999999999,115.30663267986397
Hh+IAV,Lung,24,Drop,4.982668533333333,4.346949,3.3942174749999996,6.405301874999999,114.62449946694413
Hh+IAV,Lung,24,Ly6C(hi)CD64(hi) Monocytes,2.1878430166666667,1.8695676,1.4689062999999998,2.5150378250000003,117.02401221901077
Hh+IAV,Lung,24,Ly6C+ NK cells,3.4071350833333334,3.2612593499999996,2.67674155,3.516052475,104.47298781476346
Hh+IAV,Lung,24,Ly6C+CD8+ T-cells,4.922568716666667,5.07514425,4.589163125,5.23309945,96.99367100091129
Hh+IAV,Lung,24,Ly6C- NK cells,4.93968,4.7930776,4.155746124999999,5.0761369,103.05862771760674
Hh+IAV,Lung,24,Ly6C-CD8+ T-cells,9.32471745,3.4836623999999996,3.1049564750000003,3.96780505,267.66995131330754
Hh+IAV,Lung,24,Monocytes,0.7455131833333333,0.5824855,0.4646959,0.821853025,127.9882818256134
Hh+IAV,Lung,24,Neutrophils,15.149233916666665,14.185039,4.86351785,22.819260675,106.79726658958543
Hh+IAV,Lung,24,Unknown Myeloid,5.1597672,5.39308955,5.0988601000000005,6.2019993,95.67367929204885
Hh+IAV,Lung,24,cDC1,0.4915755666666667,0.42730045,0.39780762500000005,0.5507952,115.04213643272941
Hh+IAV,Lung,24,cDC2,0.21750379999999997,0.2567448,0.1682287,0.2605211,84.71595140388432
Hh+IAV,Lung,24,moDCs,1.8152307666666665,1.9385861,1.5020689,2.288746275,93.63684010045603
Hh+IAV,Lung,24,pDCs,0.84846065,0.8312558000000001,0.7503227,0.991157675,102.06974194946969
Hh+IAV,Lung,48,B-cells,40.44451821666667,41.216067499999994,36.588154,44.707455149999994,98.12803760734009
Hh+IAV,Lung,48,CD103+CD4+ T-cells,0.9304736333333332,0.8642591,0.8118227499999998,1.0272242999999999,107.66142159606224
Hh+IAV,Lung,48,CD206+ Macrophages,0.6758353333333333,0.6155519,0.4850289000000001,0.748327675,109.79339570446184
Hh+IAV,Lung,48,CD4+ T-cells,19.397573333333334,18.2007969,16.46741395,22.6238348,106.57540677976212
Hh+IAV,Lung,48,CD64+MHCII- Macrophages,0.0999694,0.09859065000000002,0.081008325,0.12169957499999998,101.39845918451698
Hh+IAV,Lung,48,Drop,6.012460033333333,5.827977850000001,5.52530315,6.6760414500000005,103.16545786688829
Hh+IAV,Lung,48,Ly6C(hi)CD64(hi) Monocytes,1.8881708333333334,1.7234079,1.32624475,2.3386056500000003,109.56029813564933
Hh+IAV,Lung,48,Ly6C+ NK cells,4.2975448,4.35117805,3.904867125,4.526975674999999,98.76738553596996
Hh+IAV,Lung,48,Ly6C+CD8+ T-cells,5.965084766666666,5.84563305,5.586612625,6.0672455,102.04343508470252
Hh+IAV,Lung,48,Ly6C- NK cells,5.494442983333333,5.643889250000001,4.9770704,5.844904475000001,97.35206946758093
Hh+IAV,Lung,48,Ly6C-CD8+ T-cells,4.192711483333333,4.01472725,3.4560457749999998,4.756961475,104.43328331540663
Hh+IAV,Lung,48,Monocytes,1.4666096166666667,1.42224035,0.9853354250000002,1.75368365,103.11967429883893
Hh+IAV,Lung,48,Neutrophils,1.4212792333333333,1.01083955,0.7923240500000002,1.902953525,140.60384096895825
Hh+IAV,Lung,48,Unknown Myeloid,4.464399650000001,4.14069145,4.120013225000001,5.057811075,107.81773295375584
Hh+IAV,Lung,48,cDC1,0.4477244833333333,0.44322459999999997,0.35402015,0.47598104999999996,101.01526028413888
Hh+IAV,Lung,48,cDC2,0.16629691666666666,0.1730061,0.14297864999999998,0.188554575,96.12199608376044
Hh+IAV,Lung,48,moDCs,1.9308256333333333,1.82925255,1.2028682499999999,2.4429356749999998,105.55270967550837
Hh+IAV,Lung,48,pDCs,0.7040796,0.66761895,0.66473415,0.6876831,105.4612964476218
Hh+IAV,Lung,72,B-cells,34.39591971666667,35.104146650000004,29.925850399999998,39.46986664999999,97.98249779322484
Hh+IAV,Lung,72,CD103+CD4+ T-cells,1.0920967166666666,1.09119505,0.9393585,1.132226975,100.08263111775173
Hh+IAV,Lung,72,CD206+ Macrophages,0.26974835,0.2269251,0.21085640000000003,0.3454009,118.87109447125948
Hh+IAV,Lung,72,CD4+ T-cells,17.761031733333333,18.63227655,16.809869275,20.600716325,95.32400233364577
Hh+IAV,Lung,72,CD64+MHCII- Macrophages,0.23270118333333334,0.204653,0.16667625000000003,0.300013525,113.7052392749353
Hh+IAV,Lung,72,Drop,7.016472733333333,7.7930909999999995,5.926825475,8.2761295,90.03452844748423
Hh+IAV,Lung,72,Ly6C(hi)CD64(hi) Monocytes,5.725763183333334,5.201058799999999,4.670294675,6.1419029,110.08841475380618
Hh+IAV,Lung,72,Ly6C+ NK cells,6.7513679333333325,6.592018799999999,5.2857829999999995,8.291852350000001,102.41730398786686
Hh+IAV,Lung,72,Ly6C+CD8+ T-cells,8.175848766666666,8.3911188,7.841545175,8.803860550000001,97.4345490933422
Hh+IAV,Lung,72,Ly6C- NK cells,6.1843255,5.6403107,5.476744825,6.488302274999999,109.64512114554256
Hh+IAV,Lung,72,Ly6C-CD8+ T-cells,2.97184105,2.93776615,2.420596675,3.54713995,101.15989150463867
Hh+IAV,Lung,72,Monocytes,1.5382949,1.6981688000000001,0.998633275,1.959753,90.58551187608674
Hh+IAV,Lung,72,Neutrophils,3.0407865666666667,1.51215775,0.980416525,3.72973495,201.08924261815056
Hh+IAV,Lung,72,Unknown Myeloid,2.6130702166666664,2.5401086,1.9707885250000001,3.17264145,102.87238178189178
Hh+IAV,Lung,72,cDC1,0.2215987,0.1813,0.13933857500000002,0.3034344,122.2276337562052
Hh+IAV,Lung,72,cDC2,0.02573338333333333,0.024796600000000002,0.020081875,0.03305815,103.7778700843395
Hh+IAV,Lung,72,moDCs,0.9303363,0.8441326499999999,0.6074289,1.224617625,110.21209758916446
Hh+IAV,Lung,72,pDCs,1.0530631333333333,0.97432475,0.79017315,1.2055543,108.0813284619254
Hh+IAV,Lung,96,B-cells,36.633974183333336,37.17186115,32.721283325,39.74330505,98.5529727325298
Hh+IAV,Lung,96,CD103+CD4+ T-cells,1.1679126666666666,1.1043707,0.89714085,1.375356325,105.75368095755044
Hh+IAV,Lung,96,CD206+ Macrophages,0.41471328333333335,0.387557,0.29005854999999997,0.42726555,107.00704240494517
Hh+IAV,Lung,96,CD4+ T-cells,17.692633366666666,17.965493700000003,14.1094274,20.987261800000002,98.48119768991744
Hh+IAV,Lung,96,CD64+MHCII- Macrophages,0.22358851666666665,0.22717405000000002,0.183504175,0.250193725,98.42168005838107
Hh+IAV,Lung,96,Drop,6.045462833333333,6.3005040999999995,5.921317475,6.394047825,95.952049826193
Hh+IAV,Lung,96,Ly6C(hi)CD64(hi) Monocytes,4.428271183333334,4.444961899999999,3.4543572,5.252572975,99.62450259322436
Hh+IAV,Lung,96,Ly6C+ NK cells,5.6575462666666665,5.7282854,4.8144223,6.489491925,98.7650906267112
Hh+IAV,Lung,96,Ly6C+CD8+ T-cells,8.07254055,7.528368250000001,7.213693475,9.22523505,107.22829014109396
Hh+IAV,Lung,96,Ly6C- NK cells,7.5885044,7.418196050000001,6.861318875,7.9123427,102.29581894104834
Hh+IAV,Lung,96,Ly6C-CD8+ T-cells,2.501242416666667,2.35699095,1.88016225,3.1826979750000004,106.12015360800035
Hh+IAV,Lung,96,Monocytes,1.43870335,1.5849611,1.0460018,1.8389264750000003,90.7721552282892
Hh+IAV,Lung,96,Neutrophils,2.340916216666667,2.115376,1.0091457,3.6255472999999996,110.66194457470762
Hh+IAV,Lung,96,Unknown Myeloid,3.1481107833333333,3.02439095,2.643946,3.61311585,104.09073546967642
Hh+IAV,Lung,96,cDC1,0.5353035666666667,0.49364765,0.37715015,0.6727780250000001,108.43839055380222
Hh+IAV,Lung,96,cDC2,0.039251633333333334,0.0379102,0.02890115,0.052103625,103.53844963448712
Hh+IAV,Lung,96,moDCs,0.9166864666666666,0.48189465,0.218217225,0.9416322749999999,190.22549153983482
Hh+IAV,Lung,96,pDCs,1.1546382833333333,1.00784085,0.9900664499999999,1.2152499,114.56553714143789
Hh+IAV,Lung,144,B-cells,27.820574583333336,27.941208350000004,25.215384750000002,28.869132925000002,99.56825859083983
Hh+IAV,Lung,144,CD103+CD4+ T-cells,1.7761482166666664,1.79263015,1.660523475,1.9033175,99.08057256911954
Hh+IAV,Lung,144,CD206+ Macrophages,0.76199575,0.6953685000000001,0.6756388999999999,0.788267725,109.58157437387513
Hh+IAV,Lung,144,CD4+ T-cells,17.15580891666667,16.806564299999998,15.343629349999999,16.92692605,102.07802505278649
Hh+IAV,Lung,144,CD64+MHCII- Macrophages,0.5233783666666667,0.53149935,0.407969425,0.664980725,98.4720614741423
Hh+IAV,Lung,144,Drop,7.12980455,6.784955849999999,6.306464575,8.346712924999999,105.08254891592259
Hh+IAV,Lung,144,Ly6C(hi)CD64(hi) Monocytes,7.038933983333333,6.93202475,5.8780849250000005,8.238386975000001,101.54225117752694
Hh+IAV,Lung,144,Ly6C+ NK cells,4.69106925,4.4295498,4.364980125,4.9808748,105.90397358214598
Hh+IAV,Lung,144,Ly6C+CD8+ T-cells,7.538941033333334,7.311748100000001,6.930144050000001,8.194163150000001,103.1072314065816
Hh+IAV,Lung,144,Ly6C- NK cells,9.12999055,9.4867684,8.3619332,10.033463175,96.23920564983962
Hh+IAV,Lung,144,Ly6C-CD8+ T-cells,2.0679889666666664,1.7514659000000001,1.7285691749999998,2.2345062999999996,118.07189432958222
Hh+IAV,Lung,144,Monocytes,2.2192038000000003,2.2335623499999997,1.8230502750000002,2.684519975,99.35714577208917
Hh+IAV,Lung,144,Neutrophils,4.62338775,4.0939644,3.17365515,5.8870151250000005,112.93180150760472
Hh+IAV,Lung,144,Unknown Myeloid,4.4787868500000005,4.35812935,3.849378775,5.0370099250000004,102.76856169952828
Hh+IAV,Lung,144,cDC1,0.6212059333333333,0.6091395499999999,0.576728225,0.648761825,101.98088981963713
Hh+IAV,Lung,144,cDC2,0.055683333333333335,0.0639497,0.04853125,0.0690087,87.07364277445139
Hh+IAV,Lung,144,moDCs,0.9668391833333333,0.9406616499999999,0.8627068,1.0229032,102.7828851461451
Hh+IAV,Lung,144,pDCs,1.40025895,1.40577115,1.1561834500000001,1.46580385,99.60788781303414
Hh+IAV,Nasal Tissue,2,B-cells,59.369871583333335,61.8632732,60.333416799999995,62.279135475000004,95.96949613609085
Hh+IAV,Nasal Tissue,2,CD103+CD4+ T-cells,0.57796375,0.50984585,0.42481607499999996,0.7413204000000001,113.3604892537617
Hh+IAV,Nasal Tissue,2,CD206+ Macrophages,1.8214759666666667,1.61843435,1.402544475,2.2366571499999996,112.54555778964199
Hh+IAV,Nasal Tissue,2,CD4+ T-cells,3.9172526666666667,2.6157517500000003,1.543035075,5.417596275,149.75628580451743
Hh+IAV,Nasal Tissue,2,CD64+MHCII- Macrophages,0.3925046833333333,0.3269459,0.238923175,0.5403693749999999,120.0518750451782
Hh+IAV,Nasal Tissue,2,Drop,5.9290595,6.10971915,5.675724925,6.443002624999999,97.04307766748984
Hh+IAV,Nasal Tissue,2,Ly6C(hi)CD64(hi) Monocytes,3.7167058,3.5574459000000003,2.6623736,3.7849385499999997,104.47680455238968
Hh+IAV,Nasal Tissue,2,Ly6C+ NK cells,0.63950305,0.6323229499999999,0.5811215249999999,0.7091341,101.13551152935378
Hh+IAV,Nasal Tissue,2,Ly6C+CD8+ T-cells,0.804708,0.5754094,0.349550125,1.0160229250000001,139.8496444444599
Hh+IAV,Nasal Tissue,2,Ly6C- NK cells,2.457245583333333,2.2527553,2.0673789,2.4828118999999997,109.07734112681182
Hh+IAV,Nasal Tissue,2,Ly6C-CD8+ T-cells,0.6171388999999999,0.5812452499999999,0.30470505000000003,0.828043375,106.1753020777374
Hh+IAV,Nasal Tissue,2,Monocytes,1.6560116666666667,1.4304036,1.3120487,1.948553875,115.77233632987686
Hh+IAV,Nasal Tissue,2,Neutrophils,12.226928666666668,12.14865035,6.27171205,14.438782725000001,100.64433755529616
Hh+IAV,Nasal Tissue,2,Unknown Myeloid,3.9094452333333334,3.7744729999999995,3.6229950749999995,4.2093431500000005,103.5759226078272
Hh+IAV,Nasal Tissue,2,cDC1,0.12043150000000001,0.09453890000000001,0.07960395,0.16962069999999999,127.3883025929009
Hh+IAV,Nasal Tissue,2,cDC2,0.10492665000000001,0.10552184999999999,0.091330375,0.124445,99.4359462045065
Hh+IAV,Nasal Tissue,2,moDCs,0.03073167,0.0288956,0.019258675,0.044643,106.35415080496684
Hh+IAV,Nasal Tissue,2,pDCs,1.7080952333333332,1.6223451,1.371973025,1.8873570999999998,105.28556675970688
Hh+IAV,Nasal Tissue,6,B-cells,47.9495415,48.141053649999996,45.961039025,51.061506375,99.60218537925584
Hh+IAV,Nasal Tissue,6,CD103+CD4+ T-cells,0.5094101833333333,0.39419680000000007,0.32885575,0.4858322500000001,129.22737661323816
Hh+IAV,Nasal Tissue,6,CD206+ Macrophages,0.8856562333333333,0.7926357,0.69210965,1.0720087,111.73559724011083
Hh+IAV,Nasal Tissue,6,CD4+ T-cells,1.5847038833333333,1.47816685,1.318358725,1.636900225,107.20737536045633
Hh+IAV,Nasal Tissue,6,CD64+MHCII- Macrophages,0.25735825,0.2468086,0.164152925,0.32620425,104.27442560753558
Hh+IAV,Nasal Tissue,6,Drop,4.69105035,4.63255695,4.02087605,4.9559785750000005,101.26265905916172
Hh+IAV,Nasal Tissue,6,Ly6C(hi)CD64(hi) Monocytes,4.77418445,4.39658865,3.85359375,5.102993325000001,108.58838135789665
Hh+IAV,Nasal Tissue,6,Ly6C+ NK cells,1.0952213166666667,0.9847857,0.8196789999999999,1.3065428000000001,111.21417752782831
Hh+IAV,Nasal Tissue,6,Ly6C+CD8+ T-cells,0.5265851,0.4989437500000001,0.45937704999999995,0.626709775,105.53997319337098
Hh+IAV,Nasal Tissue,6,Ly6C- NK cells,2.8479847166666667,2.62181385,2.2372565,3.189367975,108.62650361949481
Hh+IAV,Nasal Tissue,6,Ly6C-CD8+ T-cells,0.3828099833333333,0.34057365,0.29502069999999997,0.3891452,112.40152705100155
Hh+IAV,Nasal Tissue,6,Monocytes,1.9439823166666668,1.9038858499999998,1.7604030499999999,2.019863975,102.10603312518273
Hh+IAV,Nasal Tissue,6,Neutrophils,27.352133566666666,29.265229799999997,22.156411775000002,30.965492875,93.46290377212985
Hh+IAV,Nasal Tissue,6,Unknown Myeloid,3.5527387833333335,2.87848105,2.5688828249999998,4.212442475,123.4240810212502
Hh+IAV,Nasal Tissue,6,cDC1,0.059266120000000005,0.05093469999999999,0.039556999999999995,0.0814493,116.35706109980035
Hh+IAV,Nasal Tissue,6,cDC2,0.05746628333333333,0.048012,0.042225975,0.069163275,119.69150073592714
Hh+IAV,Nasal Tissue,6,moDCs,0.046161865999999996,0.016043,0.015280400000000001,0.0692247,287.73836564233613
Hh+IAV,Nasal Tissue,6,pDCs,1.5013163999999999,1.2860692,1.0956683999999999,1.478333525,116.73682878028646
Hh+IAV,Nasal Tissue,24,B-cells,48.35379115,50.671073899999996,46.111908475,53.70684735,95.42681342303267
Hh+IAV,Nasal Tissue,24,CD103+CD4+ T-cells,0.4148229,0.43857140000000006,0.31486395,0.461192575,94.58503222052326
Hh+IAV,Nasal Tissue,24,CD206+ Macrophages,1.3229976666666667,1.3590483500000001,1.156375475,1.494511175,97.34735829425544
Hh+IAV,Nasal Tissue,24,CD4+ T-cells,1.5247831833333332,1.2160009,1.0986264,1.8030335750000002,125.39326108503153
Hh+IAV,Nasal Tissue,24,CD64+MHCII- Macrophages,0.5482079666666667,0.5063437000000001,0.3498328,0.753388825,108.26795448756776
Hh+IAV,Nasal Tissue,24,Drop,5.1427894,4.99524785,4.9400585999999995,5.0468816499999996,102.95363822637948
Hh+IAV,Nasal Tissue,24,Ly6C(hi)CD64(hi) Monocytes,6.51219305,5.502068749999999,4.7427832500000005,5.996785225,118.35899087956689
Hh+IAV,Nasal Tissue,24,Ly6C+ NK cells,0.53918325,0.5122433500000001,0.48797192500000003,0.57634975,105.25919955817872
Hh+IAV,Nasal Tissue,24,Ly6C+CD8+ T-cells,0.61948565,0.6411737500000001,0.5621151249999999,0.7575742,96.61743794096373
Hh+IAV,Nasal Tissue,24,Ly6C- NK cells,2.0317940666666665,2.07006955,1.8680646500000002,2.1910159499999997,98.1510049585854
Hh+IAV,Nasal Tissue,24,Ly6C-CD8+ T-cells,0.48472029999999994,0.46434270000000005,0.325764375,0.617072625,104.38848290282152
Hh+IAV,Nasal Tissue,24,Monocytes,2.01304235,1.7797991,1.27930105,2.8428726,113.10503247248525
Hh+IAV,Nasal Tissue,24,Neutrophils,24.64092345,25.098648,20.89713525,30.254230425,98.17629798226581
Hh+IAV,Nasal Tissue,24,Unknown Myeloid,3.711019416666667,3.79978235,3.142159375,4.198462500000001,97.66399953583307
Hh+IAV,Nasal Tissue,24,cDC1,0.10932456666666666,0.1041938,0.095670625,0.1236828,104.92425333049246
Hh+IAV,Nasal Tissue,24,cDC2,0.07481788333333333,0.06717310000000001,0.054841125000000004,0.103952825,111.38072135026272
Hh+IAV,Nasal Tissue,24,moDCs,0.02435724833333333,0.0152106,0.01093915,0.02731955,160.13338286019837
Hh+IAV,Nasal Tissue,24,pDCs,1.9317464833333333,1.94037595,1.7203075749999999,2.143431025,99.5552683145415
Hh+IAV,Nasal Tissue,48,B-cells,39.85138233333333,43.034266450000004,33.500590625,45.03603165,92.60383787332648
Hh+IAV,Nasal Tissue,48,CD103+CD4+ T-cells,1.7862194833333334,1.43247085,0.59487965,2.690667975,124.69499699301619
Hh+IAV,Nasal Tissue,48,CD206+ Macrophages,2.1761766500000004,2.10615675,1.334524025,2.672209975,103.3245341307099
Hh+IAV,Nasal Tissue,48,CD4+ T-cells,3.2295062833333334,2.6057129,1.01788875,5.545475125,123.93945178432104
Hh+IAV,Nasal Tissue,48,CD64+MHCII- Macrophages,1.3504108166666666,0.88977125,0.27571825,2.070247125,151.77056087917725
Hh+IAV,Nasal Tissue,48,Drop,5.798541066666667,5.780753850000001,5.452636075,6.21209375,100.3076971815132
Hh+IAV,Nasal Tissue,48,Ly6C(hi)CD64(hi) Monocytes,5.148175183333334,5.1256552,4.836456075,5.614511375,100.43935813968395
Hh+IAV,Nasal Tissue,48,Ly6C+ NK cells,0.7013706,0.6823635499999999,0.544316475,0.915355375,102.7854726413801
Hh+IAV,Nasal Tissue,48,Ly6C+CD8+ T-cells,0.6601076666666666,0.6374951,0.40275727499999997,0.838970275,103.54709654500351
Hh+IAV,Nasal Tissue,48,Ly6C- NK cells,2.5653178166666666,2.3953278,2.338917125,2.8823722,107.09673292593467
Hh+IAV,Nasal Tissue,48,Ly6C-CD8+ T-cells,0.7823757833333334,0.643373,0.286344375,1.228326775,121.6053181176912
Hh+IAV,Nasal Tissue,48,Monocytes,2.5676634666666667,2.45679205,2.1765335,3.260497875,104.51285311944358
Hh+IAV,Nasal Tissue,48,Neutrophils,25.179604066666666,23.538823,18.30830345,27.113233425000004,106.97053147757924
Hh+IAV,Nasal Tissue,48,Unknown Myeloid,5.206664283333334,4.95481145,3.0684474250000005,7.080513600000001,105.082995304157
Hh+IAV,Nasal Tissue,48,cDC1,0.27159188333333334,0.23539429999999997,0.12294117500000001,0.327544925,115.3774255932847
Hh+IAV,Nasal Tissue,48,cDC2,0.13764883333333333,0.10523864999999999,0.090084875,0.18652225,130.7968444419739
Hh+IAV,Nasal Tissue,48,moDCs,0.004614748,0.00267415,0.00237085,0.0049128,172.568778864312
Hh+IAV,Nasal Tissue,48,pDCs,2.5833981166666664,2.59240325,1.9662949749999998,3.1695588,99.6526337739573
Hh+IAV,Nasal Tissue,72,B-cells,47.786853699999995,49.16912695,45.29125107499999,51.354298799999995,97.18873745428583
Hh+IAV,Nasal Tissue,72,CD103+CD4+ T-cells,0.6808705166666666,0.49476174999999994,0.38395779999999996,0.7969939,137.6158356353673
Hh+IAV,Nasal Tissue,72,CD206+ Macrophages,1.6882855499999998,1.33429745,1.194177375,2.259961225,126.52992404354815
Hh+IAV,Nasal Tissue,72,CD4+ T-cells,3.2032831833333333,1.55044055,0.84697769999999994,5.617370424999999,206.60470879282235
Hh+IAV,Nasal Tissue,72,CD64+MHCII- Macrophages,0.5749223166666667,0.33013185,0.196633825,0.7685138,174.14930327584773
Hh+IAV,Nasal Tissue,72,Drop,5.392684033333333,5.878414,4.596754625,6.291951749999999,91.73705753513333
Hh+IAV,Nasal Tissue,72,Ly6C(hi)CD64(hi) Monocytes,5.162445233333333,5.6358548,4.2486994,5.975258324999999,91.60003968401269
Hh+IAV,Nasal Tissue,72,Ly6C+ NK cells,0.43644316666666666,0.4197786,0.33498484999999995,0.5094005500000001,103.9698466445566
Hh+IAV,Nasal Tissue,72,Ly6C+CD8+ T-cells,0.6409776666666667,0.4696029500000001,0.4549332749999999,0.48820300000000005,136.4935349462065
Hh+IAV,Nasal Tissue,72,Ly6C- NK cells,1.1630184666666665,0.96970705,0.9603396,1.3187693,119.93503261285628
Hh+IAV,Nasal Tissue,72,Ly6C-CD8+ T-cells,0.33891166666666667,0.2648134,0.150422125,0.4752721,127.98131313093171
Hh+IAV,Nasal Tissue,72,Monocytes,2.9170031666666665,3.02124245,2.4544352999999997,3.54873655,96.54978754408361
Hh+IAV,Nasal Tissue,72,Neutrophils,24.75169965,23.18240585,18.27744345,31.843173850000007,106.76933106146961
Hh+IAV,Nasal Tissue,72,Unknown Myeloid,3.0861544166666666,3.1892558500000003,2.2640410749999997,3.803374675,96.76722601815298
Hh+IAV,Nasal Tissue,72,cDC1,0.11452693333333333,0.09917265,0.087391725,0.13605495,115.48237677760282
Hh+IAV,Nasal Tissue,72,cDC2,0.014204078333333333,0.014100199999999998,0.010594275,0.01572385,100.73671531845885
Hh+IAV,Nasal Tissue,72,moDCs,0.012101852,0.005370570000000001,0.00520143,0.018288199999999998,225.33645404491511
Hh+IAV,Nasal Tissue,72,pDCs,2.0376314,2.0116707,1.726525475,2.2377523000000004,101.29050445482952
Hh+IAV,Nasal Tissue,96,B-cells,34.005442216666665,32.328319549999996,31.041289275,34.699666824999994,105.18778176537378
Hh+IAV,Nasal Tissue,96,CD103+CD4+ T-cells,1.1551480166666666,1.00336275,0.46290405000000007,1.5807764249999998,115.12765614097857
Hh+IAV,Nasal Tissue,96,CD206+ Macrophages,2.2639801333333334,1.8322505999999998,1.246890375,2.5589559,123.56279939727315
Hh+IAV,Nasal Tissue,96,CD4+ T-cells,3.810463066666667,2.85518965,1.38408985,4.6196360499999995,133.4574418433699
Hh+IAV,Nasal Tissue,96,CD64+MHCII- Macrophages,0.9318791333333333,0.58179625,0.18564804999999998,1.0756353250000001,160.17276380405224
Hh+IAV,Nasal Tissue,96,Drop,5.959986933333333,5.8124118000000005,5.401692825,6.578812199999999,102.5389655518443
Hh+IAV,Nasal Tissue,96,Ly6C(hi)CD64(hi) Monocytes,8.821472466666666,8.6460277,8.10289575,8.9229461,102.02919505643808
Hh+IAV,Nasal Tissue,96,Ly6C+ NK cells,0.8352467666666666,0.6063508000000001,0.3929674249999999,1.1357860499999999,137.74975916031883
Hh+IAV,Nasal Tissue,96,Ly6C+CD8+ T-cells,0.7839515666666667,0.526111,0.38957934999999994,0.684510625,149.00877698179028
Hh+IAV,Nasal Tissue,96,Ly6C- NK cells,3.1403928499999996,2.81396215,2.333444875,3.23138185,111.60039412754715
Hh+IAV,Nasal Tissue,96,Ly6C-CD8+ T-cells,0.3033918333333333,0.26241955,0.13348395000000002,0.40845815,115.61327398562085
Hh+IAV,Nasal Tissue,96,Monocytes,2.65524875,2.8913494999999996,2.510280025,3.0654562500000004,91.83423691947308
Hh+IAV,Nasal Tissue,96,Neutrophils,28.590992566666667,28.678213200000002,25.798970774999997,36.802653,99.69586447828857
Hh+IAV,Nasal Tissue,96,Unknown Myeloid,4.010588866666667,4.0620769,2.689490325,5.404796974999999,98.73247024611146
Hh+IAV,Nasal Tissue,96,cDC1,0.26085108333333334,0.2137697,0.12005787500000001,0.3248849,122.02434832126974
Hh+IAV,Nasal Tissue,96,cDC2,0.029996403333333335,0.01913875,0.012346524999999999,0.04787237500000001,156.73125639518432
Hh+IAV,Nasal Tissue,96,moDCs,0.00560916,0.0033132649999999997,0.0027850075,0.006137417500000001,169.2940347361289
Hh+IAV,Nasal Tissue,96,pDCs,2.437227866666667,2.38174905,2.157916575,2.747623575,102.32933090355036
Hh+IAV,Nasal Tissue,144,B-cells,26.36282845,25.900819050000003,21.244547049999998,31.361251325,101.78376366827673
Hh+IAV,Nasal Tissue,144,CD103+CD4+ T-cells,1.4930062166666667,1.6930110499999997,0.794630725,2.0297664,88.18644253188229
Hh+IAV,Nasal Tissue,144,CD206+ Macrophages,1.6797748666666668,1.55844515,1.3114151250000001,1.7799855999999998,107.78530554422572
Hh+IAV,Nasal Tissue,144,CD4+ T-cells,4.2761832166666665,2.8328336,1.6005077749999999,7.08786785,150.95073768775782
Hh+IAV,Nasal Tissue,144,CD64+MHCII- Macrophages,0.5777142166666667,0.5185218,0.2754278,0.655499575,111.4156081126515
Hh+IAV,Nasal Tissue,144,Drop,5.592764516666667,5.808879699999999,5.24214615,5.964587225,96.27957206045544
Hh+IAV,Nasal Tissue,144,Ly6C(hi)CD64(hi) Monocytes,8.8465049,9.0927601,7.12969905,10.090352974999998,97.29174423066544
Hh+IAV,Nasal Tissue,144,Ly6C+ NK cells,0.8613668833333332,0.5653433999999999,0.5242278499999999,1.203793675,152.36171207328738
Hh+IAV,Nasal Tissue,144,Ly6C+CD8+ T-cells,1.3824384833333334,0.59246475,0.5785085,1.7153913250000004,233.33683283829686
Hh+IAV,Nasal Tissue,144,Ly6C- NK cells,3.803504766666667,3.0885165,2.6815087,5.159399075,123.1498930527542
Hh+IAV,Nasal Tissue,144,Ly6C-CD8+ T-cells,0.39089765000000004,0.16182760000000002,0.144630575,0.59285625,241.55190461948393
Hh+IAV,Nasal Tissue,144,Monocytes,3.7282474499999996,3.5893946999999997,3.024666175,4.1523227,103.86841686705561
Hh+IAV,Nasal Tissue,144,Neutrophils,35.210782800000004,39.480147099999996,25.64633705,43.57474125,89.1860476375986
Hh+IAV,Nasal Tissue,144,Unknown Myeloid,3.3445626666666666,3.2096637999999995,2.4444886749999997,3.8413518250000003,104.20289709678214
Hh+IAV,Nasal Tissue,144,cDC1,0.2054232666666667,0.1675567,0.157008275,0.19960109999999998,122.5992554560138
Hh+IAV,Nasal Tissue,144,cDC2,0.0229831,0.0208675,0.0166319,0.023504925,110.13825326464597
Hh+IAV,Nasal Tissue,144,moDCs,0.0048427,0.00403323,0.0038784650000000006,0.0054022,120.0700183227835
Hh+IAV,Nasal Tissue,144,pDCs,2.218595166666667,2.27807255,1.9458276,2.425730275,97.38913568256054
Hh+IAV,Spleen,2,B-cells,55.438427383333334,55.44374700000001,54.35648737500001,56.3799915,99.99040538030974
Hh+IAV,Spleen,2,CD103+CD4+ T-cells,0.6828199833333333,0.6295576,0.58674415,0.6676198,108.46028756277953
Hh+IAV,Spleen,2,CD206+ Macrophages,1.15583725,1.1136773500000001,0.9615336250000001,1.2827074,103.78564761149178
Hh+IAV,Spleen,2,CD4+ T-cells,20.599316483333332,20.7392184,20.296866299999998,20.993373674999997,99.32542338882614
Hh+IAV,Spleen,2,CD64+MHCII- Macrophages,0.008839643,0.007419425,0.0050028699999999995,0.01023999,119.14188767997518
Hh+IAV,Spleen,2,Drop,2.6835605666666664,2.0727496999999997,1.9566486249999997,2.765537325,129.46862646592913
Hh+IAV,Spleen,2,Ly6C(hi)CD64(hi) Monocytes,0.33562820000000004,0.35313115,0.30687780000000003,0.36971787500000003,95.04349871145608
Hh+IAV,Spleen,2,Ly6C+ NK cells,1.4271502999999999,1.36614725,1.0613125250000002,1.7623625,104.46533490441823
Hh+IAV,Spleen,2,Ly6C+CD8+ T-cells,6.8248730333333345,7.162266300000001,6.194616075,7.736876099999999,95.28929458170711
Hh+IAV,Spleen,2,Ly6C- NK cells,2.086161683333333,1.9016134,1.74954855,2.0793626,109.70482661372354
Hh+IAV,Spleen,2,Ly6C-CD8+ T-cells,5.784426916666667,5.5186585,5.083634425,6.1025350000000005,104.8158155947984
Hh+IAV,Spleen,2,Monocytes,0.25675775,0.27448575000000003,0.17522359999999998,0.33508060000000006,93.54137692029549
Hh+IAV,Spleen,2,Neutrophils,0.28908208333333335,0.2498088,0.12603165,0.378395475,115.72133701188004
Hh+IAV,Spleen,2,Unknown Myeloid,0.5264799166666666,0.53031595,0.5114858,0.551106675,99.27665133712584
Hh+IAV,Spleen,2,cDC1,0.4070671333333334,0.42527735,0.360121,0.43247302500000007,95.71803749560925
Hh+IAV,Spleen,2,cDC2,0.7637234666666667,0.7325857499999999,0.686788625,0.842275525,104.25038525069137
Hh+IAV,Spleen,2,moDCs,0.0037549966666666663,0.0025292400000000003,0.0017030525,0.0045355824999999995,148.46343829239873
Hh+IAV,Spleen,2,pDCs,0.7260932166666667,0.6777216500000001,0.593126975,0.84212765,107.13737958152387
Hh+IAV,Spleen,6,B-cells,49.977649783333334,50.6533024,49.173521400000006,51.890758475,98.66612326412371
Hh+IAV,Spleen,6,CD103+CD4+ T-cells,0.5194094166666666,0.53636435,0.46457752499999994,0.5813774500000001,96.83891494031373
Hh+IAV,Spleen,6,CD206+ Macrophages,1.1949922833333333,1.15342605,0.8968155,1.455029325,103.60371896692754
Hh+IAV,Spleen,6,CD4+ T-cells,22.116035633333333,22.13050685,21.328545050000002,23.819924525,99.9346096464724
Hh+IAV,Spleen,6,CD64+MHCII- Macrophages,0.007427092000000001,0.0063284100000000005,0.006106820000000001,0.00711567,117.36110650226519
Hh+IAV,Spleen,6,Drop,1.6120656166666667,1.613202,1.400203475,1.7079634,99.92955728214238
Hh+IAV,Spleen,6,Ly6C(hi)CD64(hi) Monocytes,0.45159345,0.48615085,0.341797675,0.5522881000000001,92.89163024193005
Hh+IAV,Spleen,6,Ly6C+ NK cells,0.8289802166666668,0.77622485,0.7587477,1.029712225,106.7964027004117
Hh+IAV,Spleen,6,Ly6C+CD8+ T-cells,8.764251566666667,8.46560175,6.9775136,9.674636275,103.52780375791559
Hh+IAV,Spleen,6,Ly6C- NK cells,1.2418498833333333,1.25313095,1.0714647,1.4228856249999997,99.09976952794385
Hh+IAV,Spleen,6,Ly6C-CD8+ T-cells,6.681626383333334,6.8566772,5.4612012000000005,7.945545399999999,97.44700222045357
Hh+IAV,Spleen,6,Monocytes,0.22769628333333333,0.2244061,0.18117100000000003,0.25023205000000004,101.46617375077295
Hh+IAV,Spleen,6,Neutrophils,3.9828103166666664,3.7765129,2.5617276,4.78086335,105.46264297592273
Hh+IAV,Spleen,6,Unknown Myeloid,0.5605373833333334,0.5530806,0.518480375,0.5845009,101.34822724451612
Hh+IAV,Spleen,6,cDC1,0.33624391666666664,0.3341385,0.28522895,0.362880475,100.63010298623674
Hh+IAV,Spleen,6,cDC2,0.6747818833333333,0.6602972,0.5504505,0.808395925,102.19366117762326
Hh+IAV,Spleen,6,moDCs,0.0037816833333333333,0.003959995,0.0020760325,0.005343505,95.49717444929433
Hh+IAV,Spleen,6,pDCs,0.8195050666666667,0.81863935,0.7718994,0.8434569499999999,100.10575067844793
Hh+IAV,Spleen,24,B-cells,47.86127976666666,48.1611725,46.883890975,50.299259175,99.37731430161229
Hh+IAV,Spleen,24,CD103+CD4+ T-cells,0.5805259333333334,0.54303855,0.535870325,0.606089125,106.90326374312346
Hh+IAV,Spleen,24,CD206+ Macrophages,1.4851025833333333,1.4312519,1.186004225,1.7836909250000001,103.76248816391673
Hh+IAV,Spleen,24,CD4+ T-cells,23.6609226,23.60811565,22.6424939,24.58441095,100.22368134239466
Hh+IAV,Spleen,24,CD64+MHCII- Macrophages,0.009699572666666666,0.00792591,0.0046294675,0.012478775,122.37803188109211
Hh+IAV,Spleen,24,Drop,2.537149783333333,2.5455975,2.0677574,3.0164071,99.66814405393364
Hh+IAV,Spleen,24,Ly6C(hi)CD64(hi) Monocytes,0.37094771666666665,0.24309809999999996,0.213997675,0.3590675,152.59177947777738
Hh+IAV,Spleen,24,Ly6C+ NK cells,0.7865790333333335,0.8638170000000001,0.5989705,0.9171573500000002,91.05852667096542
Hh+IAV,Spleen,24,Ly6C+CD8+ T-cells,9.294419016666666,9.277505150000001,8.690993,9.814971050000002,100.18231050690028
Hh+IAV,Spleen,24,Ly6C- NK cells,1.4076153666666666,1.3118781,1.15420115,1.385868175,107.29772580750199
Hh+IAV,Spleen,24,Ly6C-CD8+ T-cells,7.379851649999999,7.218831300000001,6.5816549,7.8888781,102.2305598137471
Hh+IAV,Spleen,24,Monocytes,0.26428208333333336,0.1196993,0.11094157500000001,0.39899027499999995,220.7883281968511
Hh+IAV,Spleen,24,Neutrophils,1.9550325833333333,2.2929150500000004,0.9018552500000001,2.7575873,85.26406520526493
Hh+IAV,Spleen,24,Unknown Myeloid,0.7015506666666667,0.66351425,0.6320859249999999,0.8155114499999999,105.73256967226652
Hh+IAV,Spleen,24,cDC1,0.3911712166666667,0.3407907,0.314627275,0.388899875,114.78341887459567
Hh+IAV,Spleen,24,cDC2,0.6862873666666667,0.6675537,0.6387206750000001,0.68657785,102.80631605617145
Hh+IAV,Spleen,24,moDCs,0.008825558333333334,0.008294405,0.006030307500000001,0.0122181025,106.40375449876555
Hh+IAV,Spleen,24,pDCs,0.6187575333333334,0.5616811,0.503399675,0.7144212000000001,110.16171513218683
Hh+IAV,Spleen,48,B-cells,51.18596895,50.721064950000006,48.14173935,55.060939875,100.91658958749838
Hh+IAV,Spleen,48,CD103+CD4+ T-cells,0.6992386666666666,0.6975620499999999,0.6432795499999999,0.723610575,100.24035376733391
Hh+IAV,Spleen,48,CD206+ Macrophages,1.3797818499999999,1.4129336499999998,0.914930425,1.7347851249999997,97.65369024936167
Hh+IAV,Spleen,48,CD4+ T-cells,22.52072755,22.45512035,20.319064975,24.486038775,100.29217033343578
Hh+IAV,Spleen,48,CD64+MHCII- Macrophages,0.008963125,0.007545404999999999,0.007427775,0.010476495,118.78918361572377
Hh+IAV,Spleen,48,Drop,1.8276145000000001,1.76363695,1.619152225,1.9605393999999998,103.62759183515632
Hh+IAV,Spleen,48,Ly6C(hi)CD64(hi) Monocytes,0.2691442666666667,0.2692804,0.24108895,0.30173125,99.94944550983537
Hh+IAV,Spleen,48,Ly6C+ NK cells,1.0643656,1.02986015,0.9336210250000001,1.15241085,103.35049860896162
Hh+IAV,Spleen,48,Ly6C+CD8+ T-cells,8.192058233333332,7.80540255,7.67007345,9.0055224,104.95369304602147
Hh+IAV,Spleen,48,Ly6C- NK cells,1.860943,1.9423565,1.65944815,1.9607601000000003,95.80851918790397
Hh+IAV,Spleen,48,Ly6C-CD8+ T-cells,6.651779883333334,6.305852400000001,5.931209825,7.485146499999999,105.48581637168249
Hh+IAV,Spleen,48,Monocytes,0.28054061666666663,0.28566665,0.227651325,0.3394453,98.20558916018605
Hh+IAV,Spleen,48,Neutrophils,0.9125030500000001,0.80261885,0.44848730000000003,1.067163275,113.69070761295976
Hh+IAV,Spleen,48,Unknown Myeloid,0.7712788333333334,0.7615499,0.7444785,0.784545775,101.2775175117656
Hh+IAV,Spleen,48,cDC1,0.5121464666666667,0.4934758,0.47336110000000003,0.5805859,103.78350198057672
Hh+IAV,Spleen,48,cDC2,1.0408255833333333,1.0270221499999999,0.9284047999999999,1.1434863499999999,101.34402489112173
Hh+IAV,Spleen,48,moDCs,0.007229705,0.007788034999999999,0.006213457499999999,0.008964115,92.83092590107776
Hh+IAV,Spleen,48,pDCs,0.8148901333333334,0.8515162,0.7115818,0.9054245499999999,95.69872344569997
Hh+IAV,Spleen,72,B-cells,55.3211549,54.561825549999995,52.77626872500001,57.93074254999999,101.3916861145054
Hh+IAV,Spleen,72,CD103+CD4+ T-cells,0.7434438833333333,0.75554035,0.71085745,0.7836289,98.3989648379909
Hh+IAV,Spleen,72,CD206+ Macrophages,1.3079577333333334,1.2767279,1.2227704000000001,1.40899545,102.44608372178077
Hh+IAV,Spleen,72,CD4+ T-cells,17.97560695,19.42602385,15.957683724999999,20.018080375,92.53363986784152
Hh+IAV,Spleen,72,CD64+MHCII- Macrophages,0.07520943333333334,0.04769525,0.034860050000000004,0.08990000000000001,157.68747062513214
Hh+IAV,Spleen,72,Drop,1.9140194,1.7751755,1.6536583,2.16474435,107.82141822033932
Hh+IAV,Spleen,72,Ly6C(hi)CD64(hi) Monocytes,0.7236692,0.7062216,0.6316489,0.82319375,102.47055598412736
Hh+IAV,Spleen,72,Ly6C+ NK cells,1.1122575666666668,1.10819655,1.0871799500000001,1.124561725,100.36645274402514
Hh+IAV,Spleen,72,Ly6C+CD8+ T-cells,9.200249183333334,9.29090075,8.69292935,9.627318200000001,99.02429733019518
Hh+IAV,Spleen,72,Ly6C- NK cells,1.7376243,1.8042091999999998,1.567099775,1.8248820499999998,96.30946899062482
Hh+IAV,Spleen,72,Ly6C-CD8+ T-cells,4.732590316666667,4.68158205,4.466042025,4.919537775,101.08955191048435
Hh+IAV,Spleen,72,Monocytes,0.22062451666666666,0.23639245,0.165715,0.27010375000000003,93.32976440942453
Hh+IAV,Spleen,72,Neutrophils,2.2945613333333332,1.97502125,1.6080976,2.4030888,116.17907064713016
Hh+IAV,Spleen,72,Unknown Myeloid,0.5548785333333333,0.5398942999999999,0.5017799999999999,0.5966032749999999,102.7754012837945
Hh+IAV,Spleen,72,cDC1,0.5018826333333334,0.4560387,0.400802325,0.60539445,110.0526410002777
Hh+IAV,Spleen,72,cDC2,0.8250460333333333,0.7639395999999999,0.721694725,0.9458971749999999,107.99885662863049
Hh+IAV,Spleen,72,moDCs,0.009757489999999999,0.01080305,0.007284965,0.012859999999999998,90.32162213448979
Hh+IAV,Spleen,72,pDCs,0.7494665833333333,0.7719666000000001,0.686014775,0.7751686,97.0853639695465
Hh+IAV,Spleen,96,B-cells,57.86169581666667,58.07134945000001,56.2631558,60.4614177,99.63897234123368
Hh+IAV,Spleen,96,CD103+CD4+ T-cells,0.5727164666666668,0.5751058499999999,0.5420781250000001,0.59057945,99.5845315547854
Hh+IAV,Spleen,96,CD206+ Macrophages,1.8352865666666667,1.9065763999999998,1.88893085,1.9515677749999998,96.26084570577224
Hh+IAV,Spleen,96,CD4+ T-cells,16.116145933333335,15.7696282,14.75795875,16.796413225000002,102.19737414819544
Hh+IAV,Spleen,96,CD64+MHCII- Macrophages,0.020341598333333332,0.02052825,0.013861224999999998,0.0251393,99.09075704618431
Hh+IAV,Spleen,96,Drop,2.6114437333333336,2.5112758,2.4634953,2.63783015,103.98872689862793
Hh+IAV,Spleen,96,Ly6C(hi)CD64(hi) Monocytes,0.60053665,0.61398115,0.49830955,0.701182,97.81027479426689
Hh+IAV,Spleen,96,Ly6C+ NK cells,1.1366452666666667,1.18343505,0.8796244,1.329106175,96.04627365622362
Hh+IAV,Spleen,96,Ly6C+CD8+ T-cells,8.812146783333333,8.73929665,8.41583995,9.7904722,100.8335926362373
Hh+IAV,Spleen,96,Ly6C- NK cells,2.7279577166666664,2.64989715,2.4955724,3.0225394,102.94579609124325
Hh+IAV,Spleen,96,Ly6C-CD8+ T-cells,3.7086683000000003,3.3695683499999998,2.950219825,4.5660333500000005,110.06360206345124
Hh+IAV,Spleen,96,Monocytes,0.3041002333333333,0.32131285,0.28599245,0.332347725,94.64303507728786
Hh+IAV,Spleen,96,Neutrophils,0.79432665,0.7200444500000001,0.65293205,0.880253825,110.31633533179792
Hh+IAV,Spleen,96,Unknown Myeloid,0.6627071833333333,0.66134095,0.656011325,0.678480075,100.20658532234141
Hh+IAV,Spleen,96,cDC1,0.6162653166666667,0.55675845,0.5236269,0.7381622250000001,110.68809403192115
Hh+IAV,Spleen,96,cDC2,0.75768275,0.7853313000000001,0.6915166500000001,0.834659925,96.47937755696225
Hh+IAV,Spleen,96,moDCs,0.0158315,0.0159193,0.01367955,0.01863185,99.44846821154195
Hh+IAV,Spleen,96,pDCs,0.8455016,0.8455737499999999,0.8404055500000001,0.9132564,99.99146733209257
Hh+IAV,Spleen,144,B-cells,46.49108565,45.89731235,43.098759475,49.049976075000004,101.29369949916034
Hh+IAV,Spleen,144,CD103+CD4+ T-cells,0.97605545,0.90192455,0.76321945,1.000819575,108.21919084029813
Hh+IAV,Spleen,144,CD206+ Macrophages,2.5695390500000004,2.2513149,1.6076470749999998,3.438805475,114.13503504107756
Hh+IAV,Spleen,144,CD4+ T-cells,21.837415266666664,21.87629745,21.696764325,23.671608525,99.82226341810261
Hh+IAV,Spleen,144,CD64+MHCII- Macrophages,0.011987426666666667,0.011250999999999999,0.0097944425,0.015385799999999998,106.54543299854828
Hh+IAV,Spleen,144,Drop,2.8491583333333335,2.9300740999999997,2.7014897500000004,3.1187157,97.23843957848484
Hh+IAV,Spleen,144,Ly6C(hi)CD64(hi) Monocytes,0.8721127333333334,0.9213229,0.6282954000000001,0.972123125,94.65874921087205
Hh+IAV,Spleen,144,Ly6C+ NK cells,1.1843786666666667,1.0894210000000002,1.0435412,1.18249875,108.71634259543983
Hh+IAV,Spleen,144,Ly6C+CD8+ T-cells,10.52954585,10.7922141,10.41616535,11.124441475,97.56613195803816
Hh+IAV,Spleen,144,Ly6C- NK cells,2.98367195,3.01117625,2.86152125,3.1305395,99.08659282232317
Hh+IAV,Spleen,144,Ly6C-CD8+ T-cells,3.902324016666667,3.90535875,3.5780978500000007,4.282394525,99.9222930970597
Hh+IAV,Spleen,144,Monocytes,0.49320821666666664,0.5308626000000001,0.386530125,0.584059725,92.90694365484903
Hh+IAV,Spleen,144,Neutrophils,2.2407507,1.97778035,1.809734175,2.09118025,113.29623635910832
Hh+IAV,Spleen,144,Unknown Myeloid,0.82322985,0.8378816000000001,0.6960664750000001,0.9350774249999999,98.25133407870514
Hh+IAV,Spleen,144,cDC1,0.5036297166666667,0.47234929999999997,0.44883860000000003,0.567881225,106.62230613375878
Hh+IAV,Spleen,144,cDC2,0.86442745,0.84908005,0.6711558000000001,1.01559575,101.80753275265388
Hh+IAV,Spleen,144,moDCs,0.017829249999999998,0.0175876,0.014813875,0.020158225,101.37397939457344
Hh+IAV,Spleen,144,pDCs,0.8496503666666667,0.8702847999999999,0.7681479999999999,1.0107367749999998,97.62900221475394
Hh+IAV+NTHi,Lung,2,B-cells,30.6714452,30.846941100000002,28.553073974999997,32.4855279,99.43107519338442
Hh+IAV+NTHi,Lung,2,CD103+CD4+ T-cells,0.93503835,0.9135276500000001,0.8475003249999999,1.006664025,102.35468515922861
Hh+IAV+NTHi,Lung,2,CD206+ Macrophages,0.69661415,0.6812325499999999,0.5171251499999999,0.87799795,102.25790737685688
Hh+IAV+NTHi,Lung,2,CD4+ T-cells,24.143409483333333,23.76680405,21.737792625,26.093128525000004,101.58458593145734
Hh+IAV+NTHi,Lung,2,CD64+MHCII- Macrophages,0.056793416666666666,0.0554694,0.040023625,0.0781922,102.38693165360841
Hh+IAV+NTHi,Lung,2,Drop,8.76690495,8.94310075,7.731647999999999,9.975914375,98.02981309362976
Hh+IAV+NTHi,Lung,2,Ly6C(hi)CD64(hi) Monocytes,1.1801042166666669,1.1407291,0.856133575,1.5079009,103.45174999626703
Hh+IAV+NTHi,Lung,2,Ly6C+ NK cells,4.825402466666667,4.8730355,4.244535675,4.99486825,99.02251823666514
Hh+IAV+NTHi,Lung,2,Ly6C+CD8+ T-cells,5.6388199666666665,5.95613615,5.643223625,6.2894343500000005,94.67244912906611
Hh+IAV+NTHi,Lung,2,Ly6C- NK cells,5.913116783333333,5.94032055,5.568823575000001,6.3570846,99.54204884336305
Hh+IAV+NTHi,Lung,2,Ly6C-CD8+ T-cells,4.837630466666667,4.40342435,4.146563225,5.5553972,109.86064667300728
Hh+IAV+NTHi,Lung,2,Monocytes,0.8748654499999999,0.88255795,0.72572285,1.044456075,99.128385847071
Hh+IAV+NTHi,Lung,2,Neutrophils,2.5903064,2.0591149,1.7635135,3.2086065249999995,125.79707912365647
Hh+IAV+NTHi,Lung,2,Unknown Myeloid,4.201960533333334,4.0659167,3.6119215999999996,4.845538175,103.34595721878253
Hh+IAV+NTHi,Lung,2,cDC1,0.4422864166666667,0.42884595000000003,0.33801085,0.5130106249999999,103.13410134027536
Hh+IAV+NTHi,Lung,2,cDC2,0.1464923,0.13335035,0.11926445000000001,0.14737377499999998,109.85520472949639
Hh+IAV+NTHi,Lung,2,moDCs,3.6646847499999997,3.12093285,2.926516075,4.4639192,117.42273628219844
Hh+IAV+NTHi,Lung,2,pDCs,0.41412474999999993,0.41039995,0.40139234999999995,0.417219725,100.90760244975661
Hh+IAV+NTHi,Lung,6,B-cells,19.992282833333334,20.11392705,18.52784915,21.472971474999998,99.39522393432034
Hh+IAV+NTHi,Lung,6,CD103+CD4+ T-cells,0.6003521166666667,0.51508015,0.47977037499999997,0.616942975,116.55508694455933
Hh+IAV+NTHi,Lung,6,CD206+ Macrophages,0.8080809333333333,0.9895160000000001,0.5435102500000001,1.102880475,81.6642614503791
Hh+IAV+NTHi,Lung,6,CD4+ T-cells,21.06780895,19.025754550000002,17.2616786,22.9622196,110.73310598343653
Hh+IAV+NTHi,Lung,6,CD64+MHCII- Macrophages,0.08258795000000001,0.08795940000000001,0.05572427499999999,0.105549875,93.8932621186593
Hh+IAV+NTHi,Lung,6,Drop,4.2646521,4.36272185,3.4393946999999994,5.066768499999999,97.75209712257957
Hh+IAV+NTHi,Lung,6,Ly6C(hi)CD64(hi) Monocytes,2.5170652166666665,2.61651325,2.3981207,2.8210238999999997,96.1992153743791
Hh+IAV+NTHi,Lung,6,Ly6C+ NK cells,3.491603716666667,3.24380715,3.0119137,3.3080242250000005,107.6390659249477
Hh+IAV+NTHi,Lung,6,Ly6C+CD8+ T-cells,4.95891895,4.86600215,4.23929845,5.453378925000001,101.9095100482025
Hh+IAV+NTHi,Lung,6,Ly6C- NK cells,4.056966433333333,3.34465995,2.76400785,4.819577325,121.2968281972382
Hh+IAV+NTHi,Lung,6,Ly6C-CD8+ T-cells,4.1140263500000005,3.4848875500000003,3.187060675,5.4198923500000005,118.05334579590667
Hh+IAV+NTHi,Lung,6,Monocytes,1.3138377333333333,1.257196,1.156248,1.483132775,104.50540196861375
Hh+IAV+NTHi,Lung,6,Neutrophils,25.032316683333335,28.801860899999998,17.6326708,34.160688125,86.91215046918491
Hh+IAV+NTHi,Lung,6,Unknown Myeloid,4.286185083333334,4.099755350000001,3.7046923250000003,4.502102975,104.54733800965302
Hh+IAV+NTHi,Lung,6,cDC1,0.47745608333333334,0.5537336,0.416363425,0.5925510749999999,86.22487118956359
Hh+IAV+NTHi,Lung,6,cDC2,0.09646516666666667,0.09164320000000001,0.080062425,0.11231105000000001,105.26167426133817
Hh+IAV+NTHi,Lung,6,moDCs,2.4571343666666667,2.81009465,1.6541439499999997,3.2239217,87.4395589012159
Hh+IAV+NTHi,Lung,6,pDCs,0.3822593,0.37197015000000005,0.30428235,0.471896025,102.7661224966573
Hh+IAV+NTHi,Lung,24,B-cells,26.0676619,26.163394,19.3554483,29.64534245,99.63409907751264
Hh+IAV+NTHi,Lung,24,CD103+CD4+ T-cells,1.3125002166666666,1.2915332499999999,0.940695175,1.87108525,101.6234167154943
Hh+IAV+NTHi,Lung,24,CD206+ Macrophages,0.5585704833333334,0.5347877,0.522204375,0.697876525,104.44714478910666
Hh+IAV+NTHi,Lung,24,CD4+ T-cells,17.65902285,16.309715,15.865041675000002,18.8141215,108.27303144168981
Hh+IAV+NTHi,Lung,24,CD64+MHCII- Macrophages,0.21034668333333334,0.18242375,0.1494709,0.22681199999999999,115.30663267986397
Hh+IAV+NTHi,Lung,24,Drop,4.982668533333333,4.346949,3.3942174749999996,6.405301874999999,114.62449946694413
Hh+IAV+NTHi,Lung,24,Ly6C(hi)CD64(hi) Monocytes,2.1878430166666667,1.8695676,1.4689062999999998,2.5150378250000003,117.02401221901077
Hh+IAV+NTHi,Lung,24,Ly6C+ NK cells,3.4071350833333334,3.2612593499999996,2.67674155,3.516052475,104.47298781476346
Hh+IAV+NTHi,Lung,24,Ly6C+CD8+ T-cells,4.922568716666667,5.07514425,4.589163125,5.23309945,96.99367100091129
Hh+IAV+NTHi,Lung,24,Ly6C- NK cells,4.93968,4.7930776,4.155746124999999,5.0761369,103.05862771760674
Hh+IAV+NTHi,Lung,24,Ly6C-CD8+ T-cells,9.32471745,3.4836623999999996,3.1049564750000003,3.96780505,267.66995131330754
Hh+IAV+NTHi,Lung,24,Monocytes,0.7455131833333333,0.5824855,0.4646959,0.821853025,127.9882818256134
Hh+IAV+NTHi,Lung,24,Neutrophils,15.149233916666665,14.185039,4.86351785,22.819260675,106.79726658958543
Hh+IAV+NTHi,Lung,24,Unknown Myeloid,5.1597672,5.39308955,5.0988601000000005,6.2019993,95.67367929204885
Hh+IAV+NTHi,Lung,24,cDC1,0.4915755666666667,0.42730045,0.39780762500000005,0.5507952,115.04213643272941
Hh+IAV+NTHi,Lung,24,cDC2,0.21750379999999997,0.2567448,0.1682287,0.2605211,84.71595140388432
Hh+IAV+NTHi,Lung,24,moDCs,1.8152307666666665,1.9385861,1.5020689,2.288746275,93.63684010045603
Hh+IAV+NTHi,Lung,24,pDCs,0.84846065,0.8312558000000001,0.7503227,0.991157675,102.06974194946969
Hh+IAV+NTHi,Lung,48,B-cells,40.44451821666667,41.216067499999994,36.588154,44.707455149999994,98.12803760734009
Hh+IAV+NTHi,Lung,48,CD103+CD4+ T-cells,0.9304736333333332,0.8642591,0.8118227499999998,1.0272242999999999,107.66142159606224
Hh+IAV+NTHi,Lung,48,CD206+ Macrophages,0.6758353333333333,0.6155519,0.4850289000000001,0.748327675,109.79339570446184
Hh+IAV+NTHi,Lung,48,CD4+ T-cells,19.397573333333334,18.2007969,16.46741395,22.6238348,106.57540677976212
Hh+IAV+NTHi,Lung,48,CD64+MHCII- Macrophages,0.0999694,0.09859065000000002,0.081008325,0.12169957499999998,101.39845918451698
Hh+IAV+NTHi,Lung,48,Drop,6.012460033333333,5.827977850000001,5.52530315,6.6760414500000005,103.16545786688829
Hh+IAV+NTHi,Lung,48,Ly6C(hi)CD64(hi) Monocytes,1.8881708333333334,1.7234079,1.32624475,2.3386056500000003,109.56029813564933
Hh+IAV+NTHi,Lung,48,Ly6C+ NK cells,4.2975448,4.35117805,3.904867125,4.526975674999999,98.76738553596996
Hh+IAV+NTHi,Lung,48,Ly6C+CD8+ T-cells,5.965084766666666,5.84563305,5.586612625,6.0672455,102.04343508470252
Hh+IAV+NTHi,Lung,48,Ly6C- NK cells,5.494442983333333,5.643889250000001,4.9770704,5.844904475000001,97.35206946758093
Hh+IAV+NTHi,Lung,48,Ly6C-CD8+ T-cells,4.192711483333333,4.01472725,3.4560457749999998,4.756961475,104.43328331540663
Hh+IAV+NTHi,Lung,48,Monocytes,1.4666096166666667,1.42224035,0.9853354250000002,1.75368365,103.11967429883893
Hh+IAV+NTHi,Lung,48,Neutrophils,1.4212792333333333,1.01083955,0.7923240500000002,1.902953525,140.60384096895825
Hh+IAV+NTHi,Lung,48,Unknown Myeloid,4.464399650000001,4.14069145,4.120013225000001,5.057811075,107.81773295375584
Hh+IAV+NTHi,Lung,48,cDC1,0.4477244833333333,0.44322459999999997,0.35402015,0.47598104999999996,101.01526028413888
Hh+IAV+NTHi,Lung,48,cDC2,0.16629691666666666,0.1730061,0.14297864999999998,0.188554575,96.12199608376044
Hh+IAV+NTHi,Lung,48,moDCs,1.9308256333333333,1.82925255,1.2028682499999999,2.4429356749999998,105.55270967550837
Hh+IAV+NTHi,Lung,48,pDCs,0.7040796,0.66761895,0.66473415,0.6876831,105.4612964476218
Hh+IAV+NTHi,Lung,72,B-cells,34.39591971666667,35.104146650000004,29.925850399999998,39.46986664999999,97.98249779322484
Hh+IAV+NTHi,Lung,72,CD103+CD4+ T-cells,1.0920967166666666,1.09119505,0.9393585,1.132226975,100.08263111775173
Hh+IAV+NTHi,Lung,72,CD206+ Macrophages,0.26974835,0.2269251,0.21085640000000003,0.3454009,118.87109447125948
Hh+IAV+NTHi,Lung,72,CD4+ T-cells,17.761031733333333,18.63227655,16.809869275,20.600716325,95.32400233364577
Hh+IAV+NTHi,Lung,72,CD64+MHCII- Macrophages,0.23270118333333334,0.204653,0.16667625000000003,0.300013525,113.7052392749353
Hh+IAV+NTHi,Lung,72,Drop,7.016472733333333,7.7930909999999995,5.926825475,8.2761295,90.03452844748423
Hh+IAV+NTHi,Lung,72,Ly6C(hi)CD64(hi) Monocytes,5.725763183333334,5.201058799999999,4.670294675,6.1419029,110.08841475380618
Hh+IAV+NTHi,Lung,72,Ly6C+ NK cells,6.7513679333333325,6.592018799999999,5.2857829999999995,8.291852350000001,102.41730398786686
Hh+IAV+NTHi,Lung,72,Ly6C+CD8+ T-cells,8.175848766666666,8.3911188,7.841545175,8.803860550000001,97.4345490933422
Hh+IAV+NTHi,Lung,72,Ly6C- NK cells,6.1843255,5.6403107,5.476744825,6.488302274999999,109.64512114554256
Hh+IAV+NTHi,Lung,72,Ly6C-CD8+ T-cells,2.97184105,2.93776615,2.420596675,3.54713995,101.15989150463867
Hh+IAV+NTHi,Lung,72,Monocytes,1.5382949,1.6981688000000001,0.998633275,1.959753,90.58551187608674
Hh+IAV+NTHi,Lung,72,Neutrophils,3.0407865666666667,1.51215775,0.980416525,3.72973495,201.08924261815056
Hh+IAV+NTHi,Lung,72,Unknown Myeloid,2.6130702166666664,2.5401086,1.9707885250000001,3.17264145,102.87238178189178
Hh+IAV+NTHi,Lung,72,cDC1,0.2215987,0.1813,0.13933857500000002,0.3034344,122.2276337562052
Hh+IAV+NTHi,Lung,72,cDC2,0.02573338333333333,0.024796600000000002,0.020081875,0.03305815,103.7778700843395
Hh+IAV+NTHi,Lung,72,moDCs,0.9303363,0.8441326499999999,0.6074289,1.224617625,110.21209758916446
Hh+IAV+NTHi,Lung,72,pDCs,1.0530631333333333,0.97432475,0.79017315,1.2055543,108.0813284619254
Hh+IAV+NTHi,Lung,96,B-cells,36.633974183333336,37.17186115,32.721283325,39.74330505,98.5529727325298
Hh+IAV+NTHi,Lung,96,CD103+CD4+ T-cells,1.1679126666666666,1.1043707,0.89714085,1.375356325,105.75368095755044
Hh+IAV+NTHi,Lung,96,CD206+ Macrophages,0.41471328333333335,0.387557,0.29005854999999997,0.42726555,107.00704240494517
Hh+IAV+NTHi,Lung,96,CD4+ T-cells,17.692633366666666,17.965493700000003,14.1094274,20.987261800000002,98.48119768991744
Hh+IAV+NTHi,Lung,96,CD64+MHCII- Macrophages,0.22358851666666665,0.22717405000000002,0.183504175,0.250193725,98.42168005838107
Hh+IAV+NTHi,Lung,96,Drop,6.045462833333333,6.3005040999999995,5.921317475,6.394047825,95.952049826193
Hh+IAV+NTHi,Lung,96,Ly6C(hi)CD64(hi) Monocytes,4.428271183333334,4.444961899999999,3.4543572,5.252572975,99.62450259322436
Hh+IAV+NTHi,Lung,96,Ly6C+ NK cells,5.6575462666666665,5.7282854,4.8144223,6.489491925,98.7650906267112
Hh+IAV+NTHi,Lung,96,Ly6C+CD8+ T-cells,8.07254055,7.528368250000001,7.213693475,9.22523505,107.22829014109396
Hh+IAV+NTHi,Lung,96,Ly6C- NK cells,7.5885044,7.418196050000001,6.861318875,7.9123427,102.29581894104834
Hh+IAV+NTHi,Lung,96,Ly6C-CD8+ T-cells,2.501242416666667,2.35699095,1.88016225,3.1826979750000004,106.12015360800035
Hh+IAV+NTHi,Lung,96,Monocytes,1.43870335,1.5849611,1.0460018,1.8389264750000003,90.7721552282892
Hh+IAV+NTHi,Lung,96,Neutrophils,2.340916216666667,2.115376,1.0091457,3.6255472999999996,110.66194457470762
Hh+IAV+NTHi,Lung,96,Unknown Myeloid,3.1481107833333333,3.02439095,2.643946,3.61311585,104.09073546967642
Hh+IAV+NTHi,Lung,96,cDC1,0.5353035666666667,0.49364765,0.37715015,0.6727780250000001,108.43839055380222
Hh+IAV+NTHi,Lung,96,cDC2,0.039251633333333334,0.0379102,0.02890115,0.052103625,103.53844963448712
Hh+IAV+NTHi,Lung,96,moDCs,0.9166864666666666,0.48189465,0.218217225,0.9416322749999999,190.22549153983482
Hh+IAV+NTHi,Lung,96,pDCs,1.1546382833333333,1.00784085,0.9900664499999999,1.2152499,114.56553714143789
Hh+IAV+NTHi,Lung,144,B-cells,33.488189866666666,34.54077525,29.306407099999998,36.502961875000004,96.95262953504977
Hh+IAV+NTHi,Lung,144,CD103+CD4+ T-cells,1.5176521666666667,1.51787735,1.15808265,1.8755821,99.98516458965982
Hh+IAV+NTHi,Lung,144,CD206+ Macrophages,0.5283548166666666,0.5176616,0.44516334999999996,0.587117775,102.06567701113363
Hh+IAV+NTHi,Lung,144,CD4+ T-cells,17.218909066666665,16.8155606,16.25279665,17.880376425,102.39866202656759
Hh+IAV+NTHi,Lung,144,CD64+MHCII- Macrophages,0.31322336666666667,0.32289675,0.29998257500000003,0.37483494999999994,97.00418683887858
Hh+IAV+NTHi,Lung,144,Drop,6.888245666666667,6.986569849999999,6.238674925,7.372124775,98.59266871377044
Hh+IAV+NTHi,Lung,144,Ly6C(hi)CD64(hi) Monocytes,4.271652566666666,3.6409236999999997,2.9736070750000003,5.721648999999999,117.32332008678638
Hh+IAV+NTHi,Lung,144,Ly6C+ NK cells,4.3961355,4.49940215,3.778176925,4.5772383,97.70488063619742
Hh+IAV+NTHi,Lung,144,Ly6C+CD8+ T-cells,7.851751283333333,8.07458665,6.906860100000001,8.726689775,97.24028762925384
Hh+IAV+NTHi,Lung,144,Ly6C- NK cells,7.948501216666667,7.865825399999999,7.066920375,8.79426585,101.0510761739851
Hh+IAV+NTHi,Lung,144,Ly6C-CD8+ T-cells,2.50418915,2.47621975,1.8174410250000002,3.2205554000000003,101.12952010822143
Hh+IAV+NTHi,Lung,144,Monocytes,1.7405530666666669,1.82863105,1.3318972500000001,2.1023234,95.18339233420907
Hh+IAV+NTHi,Lung,144,Neutrophils,4.778425533333333,3.0051063000000005,2.10465975,5.026192425,159.01019984994647
Hh+IAV+NTHi,Lung,144,Unknown Myeloid,3.997082783333333,4.0056667500000005,3.599150725,4.3859183,99.78570442319827
Hh+IAV+NTHi,Lung,144,cDC1,0.521895,0.48774084999999995,0.42833885,0.6234799500000001,107.00251988325358
Hh+IAV+NTHi,Lung,144,cDC2,0.048031199999999996,0.044881149999999995,0.033582025,0.05799797500000001,107.0186481407005
Hh+IAV+NTHi,Lung,144,moDCs,0.8155442833333334,0.7035210999999999,0.638520175,0.97104115,115.92321585426984
Hh+IAV+NTHi,Lung,144,pDCs,1.1716634666666665,1.1914403,1.086408475,1.31889495,98.34009028120558
Hh+IAV+NTHi,Nasal Tissue,2,B-cells,59.369871583333335,61.8632732,60.333416799999995,62.279135475000004,95.96949613609085
Hh+IAV+NTHi,Nasal Tissue,2,CD103+CD4+ T-cells,0.57796375,0.50984585,0.42481607499999996,0.7413204000000001,113.3604892537617
Hh+IAV+NTHi,Nasal Tissue,2,CD206+ Macrophages,1.8214759666666667,1.61843435,1.402544475,2.2366571499999996,112.54555778964199
Hh+IAV+NTHi,Nasal Tissue,2,CD4+ T-cells,3.9172526666666667,2.6157517500000003,1.543035075,5.417596275,149.75628580451743
Hh+IAV+NTHi,Nasal Tissue,2,CD64+MHCII- Macrophages,0.3925046833333333,0.3269459,0.238923175,0.5403693749999999,120.0518750451782
Hh+IAV+NTHi,Nasal Tissue,2,Drop,5.9290595,6.10971915,5.675724925,6.443002624999999,97.04307766748984
Hh+IAV+NTHi,Nasal Tissue,2,Ly6C(hi)CD64(hi) Monocytes,3.7167058,3.5574459000000003,2.6623736,3.7849385499999997,104.47680455238968
Hh+IAV+NTHi,Nasal Tissue,2,Ly6C+ NK cells,0.63950305,0.6323229499999999,0.5811215249999999,0.7091341,101.13551152935378
Hh+IAV+NTHi,Nasal Tissue,2,Ly6C+CD8+ T-cells,0.804708,0.5754094,0.349550125,1.0160229250000001,139.8496444444599
Hh+IAV+NTHi,Nasal Tissue,2,Ly6C- NK cells,2.457245583333333,2.2527553,2.0673789,2.4828118999999997,109.07734112681182
Hh+IAV+NTHi,Nasal Tissue,2,Ly6C-CD8+ T-cells,0.6171388999999999,0.5812452499999999,0.30470505000000003,0.828043375,106.1753020777374
Hh+IAV+NTHi,Nasal Tissue,2,Monocytes,1.6560116666666667,1.4304036,1.3120487,1.948553875,115.77233632987686
Hh+IAV+NTHi,Nasal Tissue,2,Neutrophils,12.226928666666668,12.14865035,6.27171205,14.438782725000001,100.64433755529616
Hh+IAV+NTHi,Nasal Tissue,2,Unknown Myeloid,3.9094452333333334,3.7744729999999995,3.6229950749999995,4.2093431500000005,103.5759226078272
Hh+IAV+NTHi,Nasal Tissue,2,cDC1,0.12043150000000001,0.09453890000000001,0.07960395,0.16962069999999999,127.3883025929009
Hh+IAV+NTHi,Nasal Tissue,2,cDC2,0.10492665000000001,0.10552184999999999,0.091330375,0.124445,99.4359462045065
Hh+IAV+NTHi,Nasal Tissue,2,moDCs,0.03073167,0.0288956,0.019258675,0.044643,106.35415080496684
Hh+IAV+NTHi,Nasal Tissue,2,pDCs,1.7080952333333332,1.6223451,1.371973025,1.8873570999999998,105.28556675970688
Hh+IAV+NTHi,Nasal Tissue,6,B-cells,47.9495415,48.141053649999996,45.961039025,51.061506375,99.60218537925584
Hh+IAV+NTHi,Nasal Tissue,6,CD103+CD4+ T-cells,0.5094101833333333,0.39419680000000007,0.32885575,0.4858322500000001,129.22737661323816
Hh+IAV+NTHi,Nasal Tissue,6,CD206+ Macrophages,0.8856562333333333,0.7926357,0.69210965,1.0720087,111.73559724011083
Hh+IAV+NTHi,Nasal Tissue,6,CD4+ T-cells,1.5847038833333333,1.47816685,1.318358725,1.636900225,107.20737536045633
Hh+IAV+NTHi,Nasal Tissue,6,CD64+MHCII- Macrophages,0.25735825,0.2468086,0.164152925,0.32620425,104.27442560753558
Hh+IAV+NTHi,Nasal Tissue,6,Drop,4.69105035,4.63255695,4.02087605,4.9559785750000005,101.26265905916172
Hh+IAV+NTHi,Nasal Tissue,6,Ly6C(hi)CD64(hi) Monocytes,4.77418445,4.39658865,3.85359375,5.102993325000001,108.58838135789665
Hh+IAV+NTHi,Nasal Tissue,6,Ly6C+ NK cells,1.0952213166666667,0.9847857,0.8196789999999999,1.3065428000000001,111.21417752782831
Hh+IAV+NTHi,Nasal Tissue,6,Ly6C+CD8+ T-cells,0.5265851,0.4989437500000001,0.45937704999999995,0.626709775,105.53997319337098
Hh+IAV+NTHi,Nasal Tissue,6,Ly6C- NK cells,2.8479847166666667,2.62181385,2.2372565,3.189367975,108.62650361949481
Hh+IAV+NTHi,Nasal Tissue,6,Ly6C-CD8+ T-cells,0.3828099833333333,0.34057365,0.29502069999999997,0.3891452,112.40152705100155
Hh+IAV+NTHi,Nasal Tissue,6,Monocytes,1.9439823166666668,1.9038858499999998,1.7604030499999999,2.019863975,102.10603312518273
Hh+IAV+NTHi,Nasal Tissue,6,Neutrophils,27.352133566666666,29.265229799999997,22.156411775000002,30.965492875,93.46290377212985
Hh+IAV+NTHi,Nasal Tissue,6,Unknown Myeloid,3.5527387833333335,2.87848105,2.5688828249999998,4.212442475,123.4240810212502
Hh+IAV+NTHi,Nasal Tissue,6,cDC1,0.059266120000000005,0.05093469999999999,0.039556999999999995,0.0814493,116.35706109980035
Hh+IAV+NTHi,Nasal Tissue,6,cDC2,0.05746628333333333,0.048012,0.042225975,0.069163275,119.69150073592714
Hh+IAV+NTHi,Nasal Tissue,6,moDCs,0.046161865999999996,0.016043,0.015280400000000001,0.0692247,287.73836564233613
Hh+IAV+NTHi,Nasal Tissue,6,pDCs,1.5013163999999999,1.2860692,1.0956683999999999,1.478333525,116.73682878028646
Hh+IAV+NTHi,Nasal Tissue,24,B-cells,48.35379115,50.671073899999996,46.111908475,53.70684735,95.42681342303267
Hh+IAV+NTHi,Nasal Tissue,24,CD103+CD4+ T-cells,0.4148229,0.43857140000000006,0.31486395,0.461192575,94.58503222052326
Hh+IAV+NTHi,Nasal Tissue,24,CD206+ Macrophages,1.3229976666666667,1.3590483500000001,1.156375475,1.494511175,97.34735829425544
Hh+IAV+NTHi,Nasal Tissue,24,CD4+ T-cells,1.5247831833333332,1.2160009,1.0986264,1.8030335750000002,125.39326108503153
Hh+IAV+NTHi,Nasal Tissue,24,CD64+MHCII- Macrophages,0.5482079666666667,0.5063437000000001,0.3498328,0.753388825,108.26795448756776
Hh+IAV+NTHi,Nasal Tissue,24,Drop,5.1427894,4.99524785,4.9400585999999995,5.0468816499999996,102.95363822637948
Hh+IAV+NTHi,Nasal Tissue,24,Ly6C(hi)CD64(hi) Monocytes,6.51219305,5.502068749999999,4.7427832500000005,5.996785225,118.35899087956689
Hh+IAV+NTHi,Nasal Tissue,24,Ly6C+ NK cells,0.53918325,0.5122433500000001,0.48797192500000003,0.57634975,105.25919955817872
Hh+IAV+NTHi,Nasal Tissue,24,Ly6C+CD8+ T-cells,0.61948565,0.6411737500000001,0.5621151249999999,0.7575742,96.61743794096373
Hh+IAV+NTHi,Nasal Tissue,24,Ly6C- NK cells,2.0317940666666665,2.07006955,1.8680646500000002,2.1910159499999997,98.1510049585854
Hh+IAV+NTHi,Nasal Tissue,24,Ly6C-CD8+ T-cells,0.48472029999999994,0.46434270000000005,0.325764375,0.617072625,104.38848290282152
Hh+IAV+NTHi,Nasal Tissue,24,Monocytes,2.01304235,1.7797991,1.27930105,2.8428726,113.10503247248525
Hh+IAV+NTHi,Nasal Tissue,24,Neutrophils,24.64092345,25.098648,20.89713525,30.254230425,98.17629798226581
Hh+IAV+NTHi,Nasal Tissue,24,Unknown Myeloid,3.711019416666667,3.79978235,3.142159375,4.198462500000001,97.66399953583307
Hh+IAV+NTHi,Nasal Tissue,24,cDC1,0.10932456666666666,0.1041938,0.095670625,0.1236828,104.92425333049246
Hh+IAV+NTHi,Nasal Tissue,24,cDC2,0.07481788333333333,0.06717310000000001,0.054841125000000004,0.103952825,111.38072135026272
Hh+IAV+NTHi,Nasal Tissue,24,moDCs,0.02435724833333333,0.0152106,0.01093915,0.02731955,160.13338286019837
Hh+IAV+NTHi,Nasal Tissue,24,pDCs,1.9317464833333333,1.94037595,1.7203075749999999,2.143431025,99.5552683145415
Hh+IAV+NTHi,Nasal Tissue,48,B-cells,39.85138233333333,43.034266450000004,33.500590625,45.03603165,92.60383787332648
Hh+IAV+NTHi,Nasal Tissue,48,CD103+CD4+ T-cells,1.7862194833333334,1.43247085,0.59487965,2.690667975,124.69499699301619
Hh+IAV+NTHi,Nasal Tissue,48,CD206+ Macrophages,2.1761766500000004,2.10615675,1.334524025,2.672209975,103.3245341307099
Hh+IAV+NTHi,Nasal Tissue,48,CD4+ T-cells,3.2295062833333334,2.6057129,1.01788875,5.545475125,123.93945178432104
Hh+IAV+NTHi,Nasal Tissue,48,CD64+MHCII- Macrophages,1.3504108166666666,0.88977125,0.27571825,2.070247125,151.77056087917725
Hh+IAV+NTHi,Nasal Tissue,48,Drop,5.798541066666667,5.780753850000001,5.452636075,6.21209375,100.3076971815132
Hh+IAV+NTHi,Nasal Tissue,48,Ly6C(hi)CD64(hi) Monocytes,5.148175183333334,5.1256552,4.836456075,5.614511375,100.43935813968395
Hh+IAV+NTHi,Nasal Tissue,48,Ly6C+ NK cells,0.7013706,0.6823635499999999,0.544316475,0.915355375,102.7854726413801
Hh+IAV+NTHi,Nasal Tissue,48,Ly6C+CD8+ T-cells,0.6601076666666666,0.6374951,0.40275727499999997,0.838970275,103.54709654500351
Hh+IAV+NTHi,Nasal Tissue,48,Ly6C- NK cells,2.5653178166666666,2.3953278,2.338917125,2.8823722,107.09673292593467
Hh+IAV+NTHi,Nasal Tissue,48,Ly6C-CD8+ T-cells,0.7823757833333334,0.643373,0.286344375,1.228326775,121.6053181176912
Hh+IAV+NTHi,Nasal Tissue,48,Monocytes,2.5676634666666667,2.45679205,2.1765335,3.260497875,104.51285311944358
Hh+IAV+NTHi,Nasal Tissue,48,Neutrophils,25.179604066666666,23.538823,18.30830345,27.113233425000004,106.97053147757924
Hh+IAV+NTHi,Nasal Tissue,48,Unknown Myeloid,5.206664283333334,4.95481145,3.0684474250000005,7.080513600000001,105.082995304157
Hh+IAV+NTHi,Nasal Tissue,48,cDC1,0.27159188333333334,0.23539429999999997,0.12294117500000001,0.327544925,115.3774255932847
Hh+IAV+NTHi,Nasal Tissue,48,cDC2,0.13764883333333333,0.10523864999999999,0.090084875,0.18652225,130.7968444419739
Hh+IAV+NTHi,Nasal Tissue,48,moDCs,0.004614748,0.00267415,0.00237085,0.0049128,172.568778864312
Hh+IAV+NTHi,Nasal Tissue,48,pDCs,2.5833981166666664,2.59240325,1.9662949749999998,3.1695588,99.6526337739573
Hh+IAV+NTHi,Nasal Tissue,72,B-cells,47.786853699999995,49.16912695,45.29125107499999,51.354298799999995,97.18873745428583
Hh+IAV+NTHi,Nasal Tissue,72,CD103+CD4+ T-cells,0.6808705166666666,0.49476174999999994,0.38395779999999996,0.7969939,137.6158356353673
Hh+IAV+NTHi,Nasal Tissue,72,CD206+ Macrophages,1.6882855499999998,1.33429745,1.194177375,2.259961225,126.52992404354815
Hh+IAV+NTHi,Nasal Tissue,72,CD4+ T-cells,3.2032831833333333,1.55044055,0.84697769999999994,5.617370424999999,206.60470879282235
Hh+IAV+NTHi,Nasal Tissue,72,CD64+MHCII- Macrophages,0.5749223166666667,0.33013185,0.196633825,0.7685138,174.14930327584773
Hh+IAV+NTHi,Nasal Tissue,72,Drop,5.392684033333333,5.878414,4.596754625,6.291951749999999,91.73705753513333
Hh+IAV+NTHi,Nasal Tissue,72,Ly6C(hi)CD64(hi) Monocytes,5.162445233333333,5.6358548,4.2486994,5.975258324999999,91.60003968401269
Hh+IAV+NTHi,Nasal Tissue,72,Ly6C+ NK cells,0.43644316666666666,0.4197786,0.33498484999999995,0.5094005500000001,103.9698466445566
Hh+IAV+NTHi,Nasal Tissue,72,Ly6C+CD8+ T-cells,0.6409776666666667,0.4696029500000001,0.4549332749999999,0.48820300000000005,136.4935349462065
Hh+IAV+NTHi,Nasal Tissue,72,Ly6C- NK cells,1.1630184666666665,0.96970705,0.9603396,1.3187693,119.93503261285628
Hh+IAV+NTHi,Nasal Tissue,72,Ly6C-CD8+ T-cells,0.33891166666666667,0.2648134,0.150422125,0.4752721,127.98131313093171
Hh+IAV+NTHi,Nasal Tissue,72,Monocytes,2.9170031666666665,3.02124245,2.4544352999999997,3.54873655,96.54978754408361
Hh+IAV+NTHi,Nasal Tissue,72,Neutrophils,24.75169965,23.18240585,18.27744345,31.843173850000007,106.76933106146961
Hh+IAV+NTHi,Nasal Tissue,72,Unknown Myeloid,3.0861544166666666,3.1892558500000003,2.2640410749999997,3.803374675,96.76722601815298
Hh+IAV+NTHi,Nasal Tissue,72,cDC1,0.11452693333333333,0.09917265,0.087391725,0.13605495,115.48237677760282
Hh+IAV+NTHi,Nasal Tissue,72,cDC2,0.014204078333333333,0.014100199999999998,0.010594275,0.01572385,100.73671531845885
Hh+IAV+NTHi,Nasal Tissue,72,moDCs,0.012101852,0.005370570000000001,0.00520143,0.018288199999999998,225.33645404491511
Hh+IAV+NTHi,Nasal Tissue,72,pDCs,2.0376314,2.0116707,1.726525475,2.2377523000000004,101.29050445482952
Hh+IAV+NTHi,Nasal Tissue,96,B-cells,34.005442216666665,32.328319549999996,31.041289275,34.699666824999994,105.18778176537378
Hh+IAV+NTHi,Nasal Tissue,96,CD103+CD4+ T-cells,1.1551480166666666,1.00336275,0.46290405000000007,1.5807764249999998,115.12765614097857
Hh+IAV+NTHi,Nasal Tissue,96,CD206+ Macrophages,2.2639801333333334,1.8322505999999998,1.246890375,2.5589559,123.56279939727315
Hh+IAV+NTHi,Nasal Tissue,96,CD4+ T-cells,3.810463066666667,2.85518965,1.38408985,4.6196360499999995,133.4574418433699
Hh+IAV+NTHi,Nasal Tissue,96,CD64+MHCII- Macrophages,0.9318791333333333,0.58179625,0.18564804999999998,1.0756353250000001,160.17276380405224
Hh+IAV+NTHi,Nasal Tissue,96,Drop,5.959986933333333,5.8124118000000005,5.401692825,6.578812199999999,102.5389655518443
Hh+IAV+NTHi,Nasal Tissue,96,Ly6C(hi)CD64(hi) Monocytes,8.821472466666666,8.6460277,8.10289575,8.9229461,102.02919505643808
Hh+IAV+NTHi,Nasal Tissue,96,Ly6C+ NK cells,0.8352467666666666,0.6063508000000001,0.3929674249999999,1.1357860499999999,137.74975916031883
Hh+IAV+NTHi,Nasal Tissue,96,Ly6C+CD8+ T-cells,0.7839515666666667,0.526111,0.38957934999999994,0.684510625,149.00877698179028
Hh+IAV+NTHi,Nasal Tissue,96,Ly6C- NK cells,3.1403928499999996,2.81396215,2.333444875,3.23138185,111.60039412754715
Hh+IAV+NTHi,Nasal Tissue,96,Ly6C-CD8+ T-cells,0.3033918333333333,0.26241955,0.13348395000000002,0.40845815,115.61327398562085
Hh+IAV+NTHi,Nasal Tissue,96,Monocytes,2.65524875,2.8913494999999996,2.510280025,3.0654562500000004,91.83423691947308
Hh+IAV+NTHi,Nasal Tissue,96,Neutrophils,28.590992566666667,28.678213200000002,25.798970774999997,36.802653,99.69586447828857
Hh+IAV+NTHi,Nasal Tissue,96,Unknown Myeloid,4.010588866666667,4.0620769,2.689490325,5.404796974999999,98.73247024611146
Hh+IAV+NTHi,Nasal Tissue,96,cDC1,0.26085108333333334,0.2137697,0.12005787500000001,0.3248849,122.02434832126974
Hh+IAV+NTHi,Nasal Tissue,96,cDC2,0.029996403333333335,0.01913875,0.012346524999999999,0.04787237500000001,156.73125639518432
Hh+IAV+NTHi,Nasal Tissue,96,moDCs,0.00560916,0.0033132649999999997,0.0027850075,0.006137417500000001,169.2940347361289
Hh+IAV+NTHi,Nasal Tissue,96,pDCs,2.437227866666667,2.38174905,2.157916575,2.747623575,102.32933090355036
Hh+IAV+NTHi,Nasal Tissue,144,B-cells,25.5326848,24.477666650000003,23.321019575,28.902790550000002,104.31012549147529
Hh+IAV+NTHi,Nasal Tissue,144,CD103+CD4+ T-cells,2.2232129,2.1899634,1.9045554,2.516940075,101.5182673829161
Hh+IAV+NTHi,Nasal Tissue,144,CD206+ Macrophages,1.1183931333333335,1.1785357,0.977241425,1.2525549,94.89683964035484
Hh+IAV+NTHi,Nasal Tissue,144,CD4+ T-cells,5.3579194999999995,5.4584637,4.518077475,6.614432025,98.15801284892669
Hh+IAV+NTHi,Nasal Tissue,144,CD64+MHCII- Macrophages,0.47267185,0.50289375,0.29097405,0.6736488749999999,93.99040055677764
Hh+IAV+NTHi,Nasal Tissue,144,Drop,6.097434700000001,6.139774050000001,5.7239068,6.47325995,99.31040866235135
Hh+IAV+NTHi,Nasal Tissue,144,Ly6C(hi)CD64(hi) Monocytes,8.1381578,8.545473349999998,7.679324449999999,8.988086825,95.23355192489134
Hh+IAV+NTHi,Nasal Tissue,144,Ly6C+ NK cells,0.7759897,0.8326534999999999,0.4544676,1.03195345,93.19479231156778
Hh+IAV+NTHi,Nasal Tissue,144,Ly6C+CD8+ T-cells,1.51935455,1.6771368000000002,0.8723547000000001,1.9658437500000001,90.5921657672767
Hh+IAV+NTHi,Nasal Tissue,144,Ly6C- NK cells,3.514351883333333,3.682461,2.6083647,4.676047575,95.43487041229584
Hh+IAV+NTHi,Nasal Tissue,144,Ly6C-CD8+ T-cells,0.5331334,0.56817415,0.39933305,0.660094275,93.83274476672337
Hh+IAV+NTHi,Nasal Tissue,144,Monocytes,4.314394516666667,4.387046649999999,3.949991125,4.8107511249999995,98.34393980439363
Hh+IAV+NTHi,Nasal Tissue,144,Neutrophils,33.83644408333333,34.721377,28.421355324999997,41.346237625,97.45133115928361
Hh+IAV+NTHi,Nasal Tissue,144,Unknown Myeloid,4.11427915,4.245715199999999,3.5681093250000004,4.642046475,96.90426597620115
Hh+IAV+NTHi,Nasal Tissue,144,cDC1,0.24356313333333332,0.25761895,0.204389175,0.29146265,94.54395079761537
Hh+IAV+NTHi,Nasal Tissue,144,cDC2,0.023272183333333335,0.01988635,0.01660325,0.028531425,117.0259164368189
Hh+IAV+NTHi,Nasal Tissue,144,moDCs,0.007632900000000001,0.00856311,0.0062747,0.009456205,89.13700746574551
Hh+IAV+NTHi,Nasal Tissue,144,pDCs,2.1809263,2.1568907499999996,2.003680275,2.442736175,101.11436103103509
Hh+IAV+NTHi,Spleen,2,B-cells,55.438427383333334,55.44374700000001,54.35648737500001,56.3799915,99.99040538030974
Hh+IAV+NTHi,Spleen,2,CD103+CD4+ T-cells,0.6828199833333333,0.6295576,0.58674415,0.6676198,108.46028756277953
Hh+IAV+NTHi,Spleen,2,CD206+ Macrophages,1.15583725,1.1136773500000001,0.9615336250000001,1.2827074,103.78564761149178
Hh+IAV+NTHi,Spleen,2,CD4+ T-cells,20.599316483333332,20.7392184,20.296866299999998,20.993373674999997,99.32542338882614
Hh+IAV+NTHi,Spleen,2,CD64+MHCII- Macrophages,0.008839643,0.007419425,0.0050028699999999995,0.01023999,119.14188767997518
Hh+IAV+NTHi,Spleen,2,Drop,2.6835605666666664,2.0727496999999997,1.9566486249999997,2.765537325,129.46862646592913
Hh+IAV+NTHi,Spleen,2,Ly6C(hi)CD64(hi) Monocytes,0.33562820000000004,0.35313115,0.30687780000000003,0.36971787500000003,95.04349871145608
Hh+IAV+NTHi,Spleen,2,Ly6C+ NK cells,1.4271502999999999,1.36614725,1.0613125250000002,1.7623625,104.46533490441823
Hh+IAV+NTHi,Spleen,2,Ly6C+CD8+ T-cells,6.8248730333333345,7.162266300000001,6.194616075,7.736876099999999,95.28929458170711
Hh+IAV+NTHi,Spleen,2,Ly6C- NK cells,2.086161683333333,1.9016134,1.74954855,2.0793626,109.70482661372354
Hh+IAV+NTHi,Spleen,2,Ly6C-CD8+ T-cells,5.784426916666667,5.5186585,5.083634425,6.1025350000000005,104.8158155947984
Hh+IAV+NTHi,Spleen,2,Monocytes,0.25675775,0.27448575000000003,0.17522359999999998,0.33508060000000006,93.54137692029549
Hh+IAV+NTHi,Spleen,2,Neutrophils,0.28908208333333335,0.2498088,0.12603165,0.378395475,115.72133701188004
Hh+IAV+NTHi,Spleen,2,Unknown Myeloid,0.5264799166666666,0.53031595,0.5114858,0.551106675,99.27665133712584
Hh+IAV+NTHi,Spleen,2,cDC1,0.4070671333333334,0.42527735,0.360121,0.43247302500000007,95.71803749560925
Hh+IAV+NTHi,Spleen,2,cDC2,0.7637234666666667,0.7325857499999999,0.686788625,0.842275525,104.25038525069137
Hh+IAV+NTHi,Spleen,2,moDCs,0.0037549966666666663,0.0025292400000000003,0.0017030525,0.0045355824999999995,148.46343829239873
Hh+IAV+NTHi,Spleen,2,pDCs,0.7260932166666667,0.6777216500000001,0.593126975,0.84212765,107.13737958152387
Hh+IAV+NTHi,Spleen,6,B-cells,49.977649783333334,50.6533024,49.173521400000006,51.890758475,98.66612326412371
Hh+IAV+NTHi,Spleen,6,CD103+CD4+ T-cells,0.5194094166666666,0.53636435,0.46457752499999994,0.5813774500000001,96.83891494031373
Hh+IAV+NTHi,Spleen,6,CD206+ Macrophages,1.1949922833333333,1.15342605,0.8968155,1.455029325,103.60371896692754
Hh+IAV+NTHi,Spleen,6,CD4+ T-cells,22.116035633333333,22.13050685,21.328545050000002,23.819924525,99.9346096464724
Hh+IAV+NTHi,Spleen,6,CD64+MHCII- Macrophages,0.007427092000000001,0.0063284100000000005,0.006106820000000001,0.00711567,117.36110650226519
Hh+IAV+NTHi,Spleen,6,Drop,1.6120656166666667,1.613202,1.400203475,1.7079634,99.92955728214238
Hh+IAV+NTHi,Spleen,6,Ly6C(hi)CD64(hi) Monocytes,0.45159345,0.48615085,0.341797675,0.5522881000000001,92.89163024193005
Hh+IAV+NTHi,Spleen,6,Ly6C+ NK cells,0.8289802166666668,0.77622485,0.7587477,1.029712225,106.7964027004117
Hh+IAV+NTHi,Spleen,6,Ly6C+CD8+ T-cells,8.764251566666667,8.46560175,6.9775136,9.674636275,103.52780375791559
Hh+IAV+NTHi,Spleen,6,Ly6C- NK cells,1.2418498833333333,1.25313095,1.0714647,1.4228856249999997,99.09976952794385
Hh+IAV+NTHi,Spleen,6,Ly6C-CD8+ T-cells,6.681626383333334,6.8566772,5.4612012000000005,7.945545399999999,97.44700222045357
Hh+IAV+NTHi,Spleen,6,Monocytes,0.22769628333333333,0.2244061,0.18117100000000003,0.25023205000000004,101.46617375077295
Hh+IAV+NTHi,Spleen,6,Neutrophils,3.9828103166666664,3.7765129,2.5617276,4.78086335,105.46264297592273
Hh+IAV+NTHi,Spleen,6,Unknown Myeloid,0.5605373833333334,0.5530806,0.518480375,0.5845009,101.34822724451612
Hh+IAV+NTHi,Spleen,6,cDC1,0.33624391666666664,0.3341385,0.28522895,0.362880475,100.63010298623674
Hh+IAV+NTHi,Spleen,6,cDC2,0.6747818833333333,0.6602972,0.5504505,0.808395925,102.19366117762326
Hh+IAV+NTHi,Spleen,6,moDCs,0.0037816833333333333,0.003959995,0.0020760325,0.005343505,95.49717444929433
Hh+IAV+NTHi,Spleen,6,pDCs,0.8195050666666667,0.81863935,0.7718994,0.8434569499999999,100.10575067844793
Hh+IAV+NTHi,Spleen,24,B-cells,47.86127976666666,48.1611725,46.883890975,50.299259175,99.37731430161229
Hh+IAV+NTHi,Spleen,24,CD103+CD4+ T-cells,0.5805259333333334,0.54303855,0.535870325,0.606089125,106.90326374312346
Hh+IAV+NTHi,Spleen,24,CD206+ Macrophages,1.4851025833333333,1.4312519,1.186004225,1.7836909250000001,103.76248816391673
Hh+IAV+NTHi,Spleen,24,CD4+ T-cells,23.6609226,23.60811565,22.6424939,24.58441095,100.22368134239466
Hh+IAV+NTHi,Spleen,24,CD64+MHCII- Macrophages,0.009699572666666666,0.00792591,0.0046294675,0.012478775,122.37803188109211
Hh+IAV+NTHi,Spleen,24,Drop,2.537149783333333,2.5455975,2.0677574,3.0164071,99.66814405393364
Hh+IAV+NTHi,Spleen,24,Ly6C(hi)CD64(hi) Monocytes,0.37094771666666665,0.24309809999999996,0.213997675,0.3590675,152.59177947777738
Hh+IAV+NTHi,Spleen,24,Ly6C+ NK cells,0.7865790333333335,0.8638170000000001,0.5989705,0.9171573500000002,91.05852667096542
Hh+IAV+NTHi,Spleen,24,Ly6C+CD8+ T-cells,9.294419016666666,9.277505150000001,8.690993,9.814971050000002,100.18231050690028
Hh+IAV+NTHi,Spleen,24,Ly6C- NK cells,1.4076153666666666,1.3118781,1.15420115,1.385868175,107.29772580750199
Hh+IAV+NTHi,Spleen,24,Ly6C-CD8+ T-cells,7.379851649999999,7.218831300000001,6.5816549,7.8888781,102.2305598137471
Hh+IAV+NTHi,Spleen,24,Monocytes,0.26428208333333336,0.1196993,0.11094157500000001,0.39899027499999995,220.7883281968511
Hh+IAV+NTHi,Spleen,24,Neutrophils,1.9550325833333333,2.2929150500000004,0.9018552500000001,2.7575873,85.26406520526493
Hh+IAV+NTHi,Spleen,24,Unknown Myeloid,0.7015506666666667,0.66351425,0.6320859249999999,0.8155114499999999,105.73256967226652
Hh+IAV+NTHi,Spleen,24,cDC1,0.3911712166666667,0.3407907,0.314627275,0.388899875,114.78341887459567
Hh+IAV+NTHi,Spleen,24,cDC2,0.6862873666666667,0.6675537,0.6387206750000001,0.68657785,102.80631605617145
Hh+IAV+NTHi,Spleen,24,moDCs,0.008825558333333334,0.008294405,0.006030307500000001,0.0122181025,106.40375449876555
Hh+IAV+NTHi,Spleen,24,pDCs,0.6187575333333334,0.5616811,0.503399675,0.7144212000000001,110.16171513218683
Hh+IAV+NTHi,Spleen,48,B-cells,51.18596895,50.721064950000006,48.14173935,55.060939875,100.91658958749838
Hh+IAV+NTHi,Spleen,48,CD103+CD4+ T-cells,0.6992386666666666,0.6975620499999999,0.6432795499999999,0.723610575,100.24035376733391
Hh+IAV+NTHi,Spleen,48,CD206+ Macrophages,1.3797818499999999,1.4129336499999998,0.914930425,1.7347851249999997,97.65369024936167
Hh+IAV+NTHi,Spleen,48,CD4+ T-cells,22.52072755,22.45512035,20.319064975,24.486038775,100.29217033343578
Hh+IAV+NTHi,Spleen,48,CD64+MHCII- Macrophages,0.008963125,0.007545404999999999,0.007427775,0.010476495,118.78918361572377
Hh+IAV+NTHi,Spleen,48,Drop,1.8276145000000001,1.76363695,1.619152225,1.9605393999999998,103.62759183515632
Hh+IAV+NTHi,Spleen,48,Ly6C(hi)CD64(hi) Monocytes,0.2691442666666667,0.2692804,0.24108895,0.30173125,99.94944550983537
Hh+IAV+NTHi,Spleen,48,Ly6C+ NK cells,1.0643656,1.02986015,0.9336210250000001,1.15241085,103.35049860896162
Hh+IAV+NTHi,Spleen,48,Ly6C+CD8+ T-cells,8.192058233333332,7.80540255,7.67007345,9.0055224,104.95369304602147
Hh+IAV+NTHi,Spleen,48,Ly6C- NK cells,1.860943,1.9423565,1.65944815,1.9607601000000003,95.80851918790397
Hh+IAV+NTHi,Spleen,48,Ly6C-CD8+ T-cells,6.651779883333334,6.305852400000001,5.931209825,7.485146499999999,105.48581637168249
Hh+IAV+NTHi,Spleen,48,Monocytes,0.28054061666666663,0.28566665,0.227651325,0.3394453,98.20558916018605
Hh+IAV+NTHi,Spleen,48,Neutrophils,0.9125030500000001,0.80261885,0.44848730000000003,1.067163275,113.69070761295976
Hh+IAV+NTHi,Spleen,48,Unknown Myeloid,0.7712788333333334,0.7615499,0.7444785,0.784545775,101.2775175117656
Hh+IAV+NTHi,Spleen,48,cDC1,0.5121464666666667,0.4934758,0.47336110000000003,0.5805859,103.78350198057672
Hh+IAV+NTHi,Spleen,48,cDC2,1.0408255833333333,1.0270221499999999,0.9284047999999999,1.1434863499999999,101.34402489112173
Hh+IAV+NTHi,Spleen,48,moDCs,0.007229705,0.007788034999999999,0.006213457499999999,0.008964115,92.83092590107776
Hh+IAV+NTHi,Spleen,48,pDCs,0.8148901333333334,0.8515162,0.7115818,0.9054245499999999,95.69872344569997
Hh+IAV+NTHi,Spleen,72,B-cells,55.3211549,54.561825549999995,52.77626872500001,57.93074254999999,101.3916861145054
Hh+IAV+NTHi,Spleen,72,CD103+CD4+ T-cells,0.7434438833333333,0.75554035,0.71085745,0.7836289,98.3989648379909
Hh+IAV+NTHi,Spleen,72,CD206+ Macrophages,1.3079577333333334,1.2767279,1.2227704000000001,1.40899545,102.44608372178077
Hh+IAV+NTHi,Spleen,72,CD4+ T-cells,17.97560695,19.42602385,15.957683724999999,20.018080375,92.53363986784152
Hh+IAV+NTHi,Spleen,72,CD64+MHCII- Macrophages,0.07520943333333334,0.04769525,0.034860050000000004,0.08990000000000001,157.68747062513214
Hh+IAV+NTHi,Spleen,72,Drop,1.9140194,1.7751755,1.6536583,2.16474435,107.82141822033932
Hh+IAV+NTHi,Spleen,72,Ly6C(hi)CD64(hi) Monocytes,0.7236692,0.7062216,0.6316489,0.82319375,102.47055598412736
Hh+IAV+NTHi,Spleen,72,Ly6C+ NK cells,1.1122575666666668,1.10819655,1.0871799500000001,1.124561725,100.36645274402514
Hh+IAV+NTHi,Spleen,72,Ly6C+CD8+ T-cells,9.200249183333334,9.29090075,8.69292935,9.627318200000001,99.02429733019518
Hh+IAV+NTHi,Spleen,72,Ly6C- NK cells,1.7376243,1.8042091999999998,1.567099775,1.8248820499999998,96.30946899062482
Hh+IAV+NTHi,Spleen,72,Ly6C-CD8+ T-cells,4.732590316666667,4.68158205,4.466042025,4.919537775,101.08955191048435
Hh+IAV+NTHi,Spleen,72,Monocytes,0.22062451666666666,0.23639245,0.165715,0.27010375000000003,93.32976440942453
Hh+IAV+NTHi,Spleen,72,Neutrophils,2.2945613333333332,1.97502125,1.6080976,2.4030888,116.17907064713016
Hh+IAV+NTHi,Spleen,72,Unknown Myeloid,0.5548785333333333,0.5398942999999999,0.5017799999999999,0.5966032749999999,102.7754012837945
Hh+IAV+NTHi,Spleen,72,cDC1,0.5018826333333334,0.4560387,0.400802325,0.60539445,110.0526410002777
Hh+IAV+NTHi,Spleen,72,cDC2,0.8250460333333333,0.7639395999999999,0.721694725,0.9458971749999999,107.99885662863049
Hh+IAV+NTHi,Spleen,72,moDCs,0.009757489999999999,0.01080305,0.007284965,0.012859999999999998,90.32162213448979
Hh+IAV+NTHi,Spleen,72,pDCs,0.7494665833333333,0.7719666000000001,0.686014775,0.7751686,97.0853639695465
Hh+IAV+NTHi,Spleen,96,B-cells,57.86169581666667,58.07134945000001,56.2631558,60.4614177,99.63897234123368
Hh+IAV+NTHi,Spleen,96,CD103+CD4+ T-cells,0.5727164666666668,0.5751058499999999,0.5420781250000001,0.59057945,99.5845315547854
Hh+IAV+NTHi,Spleen,96,CD206+ Macrophages,1.8352865666666667,1.9065763999999998,1.88893085,1.9515677749999998,96.26084570577224
Hh+IAV+NTHi,Spleen,96,CD4+ T-cells,16.116145933333335,15.7696282,14.75795875,16.796413225000002,102.19737414819544
Hh+IAV+NTHi,Spleen,96,CD64+MHCII- Macrophages,0.020341598333333332,0.02052825,0.013861224999999998,0.0251393,99.09075704618431
Hh+IAV+NTHi,Spleen,96,Drop,2.6114437333333336,2.5112758,2.4634953,2.63783015,103.98872689862793
Hh+IAV+NTHi,Spleen,96,Ly6C(hi)CD64(hi) Monocytes,0.60053665,0.61398115,0.49830955,0.701182,97.81027479426689
Hh+IAV+NTHi,Spleen,96,Ly6C+ NK cells,1.1366452666666667,1.18343505,0.8796244,1.329106175,96.04627365622362
Hh+IAV+NTHi,Spleen,96,Ly6C+CD8+ T-cells,8.812146783333333,8.73929665,8.41583995,9.7904722,100.8335926362373
Hh+IAV+NTHi,Spleen,96,Ly6C- NK cells,2.7279577166666664,2.64989715,2.4955724,3.0225394,102.94579609124325
Hh+IAV+NTHi,Spleen,96,Ly6C-CD8+ T-cells,3.7086683000000003,3.3695683499999998,2.950219825,4.5660333500000005,110.06360206345124
Hh+IAV+NTHi,Spleen,96,Monocytes,0.3041002333333333,0.32131285,0.28599245,0.332347725,94.64303507728786
Hh+IAV+NTHi,Spleen,96,Neutrophils,0.79432665,0.7200444500000001,0.65293205,0.880253825,110.31633533179792
Hh+IAV+NTHi,Spleen,96,Unknown Myeloid,0.6627071833333333,0.66134095,0.656011325,0.678480075,100.20658532234141
Hh+IAV+NTHi,Spleen,96,cDC1,0.6162653166666667,0.55675845,0.5236269,0.7381622250000001,110.68809403192115
Hh+IAV+NTHi,Spleen,96,cDC2,0.75768275,0.7853313000000001,0.6915166500000001,0.834659925,96.47937755696225
Hh+IAV+NTHi,Spleen,96,moDCs,0.0158315,0.0159193,0.01367955,0.01863185,99.44846821154195
Hh+IAV+NTHi,Spleen,96,pDCs,0.8455016,0.8455737499999999,0.8404055500000001,0.9132564,99.99146733209257
Hh+IAV+NTHi,Spleen,144,B-cells,48.0597613,48.2295298,46.466600325,49.871416024999995,99.64799884903708
Hh+IAV+NTHi,Spleen,144,CD103+CD4+ T-cells,0.8162644,0.7513485,0.684591825,0.943949625,108.63991875940393
Hh+IAV+NTHi,Spleen,144,CD206+ Macrophages,1.5340156666666667,1.5501718000000002,1.38947455,1.7369953,98.9577843350438
Hh+IAV+NTHi,Spleen,144,CD4+ T-cells,20.850540583333334,21.2801307,19.10211455,22.351715575,97.98126185067714
Hh+IAV+NTHi,Spleen,144,CD64+MHCII- Macrophages,0.008669113333333334,0.007858625,0.0061644525,0.00907003,110.31336058576831
Hh+IAV+NTHi,Spleen,144,Drop,2.3937944,2.3163969,2.0241177749999997,2.557707975,103.34128836038418
Hh+IAV+NTHi,Spleen,144,Ly6C(hi)CD64(hi) Monocytes,0.5918511666666667,0.5320446,0.43241945,0.7641790750000002,111.24089346394395
Hh+IAV+NTHi,Spleen,144,Ly6C+ NK cells,1.1499040833333334,1.12290225,0.9631918749999999,1.3082762,102.40464682774777
Hh+IAV+NTHi,Spleen,144,Ly6C+CD8+ T-cells,10.751655383333333,10.807240199999999,10.548534375000001,11.142434775,99.48567057233846
Hh+IAV+NTHi,Spleen,144,Ly6C- NK cells,2.8774968833333334,2.7886298,2.2755053249999997,3.5429288500000005,103.1867651752604
Hh+IAV+NTHi,Spleen,144,Ly6C-CD8+ T-cells,4.476739666666667,4.489260300000001,3.6179167249999997,5.2931374,99.72109807637277
Hh+IAV+NTHi,Spleen,144,Monocytes,0.47115895,0.44000419999999996,0.41104767499999995,0.549580025,107.08055741286107
Hh+IAV+NTHi,Spleen,144,Neutrophils,2.94542315,2.7450021,1.49880505,2.9517294499999998,107.30130771120359
Hh+IAV+NTHi,Spleen,144,Unknown Myeloid,0.97791625,0.9721120999999999,0.934496475,1.024191625,100.59706591451749
Hh+IAV+NTHi,Spleen,144,cDC1,0.5633822333333334,0.59983125,0.47975789999999996,0.6482217,93.92345486056843
Hh+IAV+NTHi,Spleen,144,cDC2,0.7971923666666667,0.8183431499999999,0.6985326999999999,0.874402325,97.41541389656244
Hh+IAV+NTHi,Spleen,144,moDCs,0.02424983333333333,0.0219055,0.016740475,0.026164675,110.70203069244404
Hh+IAV+NTHi,Spleen,144,pDCs,0.7099845166666667,0.76386355,0.56719605,0.8557165999999999,92.94651075662227
Hh+NTHi,Lung,2,B-cells,30.6714452,30.846941100000002,28.553073974999997,32.4855279,99.43107519338442
Hh+NTHi,Lung,2,CD103+CD4+ T-cells,0.93503835,0.9135276500000001,0.8475003249999999,1.006664025,102.35468515922861
Hh+NTHi,Lung,2,CD206+ Macrophages,0.69661415,0.6812325499999999,0.5171251499999999,0.87799795,102.25790737685688
Hh+NTHi,Lung,2,CD4+ T-cells,24.143409483333333,23.76680405,21.737792625,26.093128525000004,101.58458593145734
Hh+NTHi,Lung,2,CD64+MHCII- Macrophages,0.056793416666666666,0.0554694,0.040023625,0.0781922,102.38693165360841
Hh+NTHi,Lung,2,Drop,8.76690495,8.94310075,7.731647999999999,9.975914375,98.02981309362976
Hh+NTHi,Lung,2,Ly6C(hi)CD64(hi) Monocytes,1.1801042166666669,1.1407291,0.856133575,1.5079009,103.45174999626703
Hh+NTHi,Lung,2,Ly6C+ NK cells,4.825402466666667,4.8730355,4.244535675,4.99486825,99.02251823666514
Hh+NTHi,Lung,2,Ly6C+CD8+ T-cells,5.6388199666666665,5.95613615,5.643223625,6.2894343500000005,94.67244912906611
Hh+NTHi,Lung,2,Ly6C- NK cells,5.913116783333333,5.94032055,5.568823575000001,6.3570846,99.54204884336305
Hh+NTHi,Lung,2,Ly6C-CD8+ T-cells,4.837630466666667,4.40342435,4.146563225,5.5553972,109.86064667300728
Hh+NTHi,Lung,2,Monocytes,0.8748654499999999,0.88255795,0.72572285,1.044456075,99.128385847071
Hh+NTHi,Lung,2,Neutrophils,2.5903064,2.0591149,1.7635135,3.2086065249999995,125.79707912365647
Hh+NTHi,Lung,2,Unknown Myeloid,4.201960533333334,4.0659167,3.6119215999999996,4.845538175,103.34595721878253
Hh+NTHi,Lung,2,cDC1,0.4422864166666667,0.42884595000000003,0.33801085,0.5130106249999999,103.13410134027536
Hh+NTHi,Lung,2,cDC2,0.1464923,0.13335035,0.11926445000000001,0.14737377499999998,109.85520472949639
Hh+NTHi,Lung,2,moDCs,3.6646847499999997,3.12093285,2.926516075,4.4639192,117.42273628219844
Hh+NTHi,Lung,2,pDCs,0.41412474999999993,0.41039995,0.40139234999999995,0.417219725,100.90760244975661
Hh+NTHi,Lung,6,B-cells,19.992282833333334,20.11392705,18.52784915,21.472971474999998,99.39522393432034
Hh+NTHi,Lung,6,CD103+CD4+ T-cells,0.6003521166666667,0.51508015,0.47977037499999997,0.616942975,116.55508694455933
Hh+NTHi,Lung,6,CD206+ Macrophages,0.8080809333333333,0.9895160000000001,0.5435102500000001,1.102880475,81.6642614503791
Hh+NTHi,Lung,6,CD4+ T-cells,21.06780895,19.025754550000002,17.2616786,22.9622196,110.73310598343653
Hh+NTHi,Lung,6,CD64+MHCII- Macrophages,0.08258795000000001,0.08795940000000001,0.05572427499999999,0.105549875,93.8932621186593
Hh+NTHi,Lung,6,Drop,4.2646521,4.36272185,3.4393946999999994,5.066768499999999,97.75209712257957
Hh+NTHi,Lung,6,Ly6C(hi)CD64(hi) Monocytes,2.5170652166666665,2.61651325,2.3981207,2.8210238999999997,96.1992153743791
Hh+NTHi,Lung,6,Ly6C+ NK cells,3.491603716666667,3.24380715,3.0119137,3.3080242250000005,107.6390659249477
Hh+NTHi,Lung,6,Ly6C+CD8+ T-cells,4.95891895,4.86600215,4.23929845,5.453378925000001,101.9095100482025
Hh+NTHi,Lung,6,Ly6C- NK cells,4.056966433333333,3.34465995,2.76400785,4.819577325,121.2968281972382
Hh+NTHi,Lung,6,Ly6C-CD8+ T-cells,4.1140263500000005,3.4848875500000003,3.187060675,5.4198923500000005,118.05334579590667
Hh+NTHi,Lung,6,Monocytes,1.3138377333333333,1.257196,1.156248,1.483132775,104.50540196861375
Hh+NTHi,Lung,6,Neutrophils,25.032316683333335,28.801860899999998,17.6326708,34.160688125,86.91215046918491
Hh+NTHi,Lung,6,Unknown Myeloid,4.286185083333334,4.099755350000001,3.7046923250000003,4.502102975,104.54733800965302
Hh+NTHi,Lung,6,cDC1,0.47745608333333334,0.5537336,0.416363425,0.5925510749999999,86.22487118956359
Hh+NTHi,Lung,6,cDC2,0.09646516666666667,0.09164320000000001,0.080062425,0.11231105000000001,105.26167426133817
Hh+NTHi,Lung,6,moDCs,2.4571343666666667,2.81009465,1.6541439499999997,3.2239217,87.4395589012159
Hh+NTHi,Lung,6,pDCs,0.3822593,0.37197015000000005,0.30428235,0.471896025,102.7661224966573
Hh+NTHi,Lung,24,B-cells,26.0676619,26.163394,19.3554483,29.64534245,99.63409907751264
Hh+NTHi,Lung,24,CD103+CD4+ T-cells,1.3125002166666666,1.2915332499999999,0.940695175,1.87108525,101.6234167154943
Hh+NTHi,Lung,24,CD206+ Macrophages,0.5585704833333334,0.5347877,0.522204375,0.697876525,104.44714478910666
Hh+NTHi,Lung,24,CD4+ T-cells,17.65902285,16.309715,15.865041675000002,18.8141215,108.27303144168981
Hh+NTHi,Lung,24,CD64+MHCII- Macrophages,0.21034668333333334,0.18242375,0.1494709,0.22681199999999999,115.30663267986397
Hh+NTHi,Lung,24,Drop,4.982668533333333,4.346949,3.3942174749999996,6.405301874999999,114.62449946694413
Hh+NTHi,Lung,24,Ly6C(hi)CD64(hi) Monocytes,2.1878430166666667,1.8695676,1.4689062999999998,2.5150378250000003,117.02401221901077
Hh+NTHi,Lung,24,Ly6C+ NK cells,3.4071350833333334,3.2612593499999996,2.67674155,3.516052475,104.47298781476346
Hh+NTHi,Lung,24,Ly6C+CD8+ T-cells,4.922568716666667,5.07514425,4.589163125,5.23309945,96.99367100091129
Hh+NTHi,Lung,24,Ly6C- NK cells,4.93968,4.7930776,4.155746124999999,5.0761369,103.05862771760674
Hh+NTHi,Lung,24,Ly6C-CD8+ T-cells,9.32471745,3.4836623999999996,3.1049564750000003,3.96780505,267.66995131330754
Hh+NTHi,Lung,24,Monocytes,0.7455131833333333,0.5824855,0.4646959,0.821853025,127.9882818256134
Hh+NTHi,Lung,24,Neutrophils,15.149233916666665,14.185039,4.86351785,22.819260675,106.79726658958543
Hh+NTHi,Lung,24,Unknown Myeloid,5.1597672,5.39308955,5.0988601000000005,6.2019993,95.67367929204885
Hh+NTHi,Lung,24,cDC1,0.4915755666666667,0.42730045,0.39780762500000005,0.5507952,115.04213643272941
Hh+NTHi,Lung,24,cDC2,0.21750379999999997,0.2567448,0.1682287,0.2605211,84.71595140388432
Hh+NTHi,Lung,24,moDCs,1.8152307666666665,1.9385861,1.5020689,2.288746275,93.63684010045603
Hh+NTHi,Lung,24,pDCs,0.84846065,0.8312558000000001,0.7503227,0.991157675,102.06974194946969
Hh+NTHi,Lung,48,B-cells,39.77062443333333,42.156469800000004,36.098835325,44.12246675,94.34050009883258
Hh+NTHi,Lung,48,CD103+CD4+ T-cells,0.7454608833333334,0.7216251499999999,0.6600019,0.78551145,103.30306300069134
Hh+NTHi,Lung,48,CD206+ Macrophages,0.5865139833333333,0.46414485,0.4080208,0.695118125,126.36442768530843
Hh+NTHi,Lung,48,CD4+ T-cells,18.1240612,17.26546225,15.431095424999999,21.065553949999998,104.97292767241144
Hh+NTHi,Lung,48,CD64+MHCII- Macrophages,0.09031865,0.0797763,0.075511375,0.0852668,113.21488963514228
Hh+NTHi,Lung,48,Drop,7.081575383333333,6.9571465,6.635263425,7.5418403,101.78850457343873
Hh+NTHi,Lung,48,Ly6C(hi)CD64(hi) Monocytes,1.8259712333333333,1.6752310499999998,1.3030806750000001,2.020581075,108.99817271971727
Hh+NTHi,Lung,48,Ly6C+ NK cells,4.4044881333333334,4.2989917,3.80309875,4.852991275,102.45398085633272
Hh+NTHi,Lung,48,Ly6C+CD8+ T-cells,5.054047183333334,4.99509665,4.504227725,5.605211000000001,101.18016802204086
Hh+NTHi,Lung,48,Ly6C- NK cells,4.873457766666666,4.44547425,4.1842216500000005,5.52764805,109.62739839662025
Hh+NTHi,Lung,48,Ly6C-CD8+ T-cells,3.8720763166666665,3.393309,3.266580375,4.071975074999999,114.1091576589891
Hh+NTHi,Lung,48,Monocytes,1.419985,1.2146989000000001,1.066190825,1.330770525,116.90016348907535
Hh+NTHi,Lung,48,Neutrophils,3.5298189,3.4886714999999997,2.4395016999999997,4.47115595,101.17945756715703
Hh+NTHi,Lung,48,Unknown Myeloid,5.4400417999999995,4.9659729,4.836037725000001,5.7320174250000004,109.54634488641692
Hh+NTHi,Lung,48,cDC1,0.48422885,0.40790545,0.373928125,0.5627677,118.71105178908495
Hh+NTHi,Lung,48,cDC2,0.13028365,0.13360185,0.11266794999999999,0.15252035,97.51635175710517
Hh+NTHi,Lung,48,moDCs,2.0712561000000003,1.7529036499999997,1.427349025,2.0385381000000002,118.16143460024176
Hh+NTHi,Lung,48,pDCs,0.4957905833333333,0.4810239,0.42094899999999996,0.5551401499999999,103.06984400012833
Hh+NTHi,Lung,72,B-cells,37.69271505,42.27515235,38.710187925,43.556143125000006,89.16044757908482
Hh+NTHi,Lung,72,CD103+CD4+ T-cells,1.0264582333333334,1.0096383,0.9521636499999999,1.21675775,101.66593653720679
Hh+NTHi,Lung,72,CD206+ Macrophages,0.3436965166666667,0.29510055,0.27559415000000004,0.4668739,116.46759610128366
Hh+NTHi,Lung,72,CD4+ T-cells,16.49582223333333,16.42059025,14.720589525,18.299629399999997,100.45815638894791
Hh+NTHi,Lung,72,CD64+MHCII- Macrophages,0.060664383333333335,0.054870600000000005,0.02708605,0.08511125000000001,110.55899394818596
Hh+NTHi,Lung,72,Drop,5.388261583333334,5.5372384,4.1258023,6.617184775000001,97.30954663850727
Hh+NTHi,Lung,72,Ly6C(hi)CD64(hi) Monocytes,2.34777935,2.62844825,1.76067735,2.9827620250000004,89.3218784124816
Hh+NTHi,Lung,72,Ly6C+ NK cells,4.787275383333333,4.8567256500000004,3.9878408499999995,5.94009005,98.5700187395459
Hh+NTHi,Lung,72,Ly6C+CD8+ T-cells,5.2710641166666665,5.82529235,3.9778271,6.7367594749999995,90.48582972263472
Hh+NTHi,Lung,72,Ly6C- NK cells,5.59763405,6.02094455,4.248231175,7.147452374999999,92.96936723989594
Hh+NTHi,Lung,72,Ly6C-CD8+ T-cells,13.812289716666667,4.39431685,3.4757117249999996,12.04685615,314.3216610942988
Hh+NTHi,Lung,72,Monocytes,0.9307936666666665,0.9854901999999999,0.5782677,1.1903614249999999,94.4498145863517
Hh+NTHi,Lung,72,Neutrophils,0.7177755166666666,0.6013113,0.4216806,0.9811456500000001,119.36837319815321
Hh+NTHi,Lung,72,Unknown Myeloid,3.2922423666666667,3.6556000500000003,3.087650325,3.781934025,90.06024514817112
Hh+NTHi,Lung,72,cDC1,0.26251605,0.266557,0.246864675,0.29640365,98.48402030334977
Hh+NTHi,Lung,72,cDC2,0.09067351666666666,0.0809368,0.07085235000000001,0.11850245,112.03002424937316
Hh+NTHi,Lung,72,moDCs,1.35926115,1.3920671,1.0131852749999999,1.766734825,97.64336431771142
Hh+NTHi,Lung,72,pDCs,0.5230772333333333,0.58232675,0.40567385000000006,0.632665775,89.82538297155907
Hh+NTHi,Lung,96,B-cells,39.04119111666667,38.3261005,35.88787115,40.866034500000005,101.86580582771958
Hh+NTHi,Lung,96,CD103+CD4+ T-cells,1.28991945,1.1613298,0.76045895,1.5770727750000002,111.07262123128159
Hh+NTHi,Lung,96,CD206+ Macrophages,0.77179685,0.8033980999999999,0.731868325,0.8628827250000001,96.06655156391334
Hh+NTHi,Lung,96,CD4+ T-cells,20.103575816666666,20.4175786,19.522814625000002,22.00296455,98.46209587588739
Hh+NTHi,Lung,96,CD64+MHCII- Macrophages,0.16887123333333334,0.15120730000000002,0.083469275,0.222352575,111.68193158222739
Hh+NTHi,Lung,96,Drop,4.897184316666666,4.8595919,4.80403745,4.9513207249999995,100.77357147349485
Hh+NTHi,Lung,96,Ly6C(hi)CD64(hi) Monocytes,2.0358237666666668,2.0873313000000002,1.67527245,2.4048606,97.53237383383589
Hh+NTHi,Lung,96,Ly6C+ NK cells,5.321196466666667,5.1458461,4.597001675,5.8975285500000005,103.4076100073546
Hh+NTHi,Lung,96,Ly6C+CD8+ T-cells,5.396665066666667,5.356209400000001,5.15074555,5.830086249999999,100.75530405265086
Hh+NTHi,Lung,96,Ly6C- NK cells,6.958067,7.1133165499999995,6.195808725,7.5497605750000005,97.81748008950902
Hh+NTHi,Lung,96,Ly6C-CD8+ T-cells,3.7228001166666664,3.5547886,3.091778325,4.245358625,104.72634340806275
Hh+NTHi,Lung,96,Monocytes,1.4520512666666667,1.39354835,1.046678025,1.807550725,104.19812607626184
Hh+NTHi,Lung,96,Neutrophils,1.1387756500000001,1.1589943,1.00377285,1.220485475,98.25550048002826
Hh+NTHi,Lung,96,Unknown Myeloid,4.574567999999999,4.3847233999999995,3.613156149999999,5.206683450000001,104.3296824606998
Hh+NTHi,Lung,96,cDC1,0.6913736,0.70907305,0.5966915749999999,0.8115810000000001,97.50386085044413
Hh+NTHi,Lung,96,cDC2,0.15843211666666668,0.1574832,0.135662525,0.19911564999999998,100.60255104459821
Hh+NTHi,Lung,96,moDCs,1.3979691833333334,1.2692038499999998,0.623430325,1.9854536749999998,110.14536264866621
Hh+NTHi,Lung,96,pDCs,0.8797389333333334,0.83512685,0.6826538,1.16578775,105.3419529420391
Hh+NTHi,Lung,144,B-cells,36.44424948333334,35.6705402,34.844061375,37.941921925,102.16904279832953
Hh+NTHi,Lung,144,CD103+CD4+ T-cells,1.32290445,1.363948,1.2032400499999998,1.472338275,96.99082736292
Hh+NTHi,Lung,144,CD206+ Macrophages,0.6201099833333333,0.56935305,0.5177430749999999,0.728541675,108.91484349356402
Hh+NTHi,Lung,144,CD4+ T-cells,18.1788184,18.4104488,16.481420875,19.860533699999998,98.74185359348763
Hh+NTHi,Lung,144,CD64+MHCII- Macrophages,0.12148355,0.09810715,0.0696229,0.17481055,123.82741726775264
Hh+NTHi,Lung,144,Drop,6.22028025,5.58883685,5.266706975,6.398673949999998,111.29829724766434
Hh+NTHi,Lung,144,Ly6C(hi)CD64(hi) Monocytes,1.9617141666666666,1.92146125,1.75628505,2.049010925,102.09491170673708
Hh+NTHi,Lung,144,Ly6C+ NK cells,5.37770065,5.4646322,5.2842541999999995,5.6324396,98.4091966884798
Hh+NTHi,Lung,144,Ly6C+CD8+ T-cells,6.0023382,5.8954639,5.524422075,6.5978495,101.81282256685516
Hh+NTHi,Lung,144,Ly6C- NK cells,6.087278,6.13474215,5.6907823749999995,6.486490175000001,99.22630570544844
Hh+NTHi,Lung,144,Ly6C-CD8+ T-cells,4.006444883333334,3.9370138,3.7755495999999997,4.191339774999999,101.76354686217594
Hh+NTHi,Lung,144,Monocytes,1.8451825833333335,1.8381774500000003,1.498888125,1.9954342,100.38109124520776
Hh+NTHi,Lung,144,Neutrophils,3.4523518500000003,2.7874103,2.606713575,3.8796789250000003,123.85517302565756
Hh+NTHi,Lung,144,Unknown Myeloid,4.6931354,4.2961428999999995,3.8782658249999997,5.5084235,109.24067260425628
Hh+NTHi,Lung,144,cDC1,0.5803829666666667,0.6103239,0.568612025,0.6583798,95.0942551433209
Hh+NTHi,Lung,144,cDC2,0.14138735000000002,0.12347295000000001,0.11267750000000003,0.1755523,114.50876487522166
Hh+NTHi,Lung,144,moDCs,2.0694506500000003,1.6105848999999999,1.070115,2.967236,128.49062784582173
Hh+NTHi,Lung,144,pDCs,0.8747871833333334,0.7385980999999999,0.69243165,1.0580698,118.43886185644581
Hh+NTHi,Nasal Tissue,2,B-cells,59.369871583333335,61.8632732,60.333416799999995,62.279135475000004,95.96949613609085
Hh+NTHi,Nasal Tissue,2,CD103+CD4+ T-cells,0.57796375,0.50984585,0.42481607499999996,0.7413204000000001,113.3604892537617
Hh+NTHi,Nasal Tissue,2,CD206+ Macrophages,1.8214759666666667,1.61843435,1.402544475,2.2366571499999996,112.54555778964199
Hh+NTHi,Nasal Tissue,2,CD4+ T-cells,3.9172526666666667,2.6157517500000003,1.543035075,5.417596275,149.75628580451743
Hh+NTHi,Nasal Tissue,2,CD64+MHCII- Macrophages,0.3925046833333333,0.3269459,0.238923175,0.5403693749999999,120.0518750451782
Hh+NTHi,Nasal Tissue,2,Drop,5.9290595,6.10971915,5.675724925,6.443002624999999,97.04307766748984
Hh+NTHi,Nasal Tissue,2,Ly6C(hi)CD64(hi) Monocytes,3.7167058,3.5574459000000003,2.6623736,3.7849385499999997,104.47680455238968
Hh+NTHi,Nasal Tissue,2,Ly6C+ NK cells,0.63950305,0.6323229499999999,0.5811215249999999,0.7091341,101.13551152935378
Hh+NTHi,Nasal Tissue,2,Ly6C+CD8+ T-cells,0.804708,0.5754094,0.349550125,1.0160229250000001,139.8496444444599
Hh+NTHi,Nasal Tissue,2,Ly6C- NK cells,2.457245583333333,2.2527553,2.0673789,2.4828118999999997,109.07734112681182
Hh+NTHi,Nasal Tissue,2,Ly6C-CD8+ T-cells,0.6171388999999999,0.5812452499999999,0.30470505000000003,0.828043375,106.1753020777374
Hh+NTHi,Nasal Tissue,2,Monocytes,1.6560116666666667,1.4304036,1.3120487,1.948553875,115.77233632987686
Hh+NTHi,Nasal Tissue,2,Neutrophils,12.226928666666668,12.14865035,6.27171205,14.438782725000001,100.64433755529616
Hh+NTHi,Nasal Tissue,2,Unknown Myeloid,3.9094452333333334,3.7744729999999995,3.6229950749999995,4.2093431500000005,103.5759226078272
Hh+NTHi,Nasal Tissue,2,cDC1,0.12043150000000001,0.09453890000000001,0.07960395,0.16962069999999999,127.3883025929009
Hh+NTHi,Nasal Tissue,2,cDC2,0.10492665000000001,0.10552184999999999,0.091330375,0.124445,99.4359462045065
Hh+NTHi,Nasal Tissue,2,moDCs,0.03073167,0.0288956,0.019258675,0.044643,106.35415080496684
Hh+NTHi,Nasal Tissue,2,pDCs,1.7080952333333332,1.6223451,1.371973025,1.8873570999999998,105.28556675970688
Hh+NTHi,Nasal Tissue,6,B-cells,47.9495415,48.141053649999996,45.961039025,51.061506375,99.60218537925584
Hh+NTHi,Nasal Tissue,6,CD103+CD4+ T-cells,0.5094101833333333,0.39419680000000007,0.32885575,0.4858322500000001,129.22737661323816
Hh+NTHi,Nasal Tissue,6,CD206+ Macrophages,0.8856562333333333,0.7926357,0.69210965,1.0720087,111.73559724011083
Hh+NTHi,Nasal Tissue,6,CD4+ T-cells,1.5847038833333333,1.47816685,1.318358725,1.636900225,107.20737536045633
Hh+NTHi,Nasal Tissue,6,CD64+MHCII- Macrophages,0.25735825,0.2468086,0.164152925,0.32620425,104.27442560753558
Hh+NTHi,Nasal Tissue,6,Drop,4.69105035,4.63255695,4.02087605,4.9559785750000005,101.26265905916172
Hh+NTHi,Nasal Tissue,6,Ly6C(hi)CD64(hi) Monocytes,4.77418445,4.39658865,3.85359375,5.102993325000001,108.58838135789665
Hh+NTHi,Nasal Tissue,6,Ly6C+ NK cells,1.0952213166666667,0.9847857,0.8196789999999999,1.3065428000000001,111.21417752782831
Hh+NTHi,Nasal Tissue,6,Ly6C+CD8+ T-cells,0.5265851,0.4989437500000001,0.45937704999999995,0.626709775,105.53997319337098
Hh+NTHi,Nasal Tissue,6,Ly6C- NK cells,2.8479847166666667,2.62181385,2.2372565,3.189367975,108.62650361949481
Hh+NTHi,Nasal Tissue,6,Ly6C-CD8+ T-cells,0.3828099833333333,0.34057365,0.29502069999999997,0.3891452,112.40152705100155
Hh+NTHi,Nasal Tissue,6,Monocytes,1.9439823166666668,1.9038858499999998,1.7604030499999999,2.019863975,102.10603312518273
Hh+NTHi,Nasal Tissue,6,Neutrophils,27.352133566666666,29.265229799999997,22.156411775000002,30.965492875,93.46290377212985
Hh+NTHi,Nasal Tissue,6,Unknown Myeloid,3.5527387833333335,2.87848105,2.5688828249999998,4.212442475,123.4240810212502
Hh+NTHi,Nasal Tissue,6,cDC1,0.059266120000000005,0.05093469999999999,0.039556999999999995,0.0814493,116.35706109980035
Hh+NTHi,Nasal Tissue,6,cDC2,0.05746628333333333,0.048012,0.042225975,0.069163275,119.69150073592714
Hh+NTHi,Nasal Tissue,6,moDCs,0.046161865999999996,0.016043,0.015280400000000001,0.0692247,287.73836564233613
Hh+NTHi,Nasal Tissue,6,pDCs,1.5013163999999999,1.2860692,1.0956683999999999,1.478333525,116.73682878028646
Hh+NTHi,Nasal Tissue,24,B-cells,48.35379115,50.671073899999996,46.111908475,53.70684735,95.42681342303267
Hh+NTHi,Nasal Tissue,24,CD103+CD4+ T-cells,0.4148229,0.43857140000000006,0.31486395,0.461192575,94.58503222052326
Hh+NTHi,Nasal Tissue,24,CD206+ Macrophages,1.3229976666666667,1.3590483500000001,1.156375475,1.494511175,97.34735829425544
Hh+NTHi,Nasal Tissue,24,CD4+ T-cells,1.5247831833333332,1.2160009,1.0986264,1.8030335750000002,125.39326108503153
Hh+NTHi,Nasal Tissue,24,CD64+MHCII- Macrophages,0.5482079666666667,0.5063437000000001,0.3498328,0.753388825,108.26795448756776
Hh+NTHi,Nasal Tissue,24,Drop,5.1427894,4.99524785,4.9400585999999995,5.0468816499999996,102.95363822637948
Hh+NTHi,Nasal Tissue,24,Ly6C(hi)CD64(hi) Monocytes,6.51219305,5.502068749999999,4.7427832500000005,5.996785225,118.35899087956689
Hh+NTHi,Nasal Tissue,24,Ly6C+ NK cells,0.53918325,0.5122433500000001,0.48797192500000003,0.57634975,105.25919955817872
Hh+NTHi,Nasal Tissue,24,Ly6C+CD8+ T-cells,0.61948565,0.6411737500000001,0.5621151249999999,0.7575742,96.61743794096373
Hh+NTHi,Nasal Tissue,24,Ly6C- NK cells,2.0317940666666665,2.07006955,1.8680646500000002,2.1910159499999997,98.1510049585854
Hh+NTHi,Nasal Tissue,24,Ly6C-CD8+ T-cells,0.48472029999999994,0.46434270000000005,0.325764375,0.617072625,104.38848290282152
Hh+NTHi,Nasal Tissue,24,Monocytes,2.01304235,1.7797991,1.27930105,2.8428726,113.10503247248525
Hh+NTHi,Nasal Tissue,24,Neutrophils,24.64092345,25.098648,20.89713525,30.254230425,98.17629798226581
Hh+NTHi,Nasal Tissue,24,Unknown Myeloid,3.711019416666667,3.79978235,3.142159375,4.198462500000001,97.66399953583307
Hh+NTHi,Nasal Tissue,24,cDC1,0.10932456666666666,0.1041938,0.095670625,0.1236828,104.92425333049246
Hh+NTHi,Nasal Tissue,24,cDC2,0.07481788333333333,0.06717310000000001,0.054841125000000004,0.103952825,111.38072135026272
Hh+NTHi,Nasal Tissue,24,moDCs,0.02435724833333333,0.0152106,0.01093915,0.02731955,160.13338286019837
Hh+NTHi,Nasal Tissue,24,pDCs,1.9317464833333333,1.94037595,1.7203075749999999,2.143431025,99.5552683145415
Hh+NTHi,Nasal Tissue,48,B-cells,37.93200518333333,41.1264472,38.554315125,42.917951675,92.23263317365603
Hh+NTHi,Nasal Tissue,48,CD103+CD4+ T-cells,1.4268867666666667,1.4946899,0.36570919999999996,2.4183746750000004,95.46373242146527
Hh+NTHi,Nasal Tissue,48,CD206+ Macrophages,1.9958607,1.7742821,0.899764975,2.7279633000000003,112.48835233134574
Hh+NTHi,Nasal Tissue,48,CD4+ T-cells,2.8267786666666668,2.4253528500000003,0.8383124000000001,4.476143424999999,116.55123363458915
Hh+NTHi,Nasal Tissue,48,CD64+MHCII- Macrophages,0.67586285,0.45836745,0.135142775,0.916918825,147.4500098119969
Hh+NTHi,Nasal Tissue,48,Drop,5.546146433333334,5.823477400000001,5.384580625,5.9075008,95.23770854392485
Hh+NTHi,Nasal Tissue,48,Ly6C(hi)CD64(hi) Monocytes,6.15848045,5.53483755,5.17098975,6.365422275,111.26759176518198
Hh+NTHi,Nasal Tissue,48,Ly6C+ NK cells,0.7394350166666667,0.7531701999999999,0.407212425,1.068771425,98.17635066637884
Hh+NTHi,Nasal Tissue,48,Ly6C+CD8+ T-cells,0.5967108000000001,0.58111865,0.3758758,0.745133475,102.68312675905345
Hh+NTHi,Nasal Tissue,48,Ly6C- NK cells,2.8220949,2.8474819,1.8868952250000002,3.5560463,99.10844033811067
Hh+NTHi,Nasal Tissue,48,Ly6C-CD8+ T-cells,0.5773131166666666,0.5246756499999999,0.25544402499999996,0.8135534499999999,110.03238222827125
Hh+NTHi,Nasal Tissue,48,Monocytes,2.7573232,2.1822516,2.0421746499999998,3.20586155,126.3522134661283
Hh+NTHi,Nasal Tissue,48,Neutrophils,27.455532433333328,23.307274649999997,17.078169875,30.513753175,117.79812460112463
Hh+NTHi,Nasal Tissue,48,Unknown Myeloid,5.346513716666667,5.2910999,4.06812355,7.021390050000001,101.04730240808092
Hh+NTHi,Nasal Tissue,48,cDC1,0.26919303333333333,0.22825705,0.11253615,0.40179485000000004,117.93415946334773
Hh+NTHi,Nasal Tissue,48,cDC2,0.10072375,0.08293895,0.0636566,0.148730525,121.44324228845433
Hh+NTHi,Nasal Tissue,48,moDCs,0.0059565275,0.0056314550000000005,0.004010142499999999,0.007577840000000001,105.77244246824311
Hh+NTHi,Nasal Tissue,48,pDCs,2.7691679833333334,2.57765235,1.69001435,3.52284295,107.42984729237568
Hh+NTHi,Nasal Tissue,72,B-cells,45.85461046666667,46.5584202,44.89632935,48.572751325,98.4883298653391
Hh+NTHi,Nasal Tissue,72,CD103+CD4+ T-cells,0.9337005666666667,0.6961271,0.5899817999999999,1.0955896749999998,134.12788651191235
Hh+NTHi,Nasal Tissue,72,CD206+ Macrophages,1.7584477500000002,1.5623782499999999,1.372574775,2.3912287500000002,112.54942585126236
Hh+NTHi,Nasal Tissue,72,CD4+ T-cells,2.5572955166666667,2.36115425,1.4697548500000002,3.4160656499999997,108.3070077554936
Hh+NTHi,Nasal Tissue,72,CD64+MHCII- Macrophages,0.5764335666666667,0.56192435,0.32032947500000003,0.6616106,102.58205871780903
Hh+NTHi,Nasal Tissue,72,Drop,5.605565416666666,5.61131615,5.465909225,5.9143109,99.8975154281169
Hh+NTHi,Nasal Tissue,72,Ly6C(hi)CD64(hi) Monocytes,5.682259116666668,5.920201,4.455561950000001,6.384816075000001,95.98084789125687
Hh+NTHi,Nasal Tissue,72,Ly6C+ NK cells,0.4874326666666666,0.40292445,0.32218012500000004,0.6832884,120.97371273117494
Hh+NTHi,Nasal Tissue,72,Ly6C+CD8+ T-cells,0.5377156,0.54854415,0.4159025,0.700481875,98.02594741006718
Hh+NTHi,Nasal Tissue,72,Ly6C- NK cells,1.7267337166666668,1.5462398,1.4949135249999999,1.9449808499999999,111.67308697309866
Hh+NTHi,Nasal Tissue,72,Ly6C-CD8+ T-cells,0.3992030000000001,0.3069195,0.25546080000000004,0.44258902499999997,130.06765617694543
Hh+NTHi,Nasal Tissue,72,Monocytes,2.2341200166666666,2.28241065,2.0085205000000004,2.39789495,97.88422677867659
Hh+NTHi,Nasal Tissue,72,Neutrophils,24.78905815,22.83603255,17.312024425,29.001533525,108.55238577771252
Hh+NTHi,Nasal Tissue,72,Unknown Myeloid,4.221387483333333,4.06291635,2.9886988999999997,5.414399574999999,103.90042815755567
Hh+NTHi,Nasal Tissue,72,cDC1,0.26922558333333335,0.1977502,0.192765825,0.27637467499999996,136.14427865728246
Hh+NTHi,Nasal Tissue,72,cDC2,0.058945166666666673,0.045286099999999996,0.033683950000000004,0.0803052,130.16171996852606
Hh+NTHi,Nasal Tissue,72,moDCs,0.012276649999999998,0.012488599999999999,0.00348274,0.0201118,98.30285220120749
Hh+NTHi,Nasal Tissue,72,pDCs,2.297635683333333,1.963165,1.943396525,2.546679675,117.03731898914931
Hh+NTHi,Nasal Tissue,96,B-cells,39.44955805,40.66825895,33.796595725,46.231281075000005,97.00331184204775
Hh+NTHi,Nasal Tissue,96,CD103+CD4+ T-cells,1.0546117666666668,0.7056138,0.54729445,1.378433,149.4601957425814
Hh+NTHi,Nasal Tissue,96,CD206+ Macrophages,1.854337216666667,1.4576996500000001,1.326855425,2.6421051,127.20982794135038
Hh+NTHi,Nasal Tissue,96,CD4+ T-cells,3.4958863166666667,2.9010627,1.7169457,4.538519975,120.50364566979769
Hh+NTHi,Nasal Tissue,96,CD64+MHCII- Macrophages,0.43044675,0.34072355000000004,0.151565625,0.6155536,126.33313723104844
Hh+NTHi,Nasal Tissue,96,Drop,6.980201783333334,6.823799,6.3689361,8.032271125000001,102.2920192012299
Hh+NTHi,Nasal Tissue,96,Ly6C(hi)CD64(hi) Monocytes,5.630930533333333,5.50997545,5.100996524999999,6.03476015,102.19520185581467
Hh+NTHi,Nasal Tissue,96,Ly6C+ NK cells,0.3362630166666667,0.36337179999999997,0.21005665,0.435448525,92.53965681064594
Hh+NTHi,Nasal Tissue,96,Ly6C+CD8+ T-cells,0.42634748333333333,0.30920595,0.2896871,0.44362817500000007,137.88463104714944
Hh+NTHi,Nasal Tissue,96,Ly6C- NK cells,1.8335504333333332,1.7224818499999999,1.625469475,1.9620508500000002,106.44817147613679
Hh+NTHi,Nasal Tissue,96,Ly6C-CD8+ T-cells,0.46825085,0.29288624999999996,0.217918925,0.528495475,159.87464416646398
Hh+NTHi,Nasal Tissue,96,Monocytes,2.915666616666667,3.0230209,2.485067225,3.5567806500000008,96.4487746898034
Hh+NTHi,Nasal Tissue,96,Neutrophils,28.82884955,28.352974200000002,24.264280574999997,34.461781575,101.67839658246504
Hh+NTHi,Nasal Tissue,96,Unknown Myeloid,4.004025316666667,3.5427324999999996,3.084959675,4.578842174999999,113.02081985209628
Hh+NTHi,Nasal Tissue,96,cDC1,0.19072325,0.1389112,0.09834564999999999,0.2200372,137.29868433934774
Hh+NTHi,Nasal Tissue,96,cDC2,0.07050475,0.06473645,0.051368625,0.08337355,108.91043608353563
Hh+NTHi,Nasal Tissue,96,moDCs,0.005587628333333334,0.0052376,0.0050203975,0.006871335,106.68299093732499
Hh+NTHi,Nasal Tissue,96,pDCs,2.02425865,1.81582445,1.7751464000000001,2.02165835,111.47876381992765
Hh+NTHi,Nasal Tissue,144,B-cells,33.7488407,34.25514075,33.101682624999995,36.6231803,98.52197352305436
Hh+NTHi,Nasal Tissue,144,CD103+CD4+ T-cells,1.7247920666666667,1.48266415,1.22634075,1.82468135,116.33059763849197
Hh+NTHi,Nasal Tissue,144,CD206+ Macrophages,1.0188763666666667,0.87625785,0.701814875,1.0752469,116.27586179874643
Hh+NTHi,Nasal Tissue,144,CD4+ T-cells,4.020488383333333,3.06749615,2.630612775,4.668185950000001,131.0674304622463
Hh+NTHi,Nasal Tissue,144,CD64+MHCII- Macrophages,0.18846278333333333,0.16028384999999998,0.134012175,0.2648487,117.58064417178234
Hh+NTHi,Nasal Tissue,144,Drop,6.800033833333334,6.653110900000001,6.172398125000001,7.790676900000001,102.20833434977511
Hh+NTHi,Nasal Tissue,144,Ly6C(hi)CD64(hi) Monocytes,6.9842263000000004,6.44016935,5.884205550000001,8.069504875,108.4478671356678
Hh+NTHi,Nasal Tissue,144,Ly6C+ NK cells,0.37438371666666664,0.36007219999999995,0.31635474999999996,0.43397309999999995,103.97462416333909
Hh+NTHi,Nasal Tissue,144,Ly6C+CD8+ T-cells,0.38653441666666666,0.3582924,0.31059780000000003,0.43935892499999996,107.88239344922377
Hh+NTHi,Nasal Tissue,144,Ly6C- NK cells,1.4606007166666668,1.4634306,1.35687325,1.5589445,99.80662674859107
Hh+NTHi,Nasal Tissue,144,Ly6C-CD8+ T-cells,0.4111412333333333,0.42431659999999993,0.35193965,0.4624232000000001,96.89492075806918
Hh+NTHi,Nasal Tissue,144,Monocytes,4.587358483333333,4.58043745,3.9195675,5.453225450000001,100.15109983290643
Hh+NTHi,Nasal Tissue,144,Neutrophils,31.8134036,29.783407,24.76832,35.023962749999995,106.81586428308891
Hh+NTHi,Nasal Tissue,144,Unknown Myeloid,3.985408483333333,3.6614703,3.058353675,4.9682759999999995,108.84721592124707
Hh+NTHi,Nasal Tissue,144,cDC1,0.20108533333333337,0.1823791,0.125611525,0.23591222500000003,110.25678563680455
Hh+NTHi,Nasal Tissue,144,cDC2,0.06361676666666666,0.0629106,0.05523044999999999,0.077393175,101.12249234098334
Hh+NTHi,Nasal Tissue,144,moDCs,0.010907499999999999,0.010907499999999999,0.010907499999999999,0.010907499999999999,100
Hh+NTHi,Nasal Tissue,144,pDCs,2.2289289666666665,2.2368444000000003,2.1678598,2.3504978,99.64613393165239
Hh+NTHi,Spleen,2,B-cells,55.438427383333334,55.44374700000001,54.35648737500001,56.3799915,99.99040538030974
Hh+NTHi,Spleen,2,CD103+CD4+ T-cells,0.6828199833333333,0.6295576,0.58674415,0.6676198,108.46028756277953
Hh+NTHi,Spleen,2,CD206+ Macrophages,1.15583725,1.1136773500000001,0.9615336250000001,1.2827074,103.78564761149178
Hh+NTHi,Spleen,2,CD4+ T-cells,20.599316483333332,20.7392184,20.296866299999998,20.993373674999997,99.32542338882614
Hh+NTHi,Spleen,2,CD64+MHCII- Macrophages,0.008839643,0.007419425,0.0050028699999999995,0.01023999,119.14188767997518
Hh+NTHi,Spleen,2,Drop,2.6835605666666664,2.0727496999999997,1.9566486249999997,2.765537325,129.46862646592913
Hh+NTHi,Spleen,2,Ly6C(hi)CD64(hi) Monocytes,0.33562820000000004,0.35313115,0.30687780000000003,0.36971787500000003,95.04349871145608
Hh+NTHi,Spleen,2,Ly6C+ NK cells,1.4271502999999999,1.36614725,1.0613125250000002,1.7623625,104.46533490441823
Hh+NTHi,Spleen,2,Ly6C+CD8+ T-cells,6.8248730333333345,7.162266300000001,6.194616075,7.736876099999999,95.28929458170711
Hh+NTHi,Spleen,2,Ly6C- NK cells,2.086161683333333,1.9016134,1.74954855,2.0793626,109.70482661372354
Hh+NTHi,Spleen,2,Ly6C-CD8+ T-cells,5.784426916666667,5.5186585,5.083634425,6.1025350000000005,104.8158155947984
Hh+NTHi,Spleen,2,Monocytes,0.25675775,0.27448575000000003,0.17522359999999998,0.33508060000000006,93.54137692029549
Hh+NTHi,Spleen,2,Neutrophils,0.28908208333333335,0.2498088,0.12603165,0.378395475,115.72133701188004
Hh+NTHi,Spleen,2,Unknown Myeloid,0.5264799166666666,0.53031595,0.5114858,0.551106675,99.27665133712584
Hh+NTHi,Spleen,2,cDC1,0.4070671333333334,0.42527735,0.360121,0.43247302500000007,95.71803749560925
Hh+NTHi,Spleen,2,cDC2,0.7637234666666667,0.7325857499999999,0.686788625,0.842275525,104.25038525069137
Hh+NTHi,Spleen,2,moDCs,0.0037549966666666663,0.0025292400000000003,0.0017030525,0.0045355824999999995,148.46343829239873
Hh+NTHi,Spleen,2,pDCs,0.7260932166666667,0.6777216500000001,0.593126975,0.84212765,107.13737958152387
Hh+NTHi,Spleen,6,B-cells,49.977649783333334,50.6533024,49.173521400000006,51.890758475,98.66612326412371
Hh+NTHi,Spleen,6,CD103+CD4+ T-cells,0.5194094166666666,0.53636435,0.46457752499999994,0.5813774500000001,96.83891494031373
Hh+NTHi,Spleen,6,CD206+ Macrophages,1.1949922833333333,1.15342605,0.8968155,1.455029325,103.60371896692754
Hh+NTHi,Spleen,6,CD4+ T-cells,22.116035633333333,22.13050685,21.328545050000002,23.819924525,99.9346096464724
Hh+NTHi,Spleen,6,CD64+MHCII- Macrophages,0.007427092000000001,0.0063284100000000005,0.006106820000000001,0.00711567,117.36110650226519
Hh+NTHi,Spleen,6,Drop,1.6120656166666667,1.613202,1.400203475,1.7079634,99.92955728214238
Hh+NTHi,Spleen,6,Ly6C(hi)CD64(hi) Monocytes,0.45159345,0.48615085,0.341797675,0.5522881000000001,92.89163024193005
Hh+NTHi,Spleen,6,Ly6C+ NK cells,0.8289802166666668,0.77622485,0.7587477,1.029712225,106.7964027004117
Hh+NTHi,Spleen,6,Ly6C+CD8+ T-cells,8.764251566666667,8.46560175,6.9775136,9.674636275,103.52780375791559
Hh+NTHi,Spleen,6,Ly6C- NK cells,1.2418498833333333,1.25313095,1.0714647,1.4228856249999997,99.09976952794385
Hh+NTHi,Spleen,6,Ly6C-CD8+ T-cells,6.681626383333334,6.8566772,5.4612012000000005,7.945545399999999,97.44700222045357
Hh+NTHi,Spleen,6,Monocytes,0.22769628333333333,0.2244061,0.18117100000000003,0.25023205000000004,101.46617375077295
Hh+NTHi,Spleen,6,Neutrophils,3.9828103166666664,3.7765129,2.5617276,4.78086335,105.46264297592273
Hh+NTHi,Spleen,6,Unknown Myeloid,0.5605373833333334,0.5530806,0.518480375,0.5845009,101.34822724451612
Hh+NTHi,Spleen,6,cDC1,0.33624391666666664,0.3341385,0.28522895,0.362880475,100.63010298623674
Hh+NTHi,Spleen,6,cDC2,0.6747818833333333,0.6602972,0.5504505,0.808395925,102.19366117762326
Hh+NTHi,Spleen,6,moDCs,0.0037816833333333333,0.003959995,0.0020760325,0.005343505,95.49717444929433
Hh+NTHi,Spleen,6,pDCs,0.8195050666666667,0.81863935,0.7718994,0.8434569499999999,100.10575067844793
Hh+NTHi,Spleen,24,B-cells,47.86127976666666,48.1611725,46.883890975,50.299259175,99.37731430161229
Hh+NTHi,Spleen,24,CD103+CD4+ T-cells,0.5805259333333334,0.54303855,0.535870325,0.606089125,106.90326374312346
Hh+NTHi,Spleen,24,CD206+ Macrophages,1.4851025833333333,1.4312519,1.186004225,1.7836909250000001,103.76248816391673
Hh+NTHi,Spleen,24,CD4+ T-cells,23.6609226,23.60811565,22.6424939,24.58441095,100.22368134239466
Hh+NTHi,Spleen,24,CD64+MHCII- Macrophages,0.009699572666666666,0.00792591,0.0046294675,0.012478775,122.37803188109211
Hh+NTHi,Spleen,24,Drop,2.537149783333333,2.5455975,2.0677574,3.0164071,99.66814405393364
Hh+NTHi,Spleen,24,Ly6C(hi)CD64(hi) Monocytes,0.37094771666666665,0.24309809999999996,0.213997675,0.3590675,152.59177947777738
Hh+NTHi,Spleen,24,Ly6C+ NK cells,0.7865790333333335,0.8638170000000001,0.5989705,0.9171573500000002,91.05852667096542
Hh+NTHi,Spleen,24,Ly6C+CD8+ T-cells,9.294419016666666,9.277505150000001,8.690993,9.814971050000002,100.18231050690028
Hh+NTHi,Spleen,24,Ly6C- NK cells,1.4076153666666666,1.3118781,1.15420115,1.385868175,107.29772580750199
Hh+NTHi,Spleen,24,Ly6C-CD8+ T-cells,7.379851649999999,7.218831300000001,6.5816549,7.8888781,102.2305598137471
Hh+NTHi,Spleen,24,Monocytes,0.26428208333333336,0.1196993,0.11094157500000001,0.39899027499999995,220.7883281968511
Hh+NTHi,Spleen,24,Neutrophils,1.9550325833333333,2.2929150500000004,0.9018552500000001,2.7575873,85.26406520526493
Hh+NTHi,Spleen,24,Unknown Myeloid,0.7015506666666667,0.66351425,0.6320859249999999,0.8155114499999999,105.73256967226652
Hh+NTHi,Spleen,24,cDC1,0.3911712166666667,0.3407907,0.314627275,0.388899875,114.78341887459567
Hh+NTHi,Spleen,24,cDC2,0.6862873666666667,0.6675537,0.6387206750000001,0.68657785,102.80631605617145
Hh+NTHi,Spleen,24,moDCs,0.008825558333333334,0.008294405,0.006030307500000001,0.0122181025,106.40375449876555
Hh+NTHi,Spleen,24,pDCs,0.6187575333333334,0.5616811,0.503399675,0.7144212000000001,110.16171513218683
Hh+NTHi,Spleen,48,B-cells,56.53434566666667,56.1527524,54.704450075,57.97244535,100.67956288936368
Hh+NTHi,Spleen,48,CD103+CD4+ T-cells,0.60636875,0.59981195,0.5786178000000001,0.6178935249999999,101.09314260911275
Hh+NTHi,Spleen,48,CD206+ Macrophages,1.47775085,1.4594794500000001,1.343279575,1.761636725,101.25191211154086
Hh+NTHi,Spleen,48,CD4+ T-cells,20.24249525,19.5262366,17.9758987,22.327033375,103.66818586024917
Hh+NTHi,Spleen,48,CD64+MHCII- Macrophages,0.012805790000000001,0.0127658,0.0061476000000000005,0.0172495,100.31325886352597
Hh+NTHi,Spleen,48,Drop,1.9061825833333335,1.9023877500000002,1.7890599,2.038075275,100.19947738484613
Hh+NTHi,Spleen,48,Ly6C(hi)CD64(hi) Monocytes,0.33189803333333334,0.27026239999999996,0.22861622500000003,0.43477012499999995,122.8058484396399
Hh+NTHi,Spleen,48,Ly6C+ NK cells,1.1183244,1.0407024,0.9559377000000001,1.176852225,107.45861641137755
Hh+NTHi,Spleen,48,Ly6C+CD8+ T-cells,6.718805833333333,6.29726255,5.8117923000000005,7.460646625000001,106.69407190801236
Hh+NTHi,Spleen,48,Ly6C- NK cells,1.6945979,1.6402297,1.4827524,1.8650179999999998,103.31466989044277
Hh+NTHi,Spleen,48,Ly6C-CD8+ T-cells,5.520731333333333,5.3887103000000005,4.8292422,5.919345925,102.44995603740902
Hh+NTHi,Spleen,48,Monocytes,0.29264015,0.25285155,0.2362613,0.34382942499999997,115.73595257770815
Hh+NTHi,Spleen,48,Neutrophils,0.7092319666666667,0.5420451,0.503609725,0.9610161499999998,130.84371884676509
Hh+NTHi,Spleen,48,Unknown Myeloid,0.79646375,0.7509529500000001,0.704941875,0.8017820999999999,106.0604063144036
Hh+NTHi,Spleen,48,cDC1,0.4335932666666667,0.3895809,0.31606135,0.48317135,111.29736254181523
Hh+NTHi,Spleen,48,cDC2,0.8593871833333334,0.87469665,0.81507925,0.901478,98.24973987648558
Hh+NTHi,Spleen,48,moDCs,0.012788743333333333,0.0109236,0.0054520424999999996,0.019185374999999998,117.07443821939043
Hh+NTHi,Spleen,48,pDCs,0.7337228,0.7368173,0.7001459999999999,0.8034461500000001,99.58001800446326
Hh+NTHi,Spleen,72,B-cells,53.20876033333334,52.9312617,52.373545975,55.474244075,100.52426226849857
Hh+NTHi,Spleen,72,CD103+CD4+ T-cells,0.7489968666666666,0.728322,0.7003450999999999,0.7901855500000001,102.83869863421215
Hh+NTHi,Spleen,72,CD206+ Macrophages,1.1691114999999999,0.9970250999999999,0.7602329499999999,1.316810525,117.25998673453657
Hh+NTHi,Spleen,72,CD4+ T-cells,21.826903383333335,21.7896098,19.0974042,22.3603864,100.17115305723985
Hh+NTHi,Spleen,72,CD64+MHCII- Macrophages,0.006651825666666667,0.006629885,0.001764377,0.010979885,100.33093585585068
Hh+NTHi,Spleen,72,Drop,2.1078623833333334,2.1127995,1.8147792,2.3639424000000004,99.76632346483106
Hh+NTHi,Spleen,72,Ly6C(hi)CD64(hi) Monocytes,0.4422595833333333,0.42645619999999995,0.3104262,0.521336275,103.7057459437413
Hh+NTHi,Spleen,72,Ly6C+ NK cells,1.3621463833333334,1.32263425,1.210514175,1.615722575,102.98738168419072
Hh+NTHi,Spleen,72,Ly6C+CD8+ T-cells,7.971839233333333,8.077668150000001,7.589209575,8.458803075,98.68985807907116
Hh+NTHi,Spleen,72,Ly6C- NK cells,2.0909273166666664,1.9517624500000001,1.8423313000000001,2.2682117500000003,107.13021539412577
Hh+NTHi,Spleen,72,Ly6C-CD8+ T-cells,5.463506283333333,5.353150349999999,5.2446061,6.0844379,102.0615138024908
Hh+NTHi,Spleen,72,Monocytes,0.23815199999999997,0.22612184999999999,0.17454735000000002,0.297415275,105.3202067823167
Hh+NTHi,Spleen,72,Neutrophils,0.49033029999999994,0.256112,0.22551002500000003,0.30290505,191.4515134003873
Hh+NTHi,Spleen,72,Unknown Myeloid,0.6651207166666667,0.6800557500000001,0.6189188750000001,0.7123028499999999,97.80385162049828
Hh+NTHi,Spleen,72,cDC1,0.44170971666666664,0.4127113,0.39095912499999996,0.4257937,107.02632001272237
Hh+NTHi,Spleen,72,cDC2,0.9306253333333334,0.95007025,0.842963175,1.0618056500000002,97.95331801341358
Hh+NTHi,Spleen,72,moDCs,0.008831891666666666,0.008244660000000001,0.0038750225000000003,0.013482557499999999,107.12256984116586
Hh+NTHi,Spleen,72,pDCs,0.8262649666666667,0.8233849000000002,0.7996392750000001,0.8791862749999999,100.34978376050697
Hh+NTHi,Spleen,96,B-cells,52.8784614,53.8114404,49.8072206,55.651852975,98.26620697557094
Hh+NTHi,Spleen,96,CD103+CD4+ T-cells,0.6621135166666667,0.65475835,0.600222625,0.732862825,101.12334064417303
Hh+NTHi,Spleen,96,CD206+ Macrophages,1.6362821333333333,1.49501355,1.461590875,1.74278135,109.44931792312742
Hh+NTHi,Spleen,96,CD4+ T-cells,21.41899065,20.814737700000002,19.951145675,23.242501299999997,102.90300535471076
Hh+NTHi,Spleen,96,CD64+MHCII- Macrophages,0.005520975,0.00622609,0.00469848,0.0070485850000000004,88.67483444665913
Hh+NTHi,Spleen,96,Drop,2.1516033833333332,2.2119583499999997,1.949605425,2.306620425,97.27142390964701
Hh+NTHi,Spleen,96,Ly6C(hi)CD64(hi) Monocytes,0.41859041666666663,0.40611959999999997,0.35430534999999996,0.45812262500000006,103.07072514270837
Hh+NTHi,Spleen,96,Ly6C+ NK cells,1.1559931833333335,1.10951705,0.9844411500000001,1.3185303249999998,104.18886157119745
Hh+NTHi,Spleen,96,Ly6C+CD8+ T-cells,7.486348983333333,7.43620745,7.03777855,7.794179549999999,100.67428906025656
Hh+NTHi,Spleen,96,Ly6C- NK cells,2.3717936333333336,2.06441945,2.027935075,2.6401304999999997,114.88913424708016
Hh+NTHi,Spleen,96,Ly6C-CD8+ T-cells,5.764098916666667,5.8178148499999995,4.9675305,6.37104775,99.0766991607969
Hh+NTHi,Spleen,96,Monocytes,0.3027741666666667,0.31352430000000003,0.24452245,0.3638222,96.57119612950787
Hh+NTHi,Spleen,96,Neutrophils,0.61464255,0.5146874,0.345759325,0.79958115,119.42055507867492
Hh+NTHi,Spleen,96,Unknown Myeloid,0.8000887333333333,0.8131061,0.768946,0.84247875,98.3990568184562
Hh+NTHi,Spleen,96,cDC1,0.5398709166666666,0.50610405,0.4096358499999999,0.6913583,106.67192184426632
Hh+NTHi,Spleen,96,cDC2,0.95820115,0.98464495,0.89411105,1.022183625,97.31438220446873
Hh+NTHi,Spleen,96,moDCs,0.011869183333333333,0.012876700000000001,0.007246495,0.0167524,92.17566094832786
Hh+NTHi,Spleen,96,pDCs,0.8245965166666668,0.87071235,0.7662146,0.8829157750000001,94.70366610358366
Hh+NTHi,Spleen,144,B-cells,50.76321703333333,48.5875409,44.6220436,54.555828674999994,104.47784780425744
Hh+NTHi,Spleen,144,CD103+CD4+ T-cells,0.7700894166666666,0.76607055,0.6912971250000001,0.8495973,100.52460790545553
Hh+NTHi,Spleen,144,CD206+ Macrophages,1.30873455,1.4167277999999999,0.9184907499999999,1.6057370000000002,92.37727600178384
Hh+NTHi,Spleen,144,CD4+ T-cells,22.35104876666667,24.47071165,19.764571975,26.224093975000002,91.33795978780482
Hh+NTHi,Spleen,144,CD64+MHCII- Macrophages,0.006425933333333333,0.00674564,0.0052454525,0.007590905,95.26054360050837
Hh+NTHi,Spleen,144,Drop,2.3203458833333332,1.9706049000000003,1.7735140249999999,2.8668058,117.74789981154177
Hh+NTHi,Spleen,144,Ly6C(hi)CD64(hi) Monocytes,0.28049446666666666,0.2768883,0.21881295,0.3687267,101.3023904103809
Hh+NTHi,Spleen,144,Ly6C+ NK cells,1.2104531666666667,1.1497982,0.98961275,1.3827635,105.27527062285075
Hh+NTHi,Spleen,144,Ly6C+CD8+ T-cells,8.448210733333333,8.2559022,7.5912799500000006,9.650350125000001,102.32934606872321
Hh+NTHi,Spleen,144,Ly6C- NK cells,1.9875673833333334,1.87827405,1.7897692749999998,2.2080922999999997,105.8188171919499
Hh+NTHi,Spleen,144,Ly6C-CD8+ T-cells,6.1719758166666665,6.1761894999999996,5.71665115,7.2387334,99.93177535544639
Hh+NTHi,Spleen,144,Monocytes,0.3331026333333333,0.37784710000000005,0.24635375,0.39052035000000007,88.15804946851074
Hh+NTHi,Spleen,144,Neutrophils,0.8965955666666666,0.8406679,0.6797286,1.0577939749999998,106.65276581473691
Hh+NTHi,Spleen,144,Unknown Myeloid,0.8219802666666667,0.8236288500000001,0.7642457,0.855973525,99.79983904967227
Hh+NTHi,Spleen,144,cDC1,0.43917795,0.4264421500000001,0.41859555,0.46244862500000006,102.98652466694485
Hh+NTHi,Spleen,144,cDC2,1.0335647333333333,1.06667945,0.9662418750000002,1.21266625,96.89553251760248
Hh+NTHi,Spleen,144,moDCs,0.011100038333333334,0.007909449999999998,0.0078774675,0.014276689999999998,140.3389405500172
Hh+NTHi,Spleen,144,pDCs,0.8459156833333333,0.80172005,0.745231175,0.961102925,105.51260172841297
Pam10ug,Lung,6,B-cells,14.5955524,14.50889925,12.552315450000002,16.5521362,100.59724137928659
Pam10ug,Lung,6,CD103+CD4+ T-cells,0.856959975,0.76723855,0.622644175,1.00155435,111.69407155049755
Pam10ug,Lung,6,CD206+ Macrophages,0.364288575,0.36841755000000004,0.3418078,0.39089832500000005,98.87926755932229
Pam10ug,Lung,6,CD4+ T-cells,20.257267725,21.734748749999998,16.131123575,25.8608929,93.20221714088137
Pam10ug,Lung,6,CD64+MHCII- Macrophages,0.04204935,0.03659985,0.033404775,0.045244425,114.88940528444786
Pam10ug,Lung,6,Drop,4.617977175,4.87581695,2.85651305,6.637281075,94.71186515728405
Pam10ug,Lung,6,Ly6C(hi)CD64(hi) Monocytes,5.471770650000001,4.68366825,4.030010225,6.125428675,116.82660594076022
Pam10ug,Lung,6,Ly6C+ NK cells,4.446800325,4.4860153,3.47444385,5.458371775,99.1258394727276
Pam10ug,Lung,6,Ly6C+CD8+ T-cells,4.6167663999999995,4.3769454,3.613337025,5.380374775000001,105.47918646643386
Pam10ug,Lung,6,Ly6C- NK cells,7.87170935,8.020521850000002,5.2173110750000005,10.674920125000002,98.14460327166864
Pam10ug,Lung,6,Ly6C-CD8+ T-cells,3.9534266,4.007681150000001,3.0670037500000005,4.894104,98.64623586634379
Pam10ug,Lung,6,Monocytes,3.1593551499999997,2.5793824,2.3533239,3.38541365,122.48494639647069
Pam10ug,Lung,6,Neutrophils,22.7062442,18.905774049999998,7.133065200000001,34.47895305,120.10216635377593
Pam10ug,Lung,6,Unknown Myeloid,3.10385755,2.8191889,2.22411745,3.698929,110.0975372739301
Pam10ug,Lung,6,cDC1,0.33757739999999997,0.33904664999999995,0.325440075,0.35118397500000004,99.56665255356454
Pam10ug,Lung,6,cDC2,0.126080825,0.11472335,0.11061715000000001,0.130187025,109.89988088736948
Pam10ug,Lung,6,moDCs,3.161397925,3.1943467500000002,1.70701395,4.648730725,98.96852697660327
Pam10ug,Lung,6,pDCs,0.310918475,0.30764155,0.25167492500000005,0.36688509999999996,101.06517633915186
Pam10ug,Lung,24,B-cells,29.4052689,29.54697075,27.7356844,31.21655525,99.52041834948511
Pam10ug,Lung,24,CD103+CD4+ T-cells,1.3088103,1.0997988,0.9645771750000001,1.4440319250000002,119.0045215543061
Pam10ug,Lung,24,CD206+ Macrophages,0.9487546500000001,0.9059468000000002,0.5844827,1.27021875,104.72520571848148
Pam10ug,Lung,24,CD4+ T-cells,21.851024175,22.124386,20.846940825,23.128469349999996,98.76443203892752
Pam10ug,Lung,24,CD64+MHCII- Macrophages,0.43889360000000005,0.4303876,0.34682182500000003,0.5224593750000001,101.9763580549254
Pam10ug,Lung,24,Drop,5.9985659,6.0407002,4.8744958249999994,7.164770275,99.30249311164292
Pam10ug,Lung,24,Ly6C(hi)CD64(hi) Monocytes,2.3203554,1.7196943999999998,1.424283825,2.615765975,134.9283570383203
Pam10ug,Lung,24,Ly6C+ NK cells,3.8308962500000003,3.8962250500000004,3.4246995499999997,4.302421750000001,98.32327960624349
Pam10ug,Lung,24,Ly6C+CD8+ T-cells,4.424782575,4.381766900000001,3.995009,4.811540475,100.9816970181595
Pam10ug,Lung,24,Ly6C- NK cells,5.264507875,5.25896245,5.003389425,5.5200809,100.10544713054568
Pam10ug,Lung,24,Ly6C-CD8+ T-cells,4.09236965,4.15508895,3.9377378500000004,4.30972075,98.49054254301825
Pam10ug,Lung,24,Monocytes,1.830751475,1.5821478,1.38209125,2.030808025,115.71305000708531
Pam10ug,Lung,24,Neutrophils,5.482170925,4.9702053500000005,4.496808975,5.9555673,110.3006926061918
Pam10ug,Lung,24,Unknown Myeloid,5.909981625,5.3226239,5.230932175,6.00167335,111.03511606371437
Pam10ug,Lung,24,cDC1,0.852615525,0.9452695000000001,0.6624326999999999,1.135452325,90.19814190556238
Pam10ug,Lung,24,cDC2,0.23791292499999997,0.2163704,0.20783629999999997,0.246447025,109.95631796216117
Pam10ug,Lung,24,moDCs,5.244857225,5.155188450000001,4.102027325,6.298018350000001,101.73938888693776
Pam10ug,Lung,24,pDCs,0.5574809749999999,0.5883389,0.5269625499999999,0.6188573249999999,94.75507653836928
Pam10ug,Nasal Tissue,6,B-cells,44.994668475,51.52075725,34.637932025,61.877493699999995,87.33308840292715
Pam10ug,Nasal Tissue,6,CD103+CD4+ T-cells,0.476830925,0.5087776,0.3832528,0.602355725,93.72089592780813
Pam10ug,Nasal Tissue,6,CD206+ Macrophages,0.6334912,0.60451705,0.49738685,0.7406214,104.79294173754074
Pam10ug,Nasal Tissue,6,CD4+ T-cells,1.86433475,1.9894271,1.3648289999999998,2.4889328500000003,93.71214205335798
Pam10ug,Nasal Tissue,6,CD64+MHCII- Macrophages,0.1271027,0.1229006,0.10923402499999998,0.140769275,103.41910454464829
Pam10ug,Nasal Tissue,6,Drop,4.896334125,4.97792105,3.1478911999999997,6.726363974999999,98.36102412672857
Pam10ug,Nasal Tissue,6,Ly6C(hi)CD64(hi) Monocytes,3.359963775,2.5642874,1.746812,4.177439175,131.02914185828
Pam10ug,Nasal Tissue,6,Ly6C+ NK cells,0.46061545,0.4078294499999999,0.302589875,0.565855025,112.9431555273902
Pam10ug,Nasal Tissue,6,Ly6C+CD8+ T-cells,0.3994634,0.4309533,0.2992788,0.5311379,92.69296696416991
Pam10ug,Nasal Tissue,6,Ly6C- NK cells,1.8313823249999999,1.8691220000000002,1.3143105,2.386193825,97.98088755041135
Pam10ug,Nasal Tissue,6,Ly6C-CD8+ T-cells,0.3974148,0.41652225000000004,0.2616861,0.55225095,95.41262201479032
Pam10ug,Nasal Tissue,6,Monocytes,1.3307325,1.2178655999999999,1.157397875,1.391200225,109.2675989862921
Pam10ug,Nasal Tissue,6,Neutrophils,34.649674475,27.987706349999996,13.9506133,48.68676752499999,123.80319430856113
Pam10ug,Nasal Tissue,6,Unknown Myeloid,3.33619395,3.2002774499999997,2.4278031999999996,4.1086682,104.24702239488643
Pam10ug,Nasal Tissue,6,cDC1,0.048814300000000005,0.05373575,0.044442775,0.058107275,90.84138585578503
Pam10ug,Nasal Tissue,6,cDC2,0.037063374999999996,0.03103035,0.026950349999999998,0.041143374999999996,119.4423362933386
Pam10ug,Nasal Tissue,6,moDCs,0.03667874,0.03764065,0.02939514,0.044924250000000006,97.44449152711232
Pam10ug,Nasal Tissue,6,pDCs,1.119240725,0.8951320500000001,0.791787725,1.22258505,125.0363815037122
Pam10ug,Nasal Tissue,24,B-cells,46.063457575,54.714974399999996,41.832012625000004,58.94641935,84.1880272816138
Pam10ug,Nasal Tissue,24,CD103+CD4+ T-cells,1.2331705,1.0546278999999998,0.765324375,1.522474025,116.92944023195291
Pam10ug,Nasal Tissue,24,CD206+ Macrophages,1.25397355,1.2591556,1.15297085,1.3601583000000002,99.58845038691008
Pam10ug,Nasal Tissue,24,CD4+ T-cells,1.882599325,1.9419855,1.8198721999999996,2.0047126250000002,96.94198669351547
Pam10ug,Nasal Tissue,24,CD64+MHCII- Macrophages,1.7383390500000002,1.0564955,0.617950175,2.176884375,164.53823513682738
Pam10ug,Nasal Tissue,24,Drop,4.8910178,4.8678967,4.658663425,5.100251075,100.47497104858449
Pam10ug,Nasal Tissue,24,Ly6C(hi)CD64(hi) Monocytes,5.695007674999999,3.4756404499999998,1.7862809,7.384367224999999,163.85491413532145
Pam10ug,Nasal Tissue,24,Ly6C+ NK cells,0.73724705,0.75339225,0.56357065,0.92706865,97.8569994581176
Pam10ug,Nasal Tissue,24,Ly6C+CD8+ T-cells,0.514092875,0.5789897,0.5081095499999999,0.584973025,88.79136796388605
Pam10ug,Nasal Tissue,24,Ly6C- NK cells,2.8478288,2.7290684499999998,2.2693037499999997,3.3075934999999994,104.35168088217061
Pam10ug,Nasal Tissue,24,Ly6C-CD8+ T-cells,0.483261975,0.5195709500000001,0.44220695000000004,0.560625975,93.01173882027084
Pam10ug,Nasal Tissue,24,Monocytes,3.755466825,3.6164020500000005,3.1484509000000003,4.223417975,103.84539033761469
Pam10ug,Nasal Tissue,24,Neutrophils,21.984187875,17.25035395,12.60483335,26.629708475,127.44195243019927
Pam10ug,Nasal Tissue,24,Unknown Myeloid,4.9625183,5.340614400000001,4.9249655500000005,5.37816715,92.920363245097775
Pam10ug,Nasal Tissue,24,cDC1,0.08218255,0.08917434999999999,0.0642121,0.1071448,92.15940458214723
Pam10ug,Nasal Tissue,24,cDC2,0.188261625,0.1737742,0.11366252499999999,0.24837330000000002,108.33692515920083
Pam10ug,Nasal Tissue,24,moDCs,0.01329337,0.008080335000000001,0.0056832875,0.0156904175,164.51508508001214
Pam10ug,Nasal Tissue,24,pDCs,1.6740933249999999,1.5911642,1.5610152249999998,1.7042423000000002,105.21185211431981
Pam10ug,Spleen,6,B-cells,46.59276775,45.13426965,44.3919614,47.335076,103.23146494074264
Pam10ug,Spleen,6,CD103+CD4+ T-cells,0.5971519249999999,0.6103681,0.5259757,0.6815443250000001,97.83472055633314
Pam10ug,Spleen,6,CD206+ Macrophages,1.22224015,1.209344,1.0982247,1.3333594500000001,101.06637565490051
Pam10ug,Spleen,6,CD4+ T-cells,23.513932775,23.23357005,22.266902700000003,24.480600125,101.20671392470742
Pam10ug,Spleen,6,CD64+MHCII- Macrophages,0.0062010675,0.0038781700000000002,0.0038130699999999996,0.0062661675,159.8967425357836
Pam10ug,Spleen,6,Drop,2.081877925,2.0534869000000002,1.7320239000000002,2.403340925,101.38257638750945
Pam10ug,Spleen,6,Ly6C(hi)CD64(hi) Monocytes,0.5146533,0.40072484999999997,0.255368725,0.660009425,128.43059271218144
Pam10ug,Spleen,6,Ly6C+ NK cells,0.66790025,0.6065744999999999,0.3951036,0.8793711499999999,110.11017607894826
Pam10ug,Spleen,6,Ly6C+CD8+ T-cells,9.00643225,9.56245785,8.702149924999999,9.866740175,94.18532757245043
Pam10ug,Spleen,6,Ly6C- NK cells,1.6617174749999999,1.6421077,1.6110712,1.6927539749999998,101.19418324388832
Pam10ug,Spleen,6,Ly6C-CD8+ T-cells,6.363015625,6.3659778,5.77960385,6.9493895750000005,99.95346865645683
Pam10ug,Spleen,6,Monocytes,0.381566775,0.2947403,0.23875335,0.43755372500000006,129.45863697634834
Pam10ug,Spleen,6,Neutrophils,4.717769925000001,4.37860575,3.7714329249999996,5.32494275,107.74594001755011
Pam10ug,Spleen,6,Unknown Myeloid,0.6072411750000001,0.5517528500000001,0.5489251749999999,0.6100688500000001,110.05673554744666
Pam10ug,Spleen,6,cDC1,0.410065,0.40028705000000003,0.3611221,0.44922995000000004,102.44273453263102
Pam10ug,Spleen,6,cDC2,0.849847825,0.8186914999999999,0.676957425,0.9915818999999999,103.80562458508487
Pam10ug,Spleen,6,moDCs,0.0033048275,0.00319939,0.0028098574999999995,0.0036943600000000003,103.29555008923576
Pam10ug,Spleen,6,pDCs,0.802314,0.8143783,0.6770672,0.9396251000000001,98.51858773741884
Pam10ug,Spleen,24,B-cells,47.483581425,48.4123914,45.990161875,49.90581095,98.08146231132056
Pam10ug,Spleen,24,CD103+CD4+ T-cells,0.5889603999999999,0.59374845,0.573628775,0.609080075,99.19358947379146
Pam10ug,Spleen,24,CD206+ Macrophages,1.2677765,1.16754125,1.003899975,1.4314177750000001,108.58515705547877
Pam10ug,Spleen,24,CD4+ T-cells,24.1673452,22.558969649999998,22.396188075,24.330126775,107.12964986856126
Pam10ug,Spleen,24,CD64+MHCII- Macrophages,0.104978475,0.08938415,0.070190725,0.1241719,117.44640968225353
Pam10ug,Spleen,24,Drop,2.186177775,2.08545365,1.945852675,2.32577875,104.82984241821917
Pam10ug,Spleen,24,Ly6C(hi)CD64(hi) Monocytes,0.2261586,0.14635345,0.131980925,0.240531125,154.52905278283498
Pam10ug,Spleen,24,Ly6C+ NK cells,0.7206134499999999,0.77693785,0.678045425,0.8195058749999999,92.7504626013522
Pam10ug,Spleen,24,Ly6C+CD8+ T-cells,8.435716074999998,8.307479749999999,8.18689135,8.556304475,101.54362488816177
Pam10ug,Spleen,24,Ly6C- NK cells,1.60376215,1.6164557500000003,1.5640820999999998,1.6561358000000002,99.21472641611129
Pam10ug,Spleen,24,Ly6C-CD8+ T-cells,8.34157375,8.087116850000001,7.749974074999999,8.678716524999999,103.14644767374665
Pam10ug,Spleen,24,Monocytes,0.41682465,0.26435935000000005,0.21806419999999999,0.46311979999999997,157.67350388779514
Pam10ug,Spleen,24,Neutrophils,1.7860622,1.5510909,1.376551175,1.960601925,115.14877690275922
Pam10ug,Spleen,24,Unknown Myeloid,0.8255403,0.79036765,0.666655425,0.949252525,104.45016316140976
Pam10ug,Spleen,24,cDC1,0.42247795000000005,0.38390640000000004,0.33998095,0.4664034,110.04712346551138
Pam10ug,Spleen,24,cDC2,0.73604985,0.7621021,0.680536125,0.8176158250000001,96.58152759321881
Pam10ug,Spleen,24,moDCs,0.0022248435,0.0014816900000000001,0.001223846,0.0024826875,150.15580182089369
Pam10ug,Spleen,24,pDCs,0.6841764,0.69354085,0.62718455,0.7505326999999999,98.64976230311451
Pam1ug,Lung,2,B-cells,25.377685016666668,24.9715593,20.825839349999995,30.079697699999997,101.62635305143588
Pam1ug,Lung,2,CD103+CD4+ T-cells,0.8588581833333334,0.85096545,0.8330454749999999,0.906909225,100.92750338257956
Pam1ug,Lung,2,CD206+ Macrophages,0.5758765833333334,0.5355368,0.450194825,0.652098425,107.53258848567144
Pam1ug,Lung,2,CD4+ T-cells,24.34147045,23.9717589,23.315122925,25.52746675,101.54227961136384
Pam1ug,Lung,2,CD64+MHCII- Macrophages,0.05247806666666667,0.03703,0.030158525000000002,0.069155925,141.71770636420922
Pam1ug,Lung,2,Drop,8.140320766666667,7.357817050000001,6.823207775000001,9.250846724999999,110.63499827936964
Pam1ug,Lung,2,Ly6C(hi)CD64(hi) Monocytes,3.897769783333333,2.97799735,2.485355625,5.22924395,130.88560281402982
Pam1ug,Lung,2,Ly6C+ NK cells,4.657594966666667,3.8572404000000002,3.33381325,4.65919445,120.74940848039097
Pam1ug,Lung,2,Ly6C+CD8+ T-cells,5.883166849999999,5.9134193,5.5231672750000005,6.249436575,99.48841019949319
Pam1ug,Lung,2,Ly6C- NK cells,5.3562035,5.29003805,4.545325324999999,5.411993525000001,101.25075565382748
Pam1ug,Lung,2,Ly6C-CD8+ T-cells,4.7421884,4.7959622,4.14693465,5.174917375000001,98.87876931140116
Pam1ug,Lung,2,Monocytes,2.0465411833333333,1.3550339500000002,1.21379475,2.619832025,151.03246552112833
Pam1ug,Lung,2,Neutrophils,6.3682731,4.02976655,3.6613151999999998,6.282162625,158.03081942798894
Pam1ug,Lung,2,Unknown Myeloid,3.376420366666667,3.4322304999999997,3.01330535,3.7851837,98.37393982329179
Pam1ug,Lung,2,cDC1,0.42211961666666664,0.43545320000000004,0.33094015000000004,0.550702425,96.93799854190223
Pam1ug,Lung,2,cDC2,0.15583088333333334,0.16400964999999998,0.1178555,0.17838420000000002,95.01324058269337
Pam1ug,Lung,2,moDCs,3.2808679333333335,3.31523315,1.7924718,4.643044075000001,98.96341478527184
Pam1ug,Lung,2,pDCs,0.4663343166666667,0.4945227,0.40076065,0.518825975,94.29988080762858
Pam1ug,Lung,6,B-cells,22.247540700000002,22.76494215,18.251515375,25.618096174999998,97.72720068168502
Pam1ug,Lung,6,CD103+CD4+ T-cells,0.7129352999999999,0.8245456,0.491107575,0.895979075,86.4640233360047
Pam1ug,Lung,6,CD206+ Macrophages,0.5470171,0.470443,0.39069415,0.6915648999999999,116.27701974521887
Pam1ug,Lung,6,CD4+ T-cells,20.33879185,20.7942797,18.354089625,22.6425022,97.8095521625594
Pam1ug,Lung,6,CD64+MHCII- Macrophages,0.07361145,0.057059649999999996,0.037258175000000004,0.11586675000000002,129.00788911253397
Pam1ug,Lung,6,Drop,5.0653122,4.9600386499999995,3.2030192750000004,6.991855175,102.12243406611358
Pam1ug,Lung,6,Ly6C(hi)CD64(hi) Monocytes,5.127759466666666,4.4448215,3.8995147,5.324152725,115.36480073871734
Pam1ug,Lung,6,Ly6C+ NK cells,3.3873952,3.37837925,2.7568327749999995,4.013941275,100.26687205114699
Pam1ug,Lung,6,Ly6C+CD8+ T-cells,4.350941766666667,4.401959199999999,4.157032875,4.5243704750000004,98.84102893699395
Pam1ug,Lung,6,Ly6C- NK cells,4.625230166666667,4.7033279,3.8773112500000004,5.162178300000001,98.3395218238275
Pam1ug,Lung,6,Ly6C-CD8+ T-cells,4.053163366666666,4.2278382500000005,3.8293057999999998,4.462699999999999,95.86845870148098
Pam1ug,Lung,6,Monocytes,3.0039781166666666,2.9586584499999997,2.703914475,3.250045325,101.5317640556539
Pam1ug,Lung,6,Neutrophils,18.721733916666665,13.783456099999999,11.62454415,25.654895875,135.82757314884665
Pam1ug,Lung,6,Unknown Myeloid,4.71207965,4.4304625,3.8273455499999995,5.091448925,106.35638265756677
Pam1ug,Lung,6,cDC1,0.38807485,0.38941935000000005,0.357123625,0.40066122500000007,99.65474237476899
Pam1ug,Lung,6,cDC2,0.10295546666666666,0.08831685,0.07767557499999998,0.12398780000000001,116.57511184634264
Pam1ug,Lung,6,moDCs,2.100565483333333,1.9759227499999996,1.6615988250000002,2.4204217,106.30807724306699
Pam1ug,Lung,6,pDCs,0.44091393333333334,0.44272075000000005,0.37085835,0.49028082500000003,99.59188344646897
Pam1ug,Lung,24,B-cells,27.554101916666667,24.59362745,19.61898365,36.127622225,112.03756734416446
Pam1ug,Lung,24,CD103+CD4+ T-cells,1.0522226333333333,0.9476387,0.7386845750000001,1.279014875,111.0362665996369
Pam1ug,Lung,24,CD206+ Macrophages,0.57535005,0.5355423,0.465946375,0.55931135,107.43316634372297
Pam1ug,Lung,24,CD4+ T-cells,14.225886616666667,14.367087649999998,12.900507900000003,16.016857525,99.01719098001513
Pam1ug,Lung,24,CD64+MHCII- Macrophages,0.29118388333333334,0.19792909999999997,0.10292715,0.316094875,147.11524648641023
Pam1ug,Lung,24,Drop,4.482069783333333,4.55435655,2.8690373749999996,5.861088025,98.41279957172729
Pam1ug,Lung,24,Ly6C(hi)CD64(hi) Monocytes,2.15583585,1.93577875,1.4330645,2.5969280249999995,111.36788488870435
Pam1ug,Lung,24,Ly6C+ NK cells,3.271900183333333,3.04521135,2.442342825,3.69151155,107.44410838128961
Pam1ug,Lung,24,Ly6C+CD8+ T-cells,3.9915496833333335,4.209511000000001,3.8616636749999995,4.4605166,94.82217016022366
Pam1ug,Lung,24,Ly6C- NK cells,4.369010283333333,4.35286395,4.096365825,5.038690575,100.37093586013258
Pam1ug,Lung,24,Ly6C-CD8+ T-cells,2.948164183333333,2.90491165,2.3608249,3.452477575,101.48894488179472
Pam1ug,Lung,24,Monocytes,0.7739075833333333,0.6718905,0.43816330000000003,1.0853826500000001,115.18358770265891
Pam1ug,Lung,24,Neutrophils,26.922088666666667,29.2327162,12.422486600000001,38.5206921,92.09574807375125
Pam1ug,Lung,24,Unknown Myeloid,4.93868375,4.71463505,3.9165152500000002,6.016162125,104.75219603689155
Pam1ug,Lung,24,cDC1,0.3281831833333333,0.2858573,0.27837334999999996,0.33048170000000004,114.80664769916085
Pam1ug,Lung,24,cDC2,0.21966451666666667,0.20050945,0.14199095,0.300891225,109.55319894731478
Pam1ug,Lung,24,moDCs,1.283698,1.2956359000000002,0.9496513750000001,1.656252625,99.07860688330726
Pam1ug,Lung,24,pDCs,0.6164993,0.61938615,0.5598138249999999,0.636149,99.53391757306811
Pam1ug,Lung,48,B-cells,35.86295033333333,36.25079415,33.01121925,39.86295225,98.9301094617077
Pam1ug,Lung,48,CD103+CD4+ T-cells,1.1403173500000001,1.02679865,0.8780378499999998,1.17585405,111.05559497959996
Pam1ug,Lung,48,CD206+ Macrophages,0.5343364833333334,0.5138517,0.473971575,0.582796725,103.98651660261771
Pam1ug,Lung,48,CD4+ T-cells,17.084323433333335,16.26872465,15.32906995,18.26023515,105.01329268814771
Pam1ug,Lung,48,CD64+MHCII- Macrophages,0.1521911833333333,0.12544985,0.09685945,0.143468025,121.31635337414377
Pam1ug,Lung,48,Drop,7.844753333333333,7.72020875,6.266544725000001,8.659695575,101.61322818289509
Pam1ug,Lung,48,Ly6C(hi)CD64(hi) Monocytes,1.18469215,1.0216485000000002,0.9661244499999999,1.1482386500000001,115.95887920356166
Pam1ug,Lung,48,Ly6C+ NK cells,3.6636547499999996,3.3666958499999997,3.2558500500000003,3.7627517249999998,108.82048492738066
Pam1ug,Lung,48,Ly6C+CD8+ T-cells,5.593776733333334,5.53907075,5.0409539,5.93850365,100.98763828451432
Pam1ug,Lung,48,Ly6C- NK cells,5.273694283333334,5.0219743,4.450174,5.84589265,105.012370997863
Pam1ug,Lung,48,Ly6C-CD8+ T-cells,4.3736541,4.1279448499999996,3.6979623000000004,4.739049625000001,105.95233848630514
Pam1ug,Lung,48,Monocytes,1.0606691666666666,1.03192175,0.750019375,1.1717079750000001,102.78581362071945
Pam1ug,Lung,48,Neutrophils,7.988505033333333,7.496106800000001,5.21569575,9.669167125,106.56871955630798
Pam1ug,Lung,48,Unknown Myeloid,5.123382433333333,5.0729959000000004,4.253862425,5.839546725,100.99323031846592
Pam1ug,Lung,48,cDC1,0.5744164,0.6306574500000001,0.5307323,0.662295925,91.08215561395492
Pam1ug,Lung,48,cDC2,0.24963446666666664,0.2288245,0.17421552499999998,0.27578032500000005,109.09429133098362
Pam1ug,Lung,48,moDCs,1.5482630166666667,1.29776555,1.0359978250000001,2.0081568749999996,119.30221268908446
Pam1ug,Lung,48,pDCs,0.7467853833333333,0.6717779,0.60169115,0.893818475,111.16551814719318
Pam1ug,Lung,72,B-cells,43.93498555,45.3906032,42.3155144,47.044856525,96.79312997100686
Pam1ug,Lung,72,CD103+CD4+ T-cells,1.2376790166666667,1.27639225,0.931365275,1.5749748000000001,96.96697991284941
Pam1ug,Lung,72,CD206+ Macrophages,0.5295558333333333,0.5157393,0.49630535,0.55454965,102.67897624503956
Pam1ug,Lung,72,CD4+ T-cells,15.654689666666666,15.2273812,14.540312625000002,15.785674024999999,102.80618486563313
Pam1ug,Lung,72,CD64+MHCII- Macrophages,0.1320113,0.13856925,0.07899202500000001,0.190232175,95.26738435836234
Pam1ug,Lung,72,Drop,6.027678416666666,5.18644495,4.262001075,7.842608675,116.2198475984338
Pam1ug,Lung,72,Ly6C(hi)CD64(hi) Monocytes,2.284217066666667,2.1499493000000003,1.70823565,2.811067425,106.24515967268002
Pam1ug,Lung,72,Ly6C+ NK cells,4.801846083333333,5.0507223,4.7252257250000005,5.31905125,95.07246286998065
Pam1ug,Lung,72,Ly6C+CD8+ T-cells,5.296051833333333,5.3183515,4.698732999999999,6.1230046,99.58070340655996
Pam1ug,Lung,72,Ly6C- NK cells,5.762899033333333,6.1246064,5.3019244,6.53262825,94.09419409112287
Pam1ug,Lung,72,Ly6C-CD8+ T-cells,3.704024116666667,3.7247404,3.06011305,3.9640099749999997,99.4438194046132
Pam1ug,Lung,72,Monocytes,1.0448812,0.9560722,0.615649775,1.3965006750000002,109.28894282251906
Pam1ug,Lung,72,Neutrophils,1.3253282,0.8413546000000001,0.6354876,1.89852335,157.52314184768227
Pam1ug,Lung,72,Unknown Myeloid,5.413610566666667,5.49312645,5.306399300000001,5.697872725,98.55244760780387
Pam1ug,Lung,72,cDC1,0.5766670666666667,0.48732410000000004,0.395202925,0.695032425,118.33337745181629
Pam1ug,Lung,72,cDC2,0.14364754999999998,0.13839135,0.133588,0.15434397500000002,103.79806974930152
Pam1ug,Lung,72,moDCs,1.2794149166666668,1.3212883500000001,1.206368175,1.449375225,96.83086335141506
Pam1ug,Lung,72,pDCs,0.8508125333333333,0.7985012,0.6203283,0.9238537,106.55119032173444
Pam1ug,Lung,96,B-cells,42.82228256666667,42.407521800000005,41.628896325,45.323862675,100.9780358508633
Pam1ug,Lung,96,CD103+CD4+ T-cells,1.3013796833333333,1.1827972999999998,0.8667002749999999,1.6739006,110.02558792899964
Pam1ug,Lung,96,CD206+ Macrophages,0.7979103499999999,0.7175369500000001,0.6484316,0.8232554999999999,111.20129074885968
Pam1ug,Lung,96,CD4+ T-cells,17.255514033333334,16.573183999999998,15.456515625,18.1848697,104.11707269606936
Pam1ug,Lung,96,CD64+MHCII- Macrophages,0.2565867666666667,0.1719703,0.12518924999999997,0.31540205,149.20411644723924
Pam1ug,Lung,96,Drop,4.984985583333333,4.8952189,3.9129660250000002,5.591898325000001,101.83376239484068
Pam1ug,Lung,96,Ly6C(hi)CD64(hi) Monocytes,2.0481813,1.8488115,1.549328875,2.2907643500000003,110.78367372768938
Pam1ug,Lung,96,Ly6C+ NK cells,4.34271835,4.1696583,3.7221638500000003,4.71793355,104.15046120206061
Pam1ug,Lung,96,Ly6C+CD8+ T-cells,6.067826366666667,6.1353086,5.434123875,6.6016615000000005,98.9001004230931
Pam1ug,Lung,96,Ly6C- NK cells,5.649093933333333,5.56123045,5.262183575,6.275475225,101.57992883271602
Pam1ug,Lung,96,Ly6C-CD8+ T-cells,4.13893925,3.9964061,3.6892617750000003,4.702760575,103.5665331909087
Pam1ug,Lung,96,Monocytes,1.2130562166666665,1.2461448,1.219542225,1.3445203499999998,97.34472403742058
Pam1ug,Lung,96,Neutrophils,1.4291179500000002,1.2484870000000001,0.7873319,1.9842176999999999,114.46798805273903
Pam1ug,Lung,96,Unknown Myeloid,4.7115612166666665,4.5463282000000005,4.387170275,4.8877458,103.63442781510288
Pam1ug,Lung,96,cDC1,0.6899608666666667,0.64528145,0.505917275,0.6930947749999999,106.92402000191802
Pam1ug,Lung,96,cDC2,0.1630074,0.1648073,0.13944655,0.194435625,98.90787604675279
Pam1ug,Lung,96,moDCs,1.3095182166666668,1.2828097999999999,0.8840895499999999,1.587603875,102.08202468258871
Pam1ug,Lung,96,pDCs,0.8183598833333333,0.67582195,0.616752325,0.75464665,121.0910482166691
Pam1ug,Lung,144,B-cells,31.71843676666667,30.18854655,27.174032875000005,34.88717375,105.06778361830959
Pam1ug,Lung,144,CD103+CD4+ T-cells,1.3546074833333333,1.4326138,0.9294299250000001,1.747141475,94.55496542985509
Pam1ug,Lung,144,CD206+ Macrophages,0.7008151666666667,0.7860018,0.56787415,0.842616275,89.16203075701183
Pam1ug,Lung,144,CD4+ T-cells,19.321609266666666,19.6646066,17.939700874999996,21.201496625,98.25576305537008
Pam1ug,Lung,144,CD64+MHCII- Macrophages,0.12520230000000002,0.1273699,0.025533475,0.2157646,98.29818505000004
Pam1ug,Lung,144,Drop,6.3838519499999995,6.3433319,5.895163525,7.007993775,100.63878180487448
Pam1ug,Lung,144,Ly6C(hi)CD64(hi) Monocytes,2.0094881,1.7991233500000001,1.445093325,2.1591347000000005,111.69262518881764
Pam1ug,Lung,144,Ly6C+ NK cells,4.648133466666667,4.6235481,4.025220975,4.87492155,100.53174242237617
Pam1ug,Lung,144,Ly6C+CD8+ T-cells,6.637105266666667,6.9111439,6.0849533,7.131314325,96.0348295839516
Pam1ug,Lung,144,Ly6C- NK cells,6.61538915,6.81448825,6.182804825000001,6.956110649999999,97.0782971120392
Pam1ug,Lung,144,Ly6C-CD8+ T-cells,5.199420766666667,5.063113349999999,4.449712325,5.794228525,102.69216601020136
Pam1ug,Lung,144,Monocytes,2.0611842166666663,1.8570151,1.4831719,2.543994175,110.9944780021803
Pam1ug,Lung,144,Neutrophils,2.3158572333333334,1.6541783,0.992105475,3.8219398,140.00046024865236
Pam1ug,Lung,144,Unknown Myeloid,5.220711716666666,5.09847435,4.0104264,6.492382875,102.39752832465787
Pam1ug,Lung,144,cDC1,0.7104578,0.70862815,0.415329575,0.9790722749999999,100.25819606517183
Pam1ug,Lung,144,cDC2,0.2069994,0.2206759,0.1896984,0.240923375,93.80244965580745
Pam1ug,Lung,144,moDCs,4.130681,4.7410673,2.59817175,5.7375532,87.12555082270188
Pam1ug,Lung,144,pDCs,0.6400489166666666,0.63086005,0.5521850500000001,0.73754575,101.45656182645686
Pam1ug,Nasal Tissue,2,B-cells,50.9793251,51.9568854,48.348890125,55.818696275,98.11851635741044
Pam1ug,Nasal Tissue,2,CD103+CD4+ T-cells,0.6753849166666667,0.6362036499999999,0.50940205,0.8401855,106.15860450763945
Pam1ug,Nasal Tissue,2,CD206+ Macrophages,1.6561405500000002,1.6955202500000002,1.311934525,2.11982535,97.6774267367199
Pam1ug,Nasal Tissue,2,CD4+ T-cells,2.6175081166666665,1.5388598999999998,1.106745875,3.531764725,170.09398429750925
Pam1ug,Nasal Tissue,2,CD64+MHCII- Macrophages,0.37602985,0.33278595,0.20985184999999998,0.425588725,112.99450893284406
Pam1ug,Nasal Tissue,2,Drop,6.5416505166666665,6.7313604,6.4951199,6.958869625,97.18170069554836
Pam1ug,Nasal Tissue,2,Ly6C(hi)CD64(hi) Monocytes,4.713805083333334,4.51961755,4.112714400000001,5.12603915,104.29654790886748
Pam1ug,Nasal Tissue,2,Ly6C+ NK cells,0.56635195,0.56078725,0.53346165,0.5896418,100.99230144765241
Pam1ug,Nasal Tissue,2,Ly6C+CD8+ T-cells,0.5994956499999999,0.5332602000000001,0.41164557500000004,0.616512475,112.42085008406775
Pam1ug,Nasal Tissue,2,Ly6C- NK cells,2.486867033333333,2.4837792,2.2933385250000002,2.6383823250000003,100.12431996102285
Pam1ug,Nasal Tissue,2,Ly6C-CD8+ T-cells,0.50565785,0.3647875,0.338418175,0.688161025,138.61709899599083
Pam1ug,Nasal Tissue,2,Monocytes,2.080922516666667,1.97054215,1.657259175,2.3380028,105.60152274168138
Pam1ug,Nasal Tissue,2,Neutrophils,20.078171,18.3384954,16.4965161,23.955026699999998,109.48646855728417
Pam1ug,Nasal Tissue,2,Unknown Myeloid,4.372698616666667,4.4522549499999995,3.1883112249999996,5.21836465,98.21312269340432
Pam1ug,Nasal Tissue,2,cDC1,0.14235223333333333,0.1550198,0.10589047500000001,0.1925155,91.82842019750595
Pam1ug,Nasal Tissue,2,cDC2,0.06174473333333333,0.0530097,0.0511823,0.0658444,116.4781791508598
Pam1ug,Nasal Tissue,2,moDCs,0.04422484499999999,0.0298731,0.021639549999999997,0.04786415,148.04236922180823
Pam1ug,Nasal Tissue,2,pDCs,1.5016694333333334,1.4921284,1.369366375,1.6076110000000001,100.63942441771991
Pam1ug,Nasal Tissue,6,B-cells,50.274600033333336,51.94683634999999,48.555792249999996,55.758569775,96.7808697619241
Pam1ug,Nasal Tissue,6,CD103+CD4+ T-cells,0.48243925,0.37824345,0.32805674999999995,0.45881174999999996,127.54728469190941
Pam1ug,Nasal Tissue,6,CD206+ Macrophages,0.94915595,0.9450771,0.725222075,1.12042315,100.4315891264321
Pam1ug,Nasal Tissue,6,CD4+ T-cells,1.4226002666666666,1.26233035,1.120273925,1.288807125,112.69635295282781
Pam1ug,Nasal Tissue,6,CD64+MHCII- Macrophages,0.11894165,0.11686605,0.10460697499999998,0.12567895,101.77605044407679
Pam1ug,Nasal Tissue,6,Drop,4.822869483333333,4.79543335,4.170258049999999,5.164590225,100.57213042765642
Pam1ug,Nasal Tissue,6,Ly6C(hi)CD64(hi) Monocytes,5.350880166666667,5.87536085,4.64203715,6.3313201999999995,91.07321751423434
Pam1ug,Nasal Tissue,6,Ly6C+ NK cells,0.4989944166666666,0.4956637,0.42556122500000004,0.5737220249999999,100.67197106963181
Pam1ug,Nasal Tissue,6,Ly6C+CD8+ T-cells,0.40701336666666665,0.3990558,0.342315775,0.46997089999999997,101.99409873673473
Pam1ug,Nasal Tissue,6,Ly6C- NK cells,1.8879964833333331,2.0316870000000002,1.6905444499999998,2.0913563500000003,92.92752689431654
Pam1ug,Nasal Tissue,6,Ly6C-CD8+ T-cells,0.42749611666666665,0.3513534,0.280617375,0.46824345000000006,121.6712622296146
Pam1ug,Nasal Tissue,6,Monocytes,3.3112518833333335,3.60374925,3.133842025,4.0230727250000005,91.88352611751036
Pam1ug,Nasal Tissue,6,Neutrophils,25.002740183333334,20.222849800000002,19.259681725,24.949899625,123.63608705303903
Pam1ug,Nasal Tissue,6,Unknown Myeloid,3.701215833333334,3.46157105,3.331354825,3.748622175,106.92300634225992
Pam1ug,Nasal Tissue,6,cDC1,0.032604249999999994,0.02885225,0.0178455,0.04146925,113.00418511554557
Pam1ug,Nasal Tissue,6,cDC2,0.046189350000000004,0.0415108,0.0248801,0.067594125,111.27068136484964
Pam1ug,Nasal Tissue,6,moDCs,0.014488553999999999,0.011777899999999999,0.0039968600000000005,0.0129138,123.01474796016268
Pam1ug,Nasal Tissue,6,pDCs,1.2509375666666667,1.1794924500000001,0.9177640250000001,1.5676694500000001,106.05727630275771
Pam1ug,Nasal Tissue,24,B-cells,46.8878816,47.5957485,44.318539525,50.48580185,98.51275182698303
Pam1ug,Nasal Tissue,24,CD103+CD4+ T-cells,1.1892918166666666,0.6887961,0.49244905,0.9686342000000001,172.66239118756138
Pam1ug,Nasal Tissue,24,CD206+ Macrophages,1.61208705,1.30880775,1.0679501,2.2737811750000003,123.17218094101293
Pam1ug,Nasal Tissue,24,CD4+ T-cells,2.10730945,1.54014745,1.3378184000000002,2.185955925,136.82517540771826
Pam1ug,Nasal Tissue,24,CD64+MHCII- Macrophages,0.7534297000000001,0.6489853,0.4995844750000001,0.74488705,116.09349241038281
Pam1ug,Nasal Tissue,24,Drop,4.3278804,4.32523025,4.1240710499999995,4.5708121749999995,100.06127188257781
Pam1ug,Nasal Tissue,24,Ly6C(hi)CD64(hi) Monocytes,4.9598746333333334,5.0863587500000005,4.4682623249999995,5.7660844000000004,97.51326788212359
Pam1ug,Nasal Tissue,24,Ly6C+ NK cells,0.6432764333333334,0.6523297,0.5498556,0.7048217,98.6121639614651
Pam1ug,Nasal Tissue,24,Ly6C+CD8+ T-cells,0.5304512833333334,0.5439499000000001,0.384943,0.7130839,97.51840809849092
Pam1ug,Nasal Tissue,24,Ly6C- NK cells,2.2881321166666666,2.1502653,1.985828,2.308408375,106.41161891356691
Pam1ug,Nasal Tissue,24,Ly6C-CD8+ T-cells,0.49512516666666667,0.496219,0.305584625,0.65229855,99.77956641456024
Pam1ug,Nasal Tissue,24,Monocytes,1.9466144833333334,1.8913896,1.2963714499999999,2.60266255,102.91980474743721
Pam1ug,Nasal Tissue,24,Neutrophils,25.146090466666664,24.79600225,24.00923585,26.4903573,101.41187362840583
Pam1ug,Nasal Tissue,24,Unknown Myeloid,5.271436166666667,4.66043555,4.062761125,5.247686775,113.11037584602295
Pam1ug,Nasal Tissue,24,cDC1,0.11803711666666668,0.09997625000000002,0.0882898,0.11800935000000001,118.06515714148776
Pam1ug,Nasal Tissue,24,cDC2,0.12985246666666667,0.08905075,0.07924084999999999,0.10490512499999999,145.8184986276552
Pam1ug,Nasal Tissue,24,moDCs,0.025861133333333335,0.0234906,0.016529175,0.033371175,110.09141245150542
Pam1ug,Nasal Tissue,24,pDCs,1.5673685,1.60144565,1.47497825,1.6668077749999999,97.8721007484706
Pam1ug,Nasal Tissue,48,B-cells,38.579577216666664,38.6603917,34.282936975,42.881618350000004,99.7909631025975
Pam1ug,Nasal Tissue,48,CD103+CD4+ T-cells,1.3310641666666667,0.93592305,0.44456587499999994,2.171908125,142.21940218981325
Pam1ug,Nasal Tissue,48,CD206+ Macrophages,1.5016447166666667,1.4322539499999998,0.82739105,1.8707507250000002,104.84486474390012
Pam1ug,Nasal Tissue,48,CD4+ T-cells,1.5387784166666667,1.39535405,0.6229852499999999,2.50908115,110.27870787823828
Pam1ug,Nasal Tissue,48,CD64+MHCII- Macrophages,1.04134315,0.6739536500000001,0.343689575,1.1893436,154.51257664380927
Pam1ug,Nasal Tissue,48,Drop,6.025925216666667,5.774098199999999,5.55327045,6.110376975,104.3613220271638
Pam1ug,Nasal Tissue,48,Ly6C(hi)CD64(hi) Monocytes,5.884973916666667,5.7892505,5.41576235,6.4116406249999995,101.65346821089652
Pam1ug,Nasal Tissue,48,Ly6C+ NK cells,0.48215213333333334,0.51389,0.34544414999999995,0.57830035,93.82399605622476
Pam1ug,Nasal Tissue,48,Ly6C+CD8+ T-cells,0.4113342833333334,0.27283379999999996,0.19888872500000002,0.513311575,150.76368226126436
Pam1ug,Nasal Tissue,48,Ly6C- NK cells,1.7920646333333334,1.7327309999999998,1.4752859,2.077742875,103.42428416951816
Pam1ug,Nasal Tissue,48,Ly6C-CD8+ T-cells,0.2616988833333333,0.2067649,0.172198775,0.33739665,126.56833114969383
Pam1ug,Nasal Tissue,48,Monocytes,3.25510315,3.1898491,2.8001752,3.62377975,102.04567827362116
Pam1ug,Nasal Tissue,48,Neutrophils,30.09446438333333,28.35084135,24.6679316,33.6862576,106.15016327666527
Pam1ug,Nasal Tissue,48,Unknown Myeloid,5.76698515,5.72608755,4.9651592,6.147351925,100.7142328796562
Pam1ug,Nasal Tissue,48,cDC1,0.11985050000000001,0.09108709999999999,0.0675977,0.10616705,131.57790729971646
Pam1ug,Nasal Tissue,48,cDC2,0.14984689999999998,0.13511374999999998,0.075037325,0.18988685,110.90425659860672
Pam1ug,Nasal Tissue,48,moDCs,0.008962126666666667,0.0100103,0.00789934,0.010549,89.529051743371
Pam1ug,Nasal Tissue,48,pDCs,1.7587121333333333,1.5463602,1.5213622,1.9789663999999998,113.7323718842048
Pam1ug,Nasal Tissue,72,B-cells,39.80280091666666,44.7346505,38.94464514999999,47.710275225,88.97532555142385
Pam1ug,Nasal Tissue,72,CD103+CD4+ T-cells,1.0303007333333332,1.00987995,0.535993175,1.265713,102.02210008559267
Pam1ug,Nasal Tissue,72,CD206+ Macrophages,1.2938854499999999,1.2437249000000001,1.062951875,1.5505697,104.03309043663916
Pam1ug,Nasal Tissue,72,CD4+ T-cells,2.161922966666667,1.26168995,0.7447176249999999,2.12076,171.35136621058658
Pam1ug,Nasal Tissue,72,CD64+MHCII- Macrophages,0.9681792333333333,0.9540805499999999,0.6578182,1.2643624249999998,101.47772463586364
Pam1ug,Nasal Tissue,72,Drop,6.466599183333334,6.71691155,6.3146557,6.917244825,96.27340088069694
Pam1ug,Nasal Tissue,72,Ly6C(hi)CD64(hi) Monocytes,7.182258116666667,7.197485,5.8420575,8.789836750000001,99.78844161073856
Pam1ug,Nasal Tissue,72,Ly6C+ NK cells,0.43535376666666664,0.39003164999999995,0.318363025,0.523352,111.6201125387303
Pam1ug,Nasal Tissue,72,Ly6C+CD8+ T-cells,0.4278182833333333,0.29724315,0.25154385,0.381837825,143.92872748567405
Pam1ug,Nasal Tissue,72,Ly6C- NK cells,1.6572878999999998,1.7812947000000003,1.3595807,1.9225838499999999,93.03838943662717
Pam1ug,Nasal Tissue,72,Ly6C-CD8+ T-cells,0.32404276666666665,0.19144035,0.163293725,0.3067447,169.2656572486765
Pam1ug,Nasal Tissue,72,Monocytes,2.654296233333333,2.24202425,2.0901697500000003,3.293652475,118.38838198709641
Pam1ug,Nasal Tissue,72,Neutrophils,28.34823061666667,22.640556150000002,21.747681275,27.659924274999998,125.2099569853838
Pam1ug,Nasal Tissue,72,Unknown Myeloid,5.1909607499999995,4.42044095,4.051441575,6.77331745,117.43083571787108
Pam1ug,Nasal Tissue,72,cDC1,0.10307331666666666,0.09468515,0.065990925,0.13518497499999999,108.85900974616047
Pam1ug,Nasal Tissue,72,cDC2,0.09113448333333334,0.087604,0.0667166,0.11542792500000001,104.03004809521634
Pam1ug,Nasal Tissue,72,moDCs,0.014409918,0.00952472,0.00853752,0.0173325,151.2896757070024
Pam1ug,Nasal Tissue,72,pDCs,1.8498470166666665,1.67657465,1.52114855,1.88270585,110.33490317097818
Pam1ug,Nasal Tissue,96,B-cells,35.25882725,37.758543249999995,29.33123395,39.212272150000004,93.37973400231749
Pam1ug,Nasal Tissue,96,CD103+CD4+ T-cells,0.83352025,0.6611859,0.43004977499999997,1.26923295,126.06443210600831
Pam1ug,Nasal Tissue,96,CD206+ Macrophages,1.0701736,0.93872505,0.721243325,1.422653575,114.00288082223864
Pam1ug,Nasal Tissue,96,CD4+ T-cells,1.6604302833333335,1.135514,0.8671117500000001,1.368303775,146.22719608330092
Pam1ug,Nasal Tissue,96,CD64+MHCII- Macrophages,0.4065972666666666,0.33841545,0.232033475,0.5958242499999999,120.14737112819955
Pam1ug,Nasal Tissue,96,Drop,6.678606133333334,6.9793582999999995,6.7879699,7.2421563,95.69083354458725
Pam1ug,Nasal Tissue,96,Ly6C(hi)CD64(hi) Monocytes,6.777676216666667,6.6376199,6.032113,7.713308100000001,102.11003821816713
Pam1ug,Nasal Tissue,96,Ly6C+ NK cells,0.3126410666666667,0.30891314999999997,0.272029675,0.3709361,101.2067847117116
Pam1ug,Nasal Tissue,96,Ly6C+CD8+ T-cells,0.37735245,0.38525215,0.289881475,0.432237775,97.94947283227361
Pam1ug,Nasal Tissue,96,Ly6C- NK cells,1.653375933333333,1.6193882,1.5119416749999999,1.731756675,102.09880085166319
Pam1ug,Nasal Tissue,96,Ly6C-CD8+ T-cells,0.2926338333333333,0.24896305000000002,0.204831225,0.27891072499999997,117.54107018424351
Pam1ug,Nasal Tissue,96,Monocytes,3.172009183333333,3.1536222,2.7454646,3.5627306499999998,100.58304331233249
Pam1ug,Nasal Tissue,96,Neutrophils,35.10805851666667,33.519242999999996,32.168053375,41.628553999999994,104.7400101388527
Pam1ug,Nasal Tissue,96,Unknown Myeloid,4.319232283333333,4.0035387,3.486360275,4.93799425,107.88536359929113
Pam1ug,Nasal Tissue,96,cDC1,0.10418386666666668,0.1006425,0.06933095,0.12764725,103.51875864238933
Pam1ug,Nasal Tissue,96,cDC2,0.07550955000000001,0.0731842,0.0579739,0.0862579,103.17739348110658
Pam1ug,Nasal Tissue,96,moDCs,0.00403422,0.00403422,0.0032798650000000003,0.004788575,100
Pam1ug,Nasal Tissue,96,pDCs,1.8978275666666666,1.8607467500000001,1.754995,2.029079025,101.99279223068194
Pam1ug,Nasal Tissue,144,B-cells,19.94235055,18.497879649999998,13.52742595,25.831495075,107.8088458100656
Pam1ug,Nasal Tissue,144,CD103+CD4+ T-cells,0.4486635333333333,0.4255146,0.3175264,0.5721602,105.44022069591344
Pam1ug,Nasal Tissue,144,CD206+ Macrophages,0.7086903333333333,0.7811380499999999,0.70036895,0.8184901749999999,90.7253632483187
Pam1ug,Nasal Tissue,144,CD4+ T-cells,1.5467489333333333,1.39682985,0.8508108999999999,1.787878175,110.73280924898141
Pam1ug,Nasal Tissue,144,CD64+MHCII- Macrophages,0.14382291666666666,0.1357873,0.08392075,0.14790145000000002,105.91779692700764
Pam1ug,Nasal Tissue,144,Drop,6.0523329666666665,6.322467549999999,5.904354375,6.4369289,95.72738679642046
Pam1ug,Nasal Tissue,144,Ly6C(hi)CD64(hi) Monocytes,8.572102883333335,7.96257105,7.473150775000001,8.871835775000001,107.65496256806819
Pam1ug,Nasal Tissue,144,Ly6C+ NK cells,0.3101608666666667,0.2895107,0.258659725,0.34954664999999996,107.1327818511256
Pam1ug,Nasal Tissue,144,Ly6C+CD8+ T-cells,0.4548803333333334,0.43182110000000007,0.35315075,0.4379408750000001,105.33999689531923
Pam1ug,Nasal Tissue,144,Ly6C- NK cells,1.8912002166666668,1.8730719,1.6761356499999998,2.004941975,100.96783880355405
Pam1ug,Nasal Tissue,144,Ly6C-CD8+ T-cells,0.32896635,0.31387109999999996,0.17558965,0.432654875,104.80937875452696
Pam1ug,Nasal Tissue,144,Monocytes,4.87709845,4.7245551,4.368781025,5.0231322249999995,103.2287347013902
Pam1ug,Nasal Tissue,144,Neutrophils,49.1139036,47.082930899999994,42.23726255,56.092627150000006,104.31360720579102
Pam1ug,Nasal Tissue,144,Unknown Myeloid,3.6347555000000003,3.4794304,3.0059545,4.496257675000001,104.46409561748958
Pam1ug,Nasal Tissue,144,cDC1,0.09533606666666666,0.09427114999999998,0.05671294999999999,0.13081452500000001,101.12963156455254
Pam1ug,Nasal Tissue,144,cDC2,0.0707942,0.07154615,0.05361694999999999,0.08748305,98.94900005101603
Pam1ug,Nasal Tissue,144,moDCs,0.003706135,0.003706135,0.0033599974999999997,0.0040522725,100
Pam1ug,Nasal Tissue,144,pDCs,1.8069569666666667,1.85804415,1.491224625,2.0927039250000004,97.25048603751783
Pam1ug,Spleen,2,B-cells,52.21617953333333,54.418076049999996,51.7400793,55.004455775,95.9537406014804
Pam1ug,Spleen,2,CD103+CD4+ T-cells,0.6238005666666667,0.6212761,0.591625225,0.649343875,100.40633571236151
Pam1ug,Spleen,2,CD206+ Macrophages,1.2598378333333333,0.9346120499999999,0.8795295249999999,1.7161615250000002,134.79794459458697
Pam1ug,Spleen,2,CD4+ T-cells,22.0063524,20.44329105,20.196463725,22.72585875,107.64584012513974
Pam1ug,Spleen,2,CD64+MHCII- Macrophages,0.008678063333333333,0.00932795,0.0049261899999999996,0.011602949999999999,93.03291005347727
Pam1ug,Spleen,2,Drop,2.2161486166666666,2.22823305,2.06715795,2.3648571,99.45766744042625
Pam1ug,Spleen,2,Ly6C(hi)CD64(hi) Monocytes,0.37267221666666667,0.3541927,0.316522875,0.43271285000000004,105.21736237552797
Pam1ug,Spleen,2,Ly6C+ NK cells,1.37079395,1.1878472000000002,0.999410475,1.670138275,115.40153901949675
Pam1ug,Spleen,2,Ly6C+CD8+ T-cells,8.320652583333334,7.76660235,7.506371225,8.590312675,107.13375306685214
Pam1ug,Spleen,2,Ly6C- NK cells,1.9401320166666667,1.81786175,1.7047097249999996,2.15901415,106.7260487034653
Pam1ug,Spleen,2,Ly6C-CD8+ T-cells,6.285643716666667,5.90523805,5.1706978,7.396607350000001,106.44183457882221
Pam1ug,Spleen,2,Monocytes,0.2563996333333333,0.24792915,0.23482107500000005,0.27373885,103.41649351572147
Pam1ug,Spleen,2,Neutrophils,0.5280562833333333,0.58866585,0.270565025,0.7578856,89.70390983838
Pam1ug,Spleen,2,Unknown Myeloid,0.5983157,0.59625435,0.556548425,0.6290936500000001,100.34571655535929
Pam1ug,Spleen,2,cDC1,0.37114115000000003,0.3609067,0.334516475,0.4221216,102.83576059962311
Pam1ug,Spleen,2,cDC2,0.8677627,0.8501427499999998,0.7945517500000001,0.95975715,102.07258722138137
Pam1ug,Spleen,2,moDCs,0.007847459999999999,0.007795075000000001,0.006956265,0.0086796575,100.67202688877268
Pam1ug,Spleen,2,pDCs,0.7495855499999999,0.7299194,0.6680376250000001,0.8036555249999999,102.69429062989694
Pam1ug,Spleen,6,B-cells,51.05959875,51.24484785,49.525515649999996,52.67566622499999,99.63850200015766
Pam1ug,Spleen,6,CD103+CD4+ T-cells,0.45046911666666667,0.44529284999999996,0.39138937499999993,0.499449075,101.16244100184109
Pam1ug,Spleen,6,CD206+ Macrophages,1.1969563833333334,1.2713509500000002,0.9023148750000001,1.3345425,94.14838470316424
Pam1ug,Spleen,6,CD4+ T-cells,21.51413785,21.191509850000003,21.0204825,21.794179375,101.52243989354066
Pam1ug,Spleen,6,CD64+MHCII- Macrophages,0.004902535,0.0029293350000000004,0.001840895,0.0070572625,167.3599980883033
Pam1ug,Spleen,6,Drop,1.9324674666666666,1.95771805,1.798664375,2.0598789749999997,98.71020327297215
Pam1ug,Spleen,6,Ly6C(hi)CD64(hi) Monocytes,0.47865308333333334,0.44938800000000007,0.3180903,0.6072042,106.51220845535111
Pam1ug,Spleen,6,Ly6C+ NK cells,0.6809314000000001,0.7313663499999999,0.59489635,0.751189225,93.10401004913614
Pam1ug,Spleen,6,Ly6C+CD8+ T-cells,7.501777566666668,7.3874851,7.1604540000000005,7.964806775000001,101.5471092681685
Pam1ug,Spleen,6,Ly6C- NK cells,1.2691799666666665,1.2548512,1.1780420249999999,1.2707819750000002,101.14186978238268
Pam1ug,Spleen,6,Ly6C-CD8+ T-cells,6.957528283333334,6.715449100000001,6.496490274999999,7.0389611500000004,103.6048100391876
Pam1ug,Spleen,6,Monocytes,0.27314228333333335,0.27534359999999997,0.22174185000000002,0.2912802,99.20052012588394
Pam1ug,Spleen,6,Neutrophils,4.388874583333333,3.9237916499999996,3.607572824999999,5.24915985,111.85289574010213
Pam1ug,Spleen,6,Unknown Myeloid,0.6284250166666666,0.5464287,0.5363225249999999,0.741121275,115.00585834284813
Pam1ug,Spleen,6,cDC1,0.3225573666666667,0.30632825,0.292089425,0.33652887499999995,105.29794972114608
Pam1ug,Spleen,6,cDC2,0.6718508166666667,0.62390265,0.5300604250000001,0.8019087500000001,107.68520003347746
Pam1ug,Spleen,6,moDCs,0.0020376095,0.00205001,0.0013484225000000001,0.0024898925000000002,99.3951005117048
Pam1ug,Spleen,6,pDCs,0.6665099833333333,0.6515915000000001,0.570951525,0.766097725,102.28954541815436
Pam1ug,Spleen,24,B-cells,54.22123165,53.610605899999996,52.937346625000004,56.035907699999996,101.1390017697972
Pam1ug,Spleen,24,CD103+CD4+ T-cells,0.5170568,0.46428549999999996,0.42488000000000004,0.50424435,111.36613139975296
Pam1ug,Spleen,24,CD206+ Macrophages,1.3353357166666666,1.1801972,0.9913969,1.683627675,113.14513512374597
Pam1ug,Spleen,24,CD4+ T-cells,19.62179253333333,19.08133605,17.913678175,20.203008425,102.83238281594716
Pam1ug,Spleen,24,CD64+MHCII- Macrophages,0.01688060333333333,0.014185050000000001,0.01071205,0.017706575,119.00277639721628
Pam1ug,Spleen,24,Drop,1.9694889833333333,1.9167812999999998,1.6193947,2.259842375,102.74980162490806
Pam1ug,Spleen,24,Ly6C(hi)CD64(hi) Monocytes,0.19638450000000002,0.2053549,0.162156825,0.22789145000000002,95.63175750858636
Pam1ug,Spleen,24,Ly6C+ NK cells,1.0533294,0.8149453000000001,0.649619,1.2204575249999998,129.251546085363
Pam1ug,Spleen,24,Ly6C+CD8+ T-cells,7.564269416666666,7.847267050000001,7.2548871749999995,8.290635199999999,96.3936790792237
Pam1ug,Spleen,24,Ly6C- NK cells,1.5536919166666667,1.51840885,1.168167075,1.8408521,102.3236868427543
Pam1ug,Spleen,24,Ly6C-CD8+ T-cells,6.404905599999999,6.04005215,5.3255514,7.188145525,106.04056787820946
Pam1ug,Spleen,24,Monocytes,0.15632318333333334,0.15110185,0.14218685,0.165930675,103.45550589442374
Pam1ug,Spleen,24,Neutrophils,2.7001373833333333,2.73379935,1.6705537,3.6657766250000003,98.76867456762449
Pam1ug,Spleen,24,Unknown Myeloid,0.7135175666666667,0.7286581999999999,0.5810142,0.8088268,97.92212132748477
Pam1ug,Spleen,24,cDC1,0.4436444666666667,0.41997615000000005,0.4063427750000001,0.43849997500000004,105.6356335155381
Pam1ug,Spleen,24,cDC2,0.8529803666666667,0.7961465000000001,0.6897863,0.979553075,107.13861916954563
Pam1ug,Spleen,24,moDCs,0.006725951666666665,0.0067045049999999995,0.004837675,0.00704195,100.31988441602573
Pam1ug,Spleen,24,pDCs,0.6723039,0.7014973000000001,0.6419986249999999,0.73602225,95.83841591407406
Pam1ug,Spleen,48,B-cells,56.492542300000004,58.11500039999999,53.6006787,59.1597945,97.20819394505246
Pam1ug,Spleen,48,CD103+CD4+ T-cells,0.6042314,0.58395,0.53272445,0.6629494749999999,103.47313982361503
Pam1ug,Spleen,48,CD206+ Macrophages,1.5208243666666668,1.67756625,1.27127585,1.7434981750000003,90.656590561873
Pam1ug,Spleen,48,CD4+ T-cells,19.221262166666666,19.40179575,16.96231285,21.871057925,99.06950065004506
Pam1ug,Spleen,48,CD64+MHCII- Macrophages,0.011736873333333333,0.013201090000000002,0.0067431,0.0170831,88.90836539507974
Pam1ug,Spleen,48,Drop,2.3398702166666667,2.0981125,1.769658525,2.4498200000000003,111.52262887079061
Pam1ug,Spleen,48,Ly6C(hi)CD64(hi) Monocytes,0.2302089833333333,0.2700784,0.1559932,0.29991392499999997,85.23783587777967
Pam1ug,Spleen,48,Ly6C+ NK cells,1.11928475,1.0948286,0.7744949750000001,1.44516215,102.23378801028764
Pam1ug,Spleen,48,Ly6C+CD8+ T-cells,7.189068483333333,7.14125345,6.875387599999999,7.60277435,100.66956079444755
Pam1ug,Spleen,48,Ly6C- NK cells,1.9120428166666668,1.8905551,1.646960375,2.1721677,101.13658240728698
Pam1ug,Spleen,48,Ly6C-CD8+ T-cells,5.42819315,5.6470047,5.408640875000001,5.775251275,96.12517499764078
Pam1ug,Spleen,48,Monocytes,0.24528128333333332,0.25743105,0.16084389999999998,0.331801175,95.28038025457043
Pam1ug,Spleen,48,Neutrophils,1.02448365,0.803654,0.6216470500000001,1.4681688,127.47819957344828
Pam1ug,Spleen,48,Unknown Myeloid,0.8611955499999999,0.82521775,0.7813847500000001,0.9764811999999999,104.35979473296592
Pam1ug,Spleen,48,cDC1,0.41962565,0.41079964999999996,0.3058748,0.50305235,102.1484925802639
Pam1ug,Spleen,48,cDC2,0.7897858833333333,0.72551275,0.704407025,0.8437187249999999,108.85899432275082
Pam1ug,Spleen,48,moDCs,0.018912523333333334,0.02188545,0.007150589999999999,0.027514274999999998,86.41596738167748
Pam1ug,Spleen,48,pDCs,0.5714499833333333,0.47404130000000005,0.46283169999999996,0.6794100750000001,120.54856472069694
Pam1ug,Spleen,72,B-cells,53.71485929999999,54.91880565,52.3631128,56.228728625,97.80777033340307
Pam1ug,Spleen,72,CD103+CD4+ T-cells,0.72107115,0.6738821,0.60593435,0.760993625,107.00256765983247
Pam1ug,Spleen,72,CD206+ Macrophages,1.0824587,0.7786916999999999,0.70266865,1.321968125,139.00991881639428
Pam1ug,Spleen,72,CD4+ T-cells,21.526065016666664,21.294838499999997,19.931697375,22.859432325,101.08583362426846
Pam1ug,Spleen,72,CD64+MHCII- Macrophages,0.008968038333333333,0.009013154999999998,0.0033828799999999996,0.012767575000000001,99.49943536234908
Pam1ug,Spleen,72,Drop,1.8473867166666669,1.85965565,1.650100825,1.893392775,99.34025778733104
Pam1ug,Spleen,72,Ly6C(hi)CD64(hi) Monocytes,0.3910345333333333,0.29275380000000006,0.2665685,0.5345905750000001,133.57112130853065
Pam1ug,Spleen,72,Ly6C+ NK cells,1.2167636666666668,1.2199608,1.047919125,1.4452082250000002,99.7379314701478
Pam1ug,Spleen,72,Ly6C+CD8+ T-cells,7.667172850000001,7.4004731,6.9642477750000005,8.517796899999999,103.60382027467946
Pam1ug,Spleen,72,Ly6C- NK cells,1.8883702833333336,1.9029650000000002,1.8020076749999998,1.9953613749999999,99.23305385718251
Pam1ug,Spleen,72,Ly6C-CD8+ T-cells,6.110932233333333,6.175248849999999,5.85288895,6.796753900000001,98.95847733056675
Pam1ug,Spleen,72,Monocytes,0.22040715,0.1903552,0.11806817499999998,0.32097137500000006,115.78730184413139
Pam1ug,Spleen,72,Neutrophils,0.4186990666666666,0.32709669999999996,0.270953425,0.4103944,128.0046746624673
Pam1ug,Spleen,72,Unknown Myeloid,0.8064618166666666,0.74698845,0.695280675,0.892956675,107.9617518405628
Pam1ug,Spleen,72,cDC1,0.5076894000000001,0.46223970000000003,0.42098395,0.5505173,109.83249599720666
Pam1ug,Spleen,72,cDC2,1.0073467833333334,0.9819487,0.8268533,1.066493025,102.58649798439912
Pam1ug,Spleen,72,moDCs,0.00880119,0.008658885000000002,0.0056136575,0.01216423,101.64345640345147
Pam1ug,Spleen,72,pDCs,0.8555120500000001,0.7748854,0.714876125,0.7992912750000001,110.40497730374068
Pam1ug,Spleen,96,B-cells,54.12322496666666,52.80867170000001,52.210699375000004,56.15965537500001,102.48927538669118
Pam1ug,Spleen,96,CD103+CD4+ T-cells,0.7109055666666667,0.6872673,0.644058725,0.745700425,103.43945749589231
Pam1ug,Spleen,96,CD206+ Macrophages,1.6696254666666668,1.7753542,1.42973175,1.921034675,94.04464003108038
Pam1ug,Spleen,96,CD4+ T-cells,20.956233033333334,21.329192550000002,19.946306175,22.775383124999998,98.25141286622842
Pam1ug,Spleen,96,CD64+MHCII- Macrophages,0.008490715,0.007960815,0.00733164,0.010267597500000001,106.65635365223285
Pam1ug,Spleen,96,Drop,2.1345412500000003,2.10600845,1.9430430999999997,2.41040925,101.35482837212739
Pam1ug,Spleen,96,Ly6C(hi)CD64(hi) Monocytes,0.35759626666666666,0.33281724999999995,0.31907925,0.38442162499999993,107.44523208056876
Pam1ug,Spleen,96,Ly6C+ NK cells,1.135872,1.0987982,0.9791373000000001,1.130121475,103.37403173758383
Pam1ug,Spleen,96,Ly6C+CD8+ T-cells,7.295371933333334,7.22299375,6.7975718,7.818442575,101.00205241536217
Pam1ug,Spleen,96,Ly6C- NK cells,2.0606424333333333,2.1108183,1.9552438749999999,2.2260557,97.62291871987907
Pam1ug,Spleen,96,Ly6C-CD8+ T-cells,5.607968016666667,5.8065808,5.010600725,6.17805915,96.57952261108063
Pam1ug,Spleen,96,Monocytes,0.2667224166666667,0.27043305,0.2162171,0.304604275,98.62789206669328
Pam1ug,Spleen,96,Neutrophils,0.6664738499999999,0.6395835,0.3885904,0.9044623999999999,104.20435330179718
Pam1ug,Spleen,96,Unknown Myeloid,0.8098668833333332,0.79812795,0.763007375,0.87862735,101.47080845036605
Pam1ug,Spleen,96,cDC1,0.44844896666666667,0.44619329999999996,0.43969352500000003,0.45620802499999996,100.50553575472037
Pam1ug,Spleen,96,cDC2,0.9426131000000001,0.8874821500000001,0.844932975,1.056971825,106.21206296937915
Pam1ug,Spleen,96,moDCs,0.006916013333333333,0.00659042,0.00438973,0.00847113,104.94040339361274
Pam1ug,Spleen,96,pDCs,0.7984872333333334,0.80518505,0.695204775,0.8847237249999998,99.16816430376265
Pam1ug,Spleen,144,B-cells,40.56112066666667,39.89296745,38.2085079,41.691379899999994,101.67486466757354
Pam1ug,Spleen,144,CD103+CD4+ T-cells,0.8277612666666666,0.8405499000000001,0.8250955999999998,0.85818565,98.47853966393507
Pam1ug,Spleen,144,CD206+ Macrophages,1.7007582166666666,1.6526218,1.103955125,1.9730873999999998,102.91273034560398
Pam1ug,Spleen,144,CD4+ T-cells,25.998405116666667,26.071806600000002,23.805020199999998,28.12767995,99.71846414611967
Pam1ug,Spleen,144,CD64+MHCII- Macrophages,0.00658653,0.006860874999999999,0.00455979,0.0086017475,96.00131178603314
Pam1ug,Spleen,144,Drop,2.5226803666666666,2.37312935,2.3067835,2.4514619250000003,106.30184851351092
Pam1ug,Spleen,144,Ly6C(hi)CD64(hi) Monocytes,0.475056,0.4769845,0.4097827500000001,0.5437858250000001,99.59568916809665
Pam1ug,Spleen,144,Ly6C+ NK cells,1.6137864499999999,1.6729725000000002,1.372619825,1.7348087500000002,96.46222218237297
Pam1ug,Spleen,144,Ly6C+CD8+ T-cells,10.4251964,10.26011295,9.985509275,10.569620350000001,101.60898277440505
Pam1ug,Spleen,144,Ly6C- NK cells,2.9178071,2.7698557999999998,2.6842578749999997,3.1174164250000005,105.34148023157019
Pam1ug,Spleen,144,Ly6C-CD8+ T-cells,7.08317485,7.504251450000001,6.0247415,8.342358475000001,94.3888260833797
Pam1ug,Spleen,144,Monocytes,0.5391697833333333,0.5364207,0.45794095,0.652103975,100.5124864371068
Pam1ug,Spleen,144,Neutrophils,1.7549744666666665,1.91787665,1.1764208,2.091372275,91.5061178030749
Pam1ug,Spleen,144,Unknown Myeloid,1.0380638833333333,1.0624265000000002,0.9765174500000001,1.1158979,97.70688921382639
Pam1ug,Spleen,144,cDC1,0.4993276833333333,0.5041972,0.4468898250000001,0.5663519,99.03420394507016
Pam1ug,Spleen,144,cDC2,1.0977268333333334,1.1084452,1.032083225,1.14552315,99.03302692215487
Pam1ug,Spleen,144,moDCs,0.012230921666666667,0.011062065,0.006239222500000001,0.01822595,110.56635146029848
Pam1ug,Spleen,144,pDCs,0.9261734666666667,0.9143056,0.7829592999999999,1.101327025,101.29801968473853
Pam1ug+IAV,Lung,2,B-cells,25.377685016666668,24.9715593,20.825839349999995,30.079697699999997,101.62635305143588
Pam1ug+IAV,Lung,2,CD103+CD4+ T-cells,0.8588581833333334,0.85096545,0.8330454749999999,0.906909225,100.92750338257956
Pam1ug+IAV,Lung,2,CD206+ Macrophages,0.5758765833333334,0.5355368,0.450194825,0.652098425,107.53258848567144
Pam1ug+IAV,Lung,2,CD4+ T-cells,24.34147045,23.9717589,23.315122925,25.52746675,101.54227961136384
Pam1ug+IAV,Lung,2,CD64+MHCII- Macrophages,0.05247806666666667,0.03703,0.030158525000000002,0.069155925,141.71770636420922
Pam1ug+IAV,Lung,2,Drop,8.140320766666667,7.357817050000001,6.823207775000001,9.250846724999999,110.63499827936964
Pam1ug+IAV,Lung,2,Ly6C(hi)CD64(hi) Monocytes,3.897769783333333,2.97799735,2.485355625,5.22924395,130.88560281402982
Pam1ug+IAV,Lung,2,Ly6C+ NK cells,4.657594966666667,3.8572404000000002,3.33381325,4.65919445,120.74940848039097
Pam1ug+IAV,Lung,2,Ly6C+CD8+ T-cells,5.883166849999999,5.9134193,5.5231672750000005,6.249436575,99.48841019949319
Pam1ug+IAV,Lung,2,Ly6C- NK cells,5.3562035,5.29003805,4.545325324999999,5.411993525000001,101.25075565382748
Pam1ug+IAV,Lung,2,Ly6C-CD8+ T-cells,4.7421884,4.7959622,4.14693465,5.174917375000001,98.87876931140116
Pam1ug+IAV,Lung,2,Monocytes,2.0465411833333333,1.3550339500000002,1.21379475,2.619832025,151.03246552112833
Pam1ug+IAV,Lung,2,Neutrophils,6.3682731,4.02976655,3.6613151999999998,6.282162625,158.03081942798894
Pam1ug+IAV,Lung,2,Unknown Myeloid,3.376420366666667,3.4322304999999997,3.01330535,3.7851837,98.37393982329179
Pam1ug+IAV,Lung,2,cDC1,0.42211961666666664,0.43545320000000004,0.33094015000000004,0.550702425,96.93799854190223
Pam1ug+IAV,Lung,2,cDC2,0.15583088333333334,0.16400964999999998,0.1178555,0.17838420000000002,95.01324058269337
Pam1ug+IAV,Lung,2,moDCs,3.2808679333333335,3.31523315,1.7924718,4.643044075000001,98.96341478527184
Pam1ug+IAV,Lung,2,pDCs,0.4663343166666667,0.4945227,0.40076065,0.518825975,94.29988080762858
Pam1ug+IAV,Lung,6,B-cells,22.247540700000002,22.76494215,18.251515375,25.618096174999998,97.72720068168502
Pam1ug+IAV,Lung,6,CD103+CD4+ T-cells,0.7129352999999999,0.8245456,0.491107575,0.895979075,86.4640233360047
Pam1ug+IAV,Lung,6,CD206+ Macrophages,0.5470171,0.470443,0.39069415,0.6915648999999999,116.27701974521887
Pam1ug+IAV,Lung,6,CD4+ T-cells,20.33879185,20.7942797,18.354089625,22.6425022,97.8095521625594
Pam1ug+IAV,Lung,6,CD64+MHCII- Macrophages,0.07361145,0.057059649999999996,0.037258175000000004,0.11586675000000002,129.00788911253397
Pam1ug+IAV,Lung,6,Drop,5.0653122,4.9600386499999995,3.2030192750000004,6.991855175,102.12243406611358
Pam1ug+IAV,Lung,6,Ly6C(hi)CD64(hi) Monocytes,5.127759466666666,4.4448215,3.8995147,5.324152725,115.36480073871734
Pam1ug+IAV,Lung,6,Ly6C+ NK cells,3.3873952,3.37837925,2.7568327749999995,4.013941275,100.26687205114699
Pam1ug+IAV,Lung,6,Ly6C+CD8+ T-cells,4.350941766666667,4.401959199999999,4.157032875,4.5243704750000004,98.84102893699395
Pam1ug+IAV,Lung,6,Ly6C- NK cells,4.625230166666667,4.7033279,3.8773112500000004,5.162178300000001,98.3395218238275
Pam1ug+IAV,Lung,6,Ly6C-CD8+ T-cells,4.053163366666666,4.2278382500000005,3.8293057999999998,4.462699999999999,95.86845870148098
Pam1ug+IAV,Lung,6,Monocytes,3.0039781166666666,2.9586584499999997,2.703914475,3.250045325,101.5317640556539
Pam1ug+IAV,Lung,6,Neutrophils,18.721733916666665,13.783456099999999,11.62454415,25.654895875,135.82757314884665
Pam1ug+IAV,Lung,6,Unknown Myeloid,4.71207965,4.4304625,3.8273455499999995,5.091448925,106.35638265756677
Pam1ug+IAV,Lung,6,cDC1,0.38807485,0.38941935000000005,0.357123625,0.40066122500000007,99.65474237476899
Pam1ug+IAV,Lung,6,cDC2,0.10295546666666666,0.08831685,0.07767557499999998,0.12398780000000001,116.57511184634264
Pam1ug+IAV,Lung,6,moDCs,2.100565483333333,1.9759227499999996,1.6615988250000002,2.4204217,106.30807724306699
Pam1ug+IAV,Lung,6,pDCs,0.44091393333333334,0.44272075000000005,0.37085835,0.49028082500000003,99.59188344646897
Pam1ug+IAV,Lung,24,B-cells,27.554101916666667,24.59362745,19.61898365,36.127622225,112.03756734416446
Pam1ug+IAV,Lung,24,CD103+CD4+ T-cells,1.0522226333333333,0.9476387,0.7386845750000001,1.279014875,111.0362665996369
Pam1ug+IAV,Lung,24,CD206+ Macrophages,0.57535005,0.5355423,0.465946375,0.55931135,107.43316634372297
Pam1ug+IAV,Lung,24,CD4+ T-cells,14.225886616666667,14.367087649999998,12.900507900000003,16.016857525,99.01719098001513
Pam1ug+IAV,Lung,24,CD64+MHCII- Macrophages,0.29118388333333334,0.19792909999999997,0.10292715,0.316094875,147.11524648641023
Pam1ug+IAV,Lung,24,Drop,4.482069783333333,4.55435655,2.8690373749999996,5.861088025,98.41279957172729
Pam1ug+IAV,Lung,24,Ly6C(hi)CD64(hi) Monocytes,2.15583585,1.93577875,1.4330645,2.5969280249999995,111.36788488870435
Pam1ug+IAV,Lung,24,Ly6C+ NK cells,3.271900183333333,3.04521135,2.442342825,3.69151155,107.44410838128961
Pam1ug+IAV,Lung,24,Ly6C+CD8+ T-cells,3.9915496833333335,4.209511000000001,3.8616636749999995,4.4605166,94.82217016022366
Pam1ug+IAV,Lung,24,Ly6C- NK cells,4.369010283333333,4.35286395,4.096365825,5.038690575,100.37093586013258
Pam1ug+IAV,Lung,24,Ly6C-CD8+ T-cells,2.948164183333333,2.90491165,2.3608249,3.452477575,101.48894488179472
Pam1ug+IAV,Lung,24,Monocytes,0.7739075833333333,0.6718905,0.43816330000000003,1.0853826500000001,115.18358770265891
Pam1ug+IAV,Lung,24,Neutrophils,26.922088666666667,29.2327162,12.422486600000001,38.5206921,92.09574807375125
Pam1ug+IAV,Lung,24,Unknown Myeloid,4.93868375,4.71463505,3.9165152500000002,6.016162125,104.75219603689155
Pam1ug+IAV,Lung,24,cDC1,0.3281831833333333,0.2858573,0.27837334999999996,0.33048170000000004,114.80664769916085
Pam1ug+IAV,Lung,24,cDC2,0.21966451666666667,0.20050945,0.14199095,0.300891225,109.55319894731478
Pam1ug+IAV,Lung,24,moDCs,1.283698,1.2956359000000002,0.9496513750000001,1.656252625,99.07860688330726
Pam1ug+IAV,Lung,24,pDCs,0.6164993,0.61938615,0.5598138249999999,0.636149,99.53391757306811
Pam1ug+IAV,Lung,48,B-cells,35.1056145,37.96675165,28.975213,39.576547975000004,92.46409812360127
Pam1ug+IAV,Lung,48,CD103+CD4+ T-cells,1.4743593166666666,1.39041225,1.1591385749999998,1.8728481749999997,106.0375666761183
Pam1ug+IAV,Lung,48,CD206+ Macrophages,0.5120816,0.47679505,0.420285525,0.505621475,107.40077943342743
Pam1ug+IAV,Lung,48,CD4+ T-cells,15.511166033333335,16.414113750000002,13.118727150000002,17.741078025,94.49895540862407
Pam1ug+IAV,Lung,48,CD64+MHCII- Macrophages,0.23553688333333334,0.22058054999999996,0.160841075,0.25629587499999995,106.78044067499759
Pam1ug+IAV,Lung,48,Drop,5.9659952,5.9239553,5.201386725,6.8089456,100.70965930482292
Pam1ug+IAV,Lung,48,Ly6C(hi)CD64(hi) Monocytes,1.9648047666666664,2.08843085,1.929450875,2.299307,94.08043204622582
Pam1ug+IAV,Lung,48,Ly6C+ NK cells,3.7168346,3.77841935,3.2207322250000003,4.185526725,98.37009224505479
Pam1ug+IAV,Lung,48,Ly6C+CD8+ T-cells,5.063984733333333,4.7512408,4.419781325,5.744312025000001,106.58236335513311
Pam1ug+IAV,Lung,48,Ly6C- NK cells,5.7472099666666665,5.8496211,5.37640125,6.4460937,98.24926894267846
Pam1ug+IAV,Lung,48,Ly6C-CD8+ T-cells,6.7837786,3.79352815,3.5925,4.386566825,178.82504970999094
Pam1ug+IAV,Lung,48,Monocytes,1.6365496166666667,1.61273015,1.41696505,1.873466175,101.47696542206188
Pam1ug+IAV,Lung,48,Neutrophils,8.507131116666667,7.115932450000001,6.870988874999999,7.500128675000001,119.55047601199004
Pam1ug+IAV,Lung,48,Unknown Myeloid,4.919016966666667,4.603836749999999,4.11671795,5.18912845,106.84603372755707
Pam1ug+IAV,Lung,48,cDC1,0.5217552000000001,0.5541637,0.50249635,0.578997325,94.15181831650106
Pam1ug+IAV,Lung,48,cDC2,0.2663057833333333,0.2583991,0.19649165,0.33159524999999995,103.05987262855534
Pam1ug+IAV,Lung,48,moDCs,1.0337122166666668,0.8810967499999999,0.34271414999999994,1.748444125,117.32107928745248
Pam1ug+IAV,Lung,48,pDCs,1.0341629166666666,0.9318203500000001,0.89196125,1.236211125,110.9830791596971
Pam1ug+IAV,Lung,72,B-cells,39.95071325,40.576544250000005,35.40192665000001,45.6946966,98.45765327834688
Pam1ug+IAV,Lung,72,CD103+CD4+ T-cells,1.4183776333333333,1.4290439,1.12386525,1.5244738,99.25360818749749
Pam1ug+IAV,Lung,72,CD206+ Macrophages,0.4638526666666667,0.38070775,0.3123696,0.44385859999999994,121.83956503818656
Pam1ug+IAV,Lung,72,CD4+ T-cells,13.415398083333333,13.566616799999998,11.981485949999998,15.658980375,98.88536162776657
Pam1ug+IAV,Lung,72,CD64+MHCII- Macrophages,0.3997859833333333,0.40876840000000003,0.34466040000000003,0.452652125,97.80256578867967
Pam1ug+IAV,Lung,72,Drop,6.285069316666666,5.73886125,4.912115525,7.287559225,109.51770818063716
Pam1ug+IAV,Lung,72,Ly6C(hi)CD64(hi) Monocytes,5.372331966666667,5.4312315,3.7705742,6.19081705,98.91553999616232
Pam1ug+IAV,Lung,72,Ly6C+ NK cells,5.666391166666666,5.0940144,3.99116115,6.954260925,111.2362612611905
Pam1ug+IAV,Lung,72,Ly6C+CD8+ T-cells,6.023224816666667,5.662284850000001,5.1548169,6.845931650000001,106.37445794813141
Pam1ug+IAV,Lung,72,Ly6C- NK cells,6.440883933333333,6.297953449999999,5.7804304250000005,7.00520345,102.26947506786246
Pam1ug+IAV,Lung,72,Ly6C-CD8+ T-cells,3.241337666666667,3.15200815,2.782845675,3.59689775,102.8340509419897
Pam1ug+IAV,Lung,72,Monocytes,1.5320650833333334,1.4811177500000001,1.0379554000000002,1.8615294749999998,103.43978953282635
Pam1ug+IAV,Lung,72,Neutrophils,3.3266579,2.0083978,1.276084625,4.952751225,165.63740012063346
Pam1ug+IAV,Lung,72,Unknown Myeloid,3.8628519166666666,3.65728855,3.39553245,4.089561725,105.62064939247593
Pam1ug+IAV,Lung,72,cDC1,0.5349322166666667,0.5351448,0.45146872499999996,0.58336875,99.9602755490975
Pam1ug+IAV,Lung,72,cDC2,0.08382098333333332,0.052424349999999995,0.04672465,0.11653825,159.88940889745572
Pam1ug+IAV,Lung,72,moDCs,0.5664656833333334,0.6185001,0.437711325,0.7288191,91.58699947394243
Pam1ug+IAV,Lung,72,pDCs,1.4158396833333333,1.1643863,1.058687575,1.6664871,121.59535742848686
Pam1ug+IAV,Lung,96,B-cells,39.91459943333333,39.24265065,37.393098200000004,43.54168105,101.7122920399194
Pam1ug+IAV,Lung,96,CD103+CD4+ T-cells,1.0959092333333333,1.00322415,0.9247682749999999,1.3025086,109.23872131002162
Pam1ug+IAV,Lung,96,CD206+ Macrophages,0.5137791166666666,0.37800205,0.289029925,0.6407596,135.91966410411442
Pam1ug+IAV,Lung,96,CD4+ T-cells,14.787252816666665,14.7393699,13.822444075000002,15.497581774999999,100.32486406808113
Pam1ug+IAV,Lung,96,CD64+MHCII- Macrophages,0.4180680333333333,0.2821769,0.268552175,0.523743725,148.15813531629743
Pam1ug+IAV,Lung,96,Drop,6.1265973166666665,6.11505035,5.8062553999999995,6.213773975,100.18882864417735
Pam1ug+IAV,Lung,96,Ly6C(hi)CD64(hi) Monocytes,4.728167583333334,4.5548864,4.1329612000000004,5.059654875,103.80429209679815
Pam1ug+IAV,Lung,96,Ly6C+ NK cells,5.512542083333334,5.62526205,4.466566499999999,6.4999098,97.99618283264392
Pam1ug+IAV,Lung,96,Ly6C+CD8+ T-cells,7.93023705,7.2352818,7.008418275,8.715434475,109.6050889130538
Pam1ug+IAV,Lung,96,Ly6C- NK cells,6.651640516666666,6.2069026,5.8306751000000006,7.609167749999999,107.16521500863678
Pam1ug+IAV,Lung,96,Ly6C-CD8+ T-cells,2.5727494833333333,2.6116404,1.715668125,3.1662618750000004,98.51086249597506
Pam1ug+IAV,Lung,96,Monocytes,1.55448735,1.55287655,1.093764525,1.9602845500000001,100.10373007435783
Pam1ug+IAV,Lung,96,Neutrophils,2.1903494,2.40198885,1.3998396499999999,2.9414641749999997,91.18899115622456
Pam1ug+IAV,Lung,96,Unknown Myeloid,3.613752666666667,3.55869355,2.966257875,4.1842083500000005,101.54717218251814
Pam1ug+IAV,Lung,96,cDC1,0.5996532666666667,0.5015463,0.39419787500000003,0.7783819,119.56089929617002
Pam1ug+IAV,Lung,96,cDC2,0.04952188333333333,0.0384792,0.0348902,0.04631110000000001,128.6977986375323
Pam1ug+IAV,Lung,96,moDCs,0.6146138166666666,0.51892465,0.4488359,0.78511395,118.43989617118143
Pam1ug+IAV,Lung,96,pDCs,1.1260788333333334,1.17350515,0.9680316500000001,1.2593469,95.9585761795194
Pam1ug+IAV,Lung,144,B-cells,28.498502300000002,25.287257549999996,23.688167399999998,33.312688125,112.69906293179668
Pam1ug+IAV,Lung,144,CD103+CD4+ T-cells,1.3805477833333333,1.34503105,1.2159354500000001,1.516402275,102.64058835915597
Pam1ug+IAV,Lung,144,CD206+ Macrophages,0.76121895,0.71422075,0.50285245,0.9533844999999999,106.58034648251258
Pam1ug+IAV,Lung,144,CD4+ T-cells,16.454410816666666,16.02757395,15.026226174999998,17.488061825,102.66314083465305
Pam1ug+IAV,Lung,144,CD64+MHCII- Macrophages,0.39791286666666664,0.4112451,0.275546425,0.484486175,96.7580809270838
Pam1ug+IAV,Lung,144,Drop,6.688769499999999,6.6222178,5.901801925,7.54235305,101.00497600667862
Pam1ug+IAV,Lung,144,Ly6C(hi)CD64(hi) Monocytes,6.749068950000001,6.8399361999999995,4.874698325,8.9102706,98.67151904136183
Pam1ug+IAV,Lung,144,Ly6C+ NK cells,4.0447423,4.1385708,3.635640825,4.277132775,97.73282844406094
Pam1ug+IAV,Lung,144,Ly6C+CD8+ T-cells,7.596224533333333,7.11571895,7.00647615,7.573508725,106.75273414688947
Pam1ug+IAV,Lung,144,Ly6C- NK cells,8.20527035,7.9137745,7.718745275,8.317688099999998,103.68339848450319
Pam1ug+IAV,Lung,144,Ly6C-CD8+ T-cells,3.0846480666666665,2.512102,2.264725725,3.0746296250000005,122.79151350807676
Pam1ug+IAV,Lung,144,Monocytes,2.3701620666666665,2.41284915,1.951079675,2.773640425,98.23084326124021
Pam1ug+IAV,Lung,144,Neutrophils,6.1918993166666665,6.675592599999999,3.031539025,8.609952999999999,92.75430194267199
Pam1ug+IAV,Lung,144,Unknown Myeloid,4.435548000000001,4.2888358,3.6870611749999997,4.752821925,103.42079312059465
Pam1ug+IAV,Lung,144,cDC1,0.5511802833333334,0.56752995,0.48565992500000005,0.63556,97.11915350605433
Pam1ug+IAV,Lung,144,cDC2,0.06076541666666667,0.05677614999999999,0.037473925,0.08993200000000001,107.02630711428422
Pam1ug+IAV,Lung,144,moDCs,1.3464877333333334,1.1573859,0.8656165,1.393730525,116.33870201229628
Pam1ug+IAV,Lung,144,pDCs,1.1826408,1.13395115,1.015968975,1.181140525,104.29380489626911
Pam1ug+IAV,Nasal Tissue,2,B-cells,50.9793251,51.9568854,48.348890125,55.818696275,98.11851635741044
Pam1ug+IAV,Nasal Tissue,2,CD103+CD4+ T-cells,0.6753849166666667,0.6362036499999999,0.50940205,0.8401855,106.15860450763945
Pam1ug+IAV,Nasal Tissue,2,CD206+ Macrophages,1.6561405500000002,1.6955202500000002,1.311934525,2.11982535,97.6774267367199
Pam1ug+IAV,Nasal Tissue,2,CD4+ T-cells,2.6175081166666665,1.5388598999999998,1.106745875,3.531764725,170.09398429750925
Pam1ug+IAV,Nasal Tissue,2,CD64+MHCII- Macrophages,0.37602985,0.33278595,0.20985184999999998,0.425588725,112.99450893284406
Pam1ug+IAV,Nasal Tissue,2,Drop,6.5416505166666665,6.7313604,6.4951199,6.958869625,97.18170069554836
Pam1ug+IAV,Nasal Tissue,2,Ly6C(hi)CD64(hi) Monocytes,4.713805083333334,4.51961755,4.112714400000001,5.12603915,104.29654790886748
Pam1ug+IAV,Nasal Tissue,2,Ly6C+ NK cells,0.56635195,0.56078725,0.53346165,0.5896418,100.99230144765241
Pam1ug+IAV,Nasal Tissue,2,Ly6C+CD8+ T-cells,0.5994956499999999,0.5332602000000001,0.41164557500000004,0.616512475,112.42085008406775
Pam1ug+IAV,Nasal Tissue,2,Ly6C- NK cells,2.486867033333333,2.4837792,2.2933385250000002,2.6383823250000003,100.12431996102285
Pam1ug+IAV,Nasal Tissue,2,Ly6C-CD8+ T-cells,0.50565785,0.3647875,0.338418175,0.688161025,138.61709899599083
Pam1ug+IAV,Nasal Tissue,2,Monocytes,2.080922516666667,1.97054215,1.657259175,2.3380028,105.60152274168138
Pam1ug+IAV,Nasal Tissue,2,Neutrophils,20.078171,18.3384954,16.4965161,23.955026699999998,109.48646855728417
Pam1ug+IAV,Nasal Tissue,2,Unknown Myeloid,4.372698616666667,4.4522549499999995,3.1883112249999996,5.21836465,98.21312269340432
Pam1ug+IAV,Nasal Tissue,2,cDC1,0.14235223333333333,0.1550198,0.10589047500000001,0.1925155,91.82842019750595
Pam1ug+IAV,Nasal Tissue,2,cDC2,0.06174473333333333,0.0530097,0.0511823,0.0658444,116.4781791508598
Pam1ug+IAV,Nasal Tissue,2,moDCs,0.04422484499999999,0.0298731,0.021639549999999997,0.04786415,148.04236922180823
Pam1ug+IAV,Nasal Tissue,2,pDCs,1.5016694333333334,1.4921284,1.369366375,1.6076110000000001,100.63942441771991
Pam1ug+IAV,Nasal Tissue,6,B-cells,50.274600033333336,51.94683634999999,48.555792249999996,55.758569775,96.7808697619241
Pam1ug+IAV,Nasal Tissue,6,CD103+CD4+ T-cells,0.48243925,0.37824345,0.32805674999999995,0.45881174999999996,127.54728469190941
Pam1ug+IAV,Nasal Tissue,6,CD206+ Macrophages,0.94915595,0.9450771,0.725222075,1.12042315,100.4315891264321
Pam1ug+IAV,Nasal Tissue,6,CD4+ T-cells,1.4226002666666666,1.26233035,1.120273925,1.288807125,112.69635295282781
Pam1ug+IAV,Nasal Tissue,6,CD64+MHCII- Macrophages,0.11894165,0.11686605,0.10460697499999998,0.12567895,101.77605044407679
Pam1ug+IAV,Nasal Tissue,6,Drop,4.822869483333333,4.79543335,4.170258049999999,5.164590225,100.57213042765642
Pam1ug+IAV,Nasal Tissue,6,Ly6C(hi)CD64(hi) Monocytes,5.350880166666667,5.87536085,4.64203715,6.3313201999999995,91.07321751423434
Pam1ug+IAV,Nasal Tissue,6,Ly6C+ NK cells,0.4989944166666666,0.4956637,0.42556122500000004,0.5737220249999999,100.67197106963181
Pam1ug+IAV,Nasal Tissue,6,Ly6C+CD8+ T-cells,0.40701336666666665,0.3990558,0.342315775,0.46997089999999997,101.99409873673473
Pam1ug+IAV,Nasal Tissue,6,Ly6C- NK cells,1.8879964833333331,2.0316870000000002,1.6905444499999998,2.0913563500000003,92.92752689431654
Pam1ug+IAV,Nasal Tissue,6,Ly6C-CD8+ T-cells,0.42749611666666665,0.3513534,0.280617375,0.46824345000000006,121.6712622296146
Pam1ug+IAV,Nasal Tissue,6,Monocytes,3.3112518833333335,3.60374925,3.133842025,4.0230727250000005,91.88352611751036
Pam1ug+IAV,Nasal Tissue,6,Neutrophils,25.002740183333334,20.222849800000002,19.259681725,24.949899625,123.63608705303903
Pam1ug+IAV,Nasal Tissue,6,Unknown Myeloid,3.701215833333334,3.46157105,3.331354825,3.748622175,106.92300634225992
Pam1ug+IAV,Nasal Tissue,6,cDC1,0.032604249999999994,0.02885225,0.0178455,0.04146925,113.00418511554557
Pam1ug+IAV,Nasal Tissue,6,cDC2,0.046189350000000004,0.0415108,0.0248801,0.067594125,111.27068136484964
Pam1ug+IAV,Nasal Tissue,6,moDCs,0.014488553999999999,0.011777899999999999,0.0039968600000000005,0.0129138,123.01474796016268
Pam1ug+IAV,Nasal Tissue,6,pDCs,1.2509375666666667,1.1794924500000001,0.9177640250000001,1.5676694500000001,106.05727630275771
Pam1ug+IAV,Nasal Tissue,24,B-cells,46.8878816,47.5957485,44.318539525,50.48580185,98.51275182698303
Pam1ug+IAV,Nasal Tissue,24,CD103+CD4+ T-cells,1.1892918166666666,0.6887961,0.49244905,0.9686342000000001,172.66239118756138
Pam1ug+IAV,Nasal Tissue,24,CD206+ Macrophages,1.61208705,1.30880775,1.0679501,2.2737811750000003,123.17218094101293
Pam1ug+IAV,Nasal Tissue,24,CD4+ T-cells,2.10730945,1.54014745,1.3378184000000002,2.185955925,136.82517540771826
Pam1ug+IAV,Nasal Tissue,24,CD64+MHCII- Macrophages,0.7534297000000001,0.6489853,0.4995844750000001,0.74488705,116.09349241038281
Pam1ug+IAV,Nasal Tissue,24,Drop,4.3278804,4.32523025,4.1240710499999995,4.5708121749999995,100.06127188257781
Pam1ug+IAV,Nasal Tissue,24,Ly6C(hi)CD64(hi) Monocytes,4.9598746333333334,5.0863587500000005,4.4682623249999995,5.7660844000000004,97.51326788212359
Pam1ug+IAV,Nasal Tissue,24,Ly6C+ NK cells,0.6432764333333334,0.6523297,0.5498556,0.7048217,98.6121639614651
Pam1ug+IAV,Nasal Tissue,24,Ly6C+CD8+ T-cells,0.5304512833333334,0.5439499000000001,0.384943,0.7130839,97.51840809849092
Pam1ug+IAV,Nasal Tissue,24,Ly6C- NK cells,2.2881321166666666,2.1502653,1.985828,2.308408375,106.41161891356691
Pam1ug+IAV,Nasal Tissue,24,Ly6C-CD8+ T-cells,0.49512516666666667,0.496219,0.305584625,0.65229855,99.77956641456024
Pam1ug+IAV,Nasal Tissue,24,Monocytes,1.9466144833333334,1.8913896,1.2963714499999999,2.60266255,102.91980474743721
Pam1ug+IAV,Nasal Tissue,24,Neutrophils,25.146090466666664,24.79600225,24.00923585,26.4903573,101.41187362840583
Pam1ug+IAV,Nasal Tissue,24,Unknown Myeloid,5.271436166666667,4.66043555,4.062761125,5.247686775,113.11037584602295
Pam1ug+IAV,Nasal Tissue,24,cDC1,0.11803711666666668,0.09997625000000002,0.0882898,0.11800935000000001,118.06515714148776
Pam1ug+IAV,Nasal Tissue,24,cDC2,0.12985246666666667,0.08905075,0.07924084999999999,0.10490512499999999,145.8184986276552
Pam1ug+IAV,Nasal Tissue,24,moDCs,0.025861133333333335,0.0234906,0.016529175,0.033371175,110.09141245150542
Pam1ug+IAV,Nasal Tissue,24,pDCs,1.5673685,1.60144565,1.47497825,1.6668077749999999,97.8721007484706
Pam1ug+IAV,Nasal Tissue,48,B-cells,41.6925184,41.9198908,40.23391195,43.874257375,99.45760259470904
Pam1ug+IAV,Nasal Tissue,48,CD103+CD4+ T-cells,1.3806869,1.44462375,1.1985213000000001,1.6340571750000001,95.57415209323534
Pam1ug+IAV,Nasal Tissue,48,CD206+ Macrophages,1.8696694166666665,1.3622476000000001,1.212009975,2.1920706500000002,137.24886846316826
Pam1ug+IAV,Nasal Tissue,48,CD4+ T-cells,2.4295083500000003,1.7024795500000003,1.31492345,2.7917009249999998,142.70411353839756
Pam1ug+IAV,Nasal Tissue,48,CD64+MHCII- Macrophages,1.1128905833333333,0.8564823000000001,0.516073475,1.7264656,129.93737095715034
Pam1ug+IAV,Nasal Tissue,48,Drop,6.348376383333333,6.6229098,5.086579075,7.580325275,95.85479154998204
Pam1ug+IAV,Nasal Tissue,48,Ly6C(hi)CD64(hi) Monocytes,5.519492666666667,5.22276995,4.8485553999999995,6.118482075,105.68132848100397
Pam1ug+IAV,Nasal Tissue,48,Ly6C+ NK cells,0.67192885,0.61255715,0.4669786,0.8882886749999999,109.69243441203812
Pam1ug+IAV,Nasal Tissue,48,Ly6C+CD8+ T-cells,0.63387695,0.5520824000000001,0.5062182000000001,0.589036975,114.81564165059417
Pam1ug+IAV,Nasal Tissue,48,Ly6C- NK cells,2.2545009833333336,2.23769345,1.959077775,2.59063555,100.7511097345945
Pam1ug+IAV,Nasal Tissue,48,Ly6C-CD8+ T-cells,0.5900152666666667,0.55902305,0.35723380000000005,0.7246422,105.54399620313808
Pam1ug+IAV,Nasal Tissue,48,Monocytes,3.6134983833333334,3.8560677,2.8102281749999998,4.477409925,93.70941239785114
Pam1ug+IAV,Nasal Tissue,48,Neutrophils,23.538063466666667,23.20777545,18.7622198,26.520203575,101.4231782678967
Pam1ug+IAV,Nasal Tissue,48,Unknown Myeloid,5.730906483333333,5.8672386,4.2890667,7.204932975,97.67638362846421
Pam1ug+IAV,Nasal Tissue,48,cDC1,0.19961371666666664,0.1105331,0.0876886,0.17688165,180.5918016111614
Pam1ug+IAV,Nasal Tissue,48,cDC2,0.14218675,0.14458205,0.1163297,0.164233775,98.34329365228949
Pam1ug+IAV,Nasal Tissue,48,moDCs,0.009235508,0.006612010000000001,0.00587855,0.0107747,139.67776818244374
Pam1ug+IAV,Nasal Tissue,48,pDCs,2.2645702666666665,2.2416262,2.0857760499999998,2.563916425,101.02354561463756
Pam1ug+IAV,Nasal Tissue,72,B-cells,35.56313836,34.803578699999996,33.2993083,35.8838932,102.18241826953273
Pam1ug+IAV,Nasal Tissue,72,CD103+CD4+ T-cells,0.7363444600000001,0.8593872,0.5115793000000001,0.9697132,85.68250260185398
Pam1ug+IAV,Nasal Tissue,72,CD206+ Macrophages,1.7077162600000002,1.7030421,1.6117498000000001,1.8266357,100.27445945111985
Pam1ug+IAV,Nasal Tissue,72,CD4+ T-cells,1.52455204,1.450216,1.3948854,1.5842456,105.12585987190874
Pam1ug+IAV,Nasal Tissue,72,CD64+MHCII- Macrophages,0.80881448,0.6288745,0.5775895,0.9562823,128.61301897278392
Pam1ug+IAV,Nasal Tissue,72,Drop,6.91168512,5.948570999999999,5.6109863,6.5043558,116.190680417196
Pam1ug+IAV,Nasal Tissue,72,Ly6C(hi)CD64(hi) Monocytes,8.41311284,8.7188514,7.6099658,9.493396,96.49336195820473
Pam1ug+IAV,Nasal Tissue,72,Ly6C+ NK cells,0.47620242,0.5170801,0.4445638,0.5952533,92.09451688432797
Pam1ug+IAV,Nasal Tissue,72,Ly6C+CD8+ T-cells,0.44575442,0.3602177,0.3356981,0.42356570000000004,123.74584036264737
Pam1ug+IAV,Nasal Tissue,72,Ly6C- NK cells,1.594931,1.8306360000000002,1.6605868,1.8317838999999998,87.12442014687791
Pam1ug+IAV,Nasal Tissue,72,Ly6C-CD8+ T-cells,0.23832172000000001,0.183515,0.1660578,0.35755539999999997,129.86498106421817
Pam1ug+IAV,Nasal Tissue,72,Monocytes,3.34641926,3.2010832000000002,2.7706287,3.2104856,104.54021501221835
Pam1ug+IAV,Nasal Tissue,72,Neutrophils,31.73045844,33.565338,30.207189,35.9492311,94.53340955482112
Pam1ug+IAV,Nasal Tissue,72,Unknown Myeloid,4.488766839999999,4.2395346,3.9661541000000002,4.7857418,105.87876414547954
Pam1ug+IAV,Nasal Tissue,72,cDC1,0.10611284000000001,0.09197050000000001,0.0880136,0.1320413,115.37703937675667
Pam1ug+IAV,Nasal Tissue,72,cDC2,0.03709424,0.0306568,0.0246179,0.0495077,120.99840818350252
Pam1ug+IAV,Nasal Tissue,72,moDCs,0.00397595,0.0036737299999999996,0.00213871,0.00551097,108.22651637436611
Pam1ug+IAV,Nasal Tissue,72,pDCs,1.8673944599999999,1.629255,1.5620173,1.6777601,114.61646335288214
Pam1ug+IAV,Nasal Tissue,96,B-cells,33.02792568333333,33.557123,27.045411650000002,38.661240425,98.42299556887917
Pam1ug+IAV,Nasal Tissue,96,CD103+CD4+ T-cells,0.7722935,0.5992559999999999,0.3498001,1.2105935749999999,128.87538881546453
Pam1ug+IAV,Nasal Tissue,96,CD206+ Macrophages,1.3616820333333333,1.1784281,1.096363775,1.43381975,115.55070974065649
Pam1ug+IAV,Nasal Tissue,96,CD4+ T-cells,2.3801538833333336,1.6126435000000001,0.7739935,3.7771508500000004,147.59330771700834
Pam1ug+IAV,Nasal Tissue,96,CD64+MHCII- Macrophages,0.9189591666666667,0.5021298000000001,0.42796117499999997,0.7760592749999999,183.01227424993826
Pam1ug+IAV,Nasal Tissue,96,Drop,6.3753434166666665,6.22208795,6.136007775,6.451726450000001,102.46308743782168
Pam1ug+IAV,Nasal Tissue,96,Ly6C(hi)CD64(hi) Monocytes,9.54319565,9.492736099999998,9.0624267,9.8847484,100.5315595995553
Pam1ug+IAV,Nasal Tissue,96,Ly6C+ NK cells,1.0514128,0.6867287,0.50831065,1.2854536500000002,153.10453749785034
Pam1ug+IAV,Nasal Tissue,96,Ly6C+CD8+ T-cells,0.8204176333333334,0.53200245,0.379339,1.2078484999999999,154.21313066008125
Pam1ug+IAV,Nasal Tissue,96,Ly6C- NK cells,3.526739116666667,2.9612505000000002,2.1852327750000002,4.0909476,119.09627762550541
Pam1ug+IAV,Nasal Tissue,96,Ly6C-CD8+ T-cells,0.24853675000000003,0.1608367,0.089568225,0.42422614999999997,154.52738709510953
Pam1ug+IAV,Nasal Tissue,96,Monocytes,2.63005825,2.55541575,2.40044815,2.6875147249999998,102.92095327345463
Pam1ug+IAV,Nasal Tissue,96,Neutrophils,31.28205578333333,30.57649695,27.459808074999998,34.504644125,102.30752016650924
Pam1ug+IAV,Nasal Tissue,96,Unknown Myeloid,3.745306783333333,3.5403406,2.116652275,4.8335745249999995,105.78944814895304
Pam1ug+IAV,Nasal Tissue,96,cDC1,0.16576006666666668,0.1175691,0.07158475,0.15287884999999998,140.9894833478071
Pam1ug+IAV,Nasal Tissue,96,cDC2,0.0316934,0.035916,0.0176423,0.044764675,88.24312284218733
Pam1ug+IAV,Nasal Tissue,96,moDCs,0.004914786666666667,0.0042363900000000005,0.003426785,0.00606359,116.01355556657123
Pam1ug+IAV,Nasal Tissue,96,pDCs,2.1160086666666666,2.1155158,1.8914986000000003,2.385595375,100.02329770671847
Pam1ug+IAV,Nasal Tissue,144,B-cells,16.64396005,16.50724145,12.426738174999999,20.1623892,100.82823408389656
Pam1ug+IAV,Nasal Tissue,144,CD103+CD4+ T-cells,0.9859440500000001,0.8062079499999999,0.680989475,1.28063355,122.29401235748173
Pam1ug+IAV,Nasal Tissue,144,CD206+ Macrophages,0.9626788000000001,0.9271797,0.6260342999999999,1.2335875500000002,103.82871842427093
Pam1ug+IAV,Nasal Tissue,144,CD4+ T-cells,2.6384218333333336,3.0770261,1.3883839,3.48230805,85.74583859829248
Pam1ug+IAV,Nasal Tissue,144,CD64+MHCII- Macrophages,0.5411450166666667,0.45915390000000006,0.34368289999999996,0.5703621999999999,117.85700103313216
Pam1ug+IAV,Nasal Tissue,144,Drop,5.00845535,4.87824275,4.85830905,5.193047575,102.66925216052441
Pam1ug+IAV,Nasal Tissue,144,Ly6C(hi)CD64(hi) Monocytes,8.945264983333333,8.705275799999999,7.559929599999999,9.9531314,102.75682458370055
Pam1ug+IAV,Nasal Tissue,144,Ly6C+ NK cells,0.5370388666666667,0.50213265,0.451958075,0.65613175,106.95159270496883
Pam1ug+IAV,Nasal Tissue,144,Ly6C+CD8+ T-cells,0.9243211833333334,0.9600155499999998,0.62064555,1.1811458000000001,96.28189703107762
Pam1ug+IAV,Nasal Tissue,144,Ly6C- NK cells,3.1184760833333334,2.9152424,2.2972086000000003,4.0598581,106.97141628199883
Pam1ug+IAV,Nasal Tissue,144,Ly6C-CD8+ T-cells,0.38720845000000004,0.3619313,0.151812375,0.4807192,106.98396353120054
Pam1ug+IAV,Nasal Tissue,144,Monocytes,4.277852983333333,3.88751985,3.4235921000000005,4.931767075,110.04067241826002
Pam1ug+IAV,Nasal Tissue,144,Neutrophils,49.73370236666666,49.186967849999995,46.78904685,53.726639325,101.11154344446274
Pam1ug+IAV,Nasal Tissue,144,Unknown Myeloid,3.293599033333333,3.2005740500000006,2.636721425,3.8287691749999997,102.9065093286416
Pam1ug+IAV,Nasal Tissue,144,cDC1,0.2059239,0.180481,0.1319622,0.25974065,114.0972733971997
Pam1ug+IAV,Nasal Tissue,144,cDC2,0.024224975,0.02590415,0.024393275,0.029499124999999994,93.51773750538041
Pam1ug+IAV,Nasal Tissue,144,moDCs,0.007662762500000001,0.0038301,0.0033821725,0.00811069,200.06690425837448
Pam1ug+IAV,Nasal Tissue,144,pDCs,1.76667355,1.78743455,1.6116075250000002,2.029282725,98.83850292588335
Pam1ug+IAV,Spleen,2,B-cells,52.21617953333333,54.418076049999996,51.7400793,55.004455775,95.9537406014804
Pam1ug+IAV,Spleen,2,CD103+CD4+ T-cells,0.6238005666666667,0.6212761,0.591625225,0.649343875,100.40633571236151
Pam1ug+IAV,Spleen,2,CD206+ Macrophages,1.2598378333333333,0.9346120499999999,0.8795295249999999,1.7161615250000002,134.79794459458697
Pam1ug+IAV,Spleen,2,CD4+ T-cells,22.0063524,20.44329105,20.196463725,22.72585875,107.64584012513974
Pam1ug+IAV,Spleen,2,CD64+MHCII- Macrophages,0.008678063333333333,0.00932795,0.0049261899999999996,0.011602949999999999,93.03291005347727
Pam1ug+IAV,Spleen,2,Drop,2.2161486166666666,2.22823305,2.06715795,2.3648571,99.45766744042625
Pam1ug+IAV,Spleen,2,Ly6C(hi)CD64(hi) Monocytes,0.37267221666666667,0.3541927,0.316522875,0.43271285000000004,105.21736237552797
Pam1ug+IAV,Spleen,2,Ly6C+ NK cells,1.37079395,1.1878472000000002,0.999410475,1.670138275,115.40153901949675
Pam1ug+IAV,Spleen,2,Ly6C+CD8+ T-cells,8.320652583333334,7.76660235,7.506371225,8.590312675,107.13375306685214
Pam1ug+IAV,Spleen,2,Ly6C- NK cells,1.9401320166666667,1.81786175,1.7047097249999996,2.15901415,106.7260487034653
Pam1ug+IAV,Spleen,2,Ly6C-CD8+ T-cells,6.285643716666667,5.90523805,5.1706978,7.396607350000001,106.44183457882221
Pam1ug+IAV,Spleen,2,Monocytes,0.2563996333333333,0.24792915,0.23482107500000005,0.27373885,103.41649351572147
Pam1ug+IAV,Spleen,2,Neutrophils,0.5280562833333333,0.58866585,0.270565025,0.7578856,89.70390983838
Pam1ug+IAV,Spleen,2,Unknown Myeloid,0.5983157,0.59625435,0.556548425,0.6290936500000001,100.34571655535929
Pam1ug+IAV,Spleen,2,cDC1,0.37114115000000003,0.3609067,0.334516475,0.4221216,102.83576059962311
Pam1ug+IAV,Spleen,2,cDC2,0.8677627,0.8501427499999998,0.7945517500000001,0.95975715,102.07258722138137
Pam1ug+IAV,Spleen,2,moDCs,0.007847459999999999,0.007795075000000001,0.006956265,0.0086796575,100.67202688877268
Pam1ug+IAV,Spleen,2,pDCs,0.7495855499999999,0.7299194,0.6680376250000001,0.8036555249999999,102.69429062989694
Pam1ug+IAV,Spleen,6,B-cells,51.05959875,51.24484785,49.525515649999996,52.67566622499999,99.63850200015766
Pam1ug+IAV,Spleen,6,CD103+CD4+ T-cells,0.45046911666666667,0.44529284999999996,0.39138937499999993,0.499449075,101.16244100184109
Pam1ug+IAV,Spleen,6,CD206+ Macrophages,1.1969563833333334,1.2713509500000002,0.9023148750000001,1.3345425,94.14838470316424
Pam1ug+IAV,Spleen,6,CD4+ T-cells,21.51413785,21.191509850000003,21.0204825,21.794179375,101.52243989354066
Pam1ug+IAV,Spleen,6,CD64+MHCII- Macrophages,0.004902535,0.0029293350000000004,0.001840895,0.0070572625,167.3599980883033
Pam1ug+IAV,Spleen,6,Drop,1.9324674666666666,1.95771805,1.798664375,2.0598789749999997,98.71020327297215
Pam1ug+IAV,Spleen,6,Ly6C(hi)CD64(hi) Monocytes,0.47865308333333334,0.44938800000000007,0.3180903,0.6072042,106.51220845535111
Pam1ug+IAV,Spleen,6,Ly6C+ NK cells,0.6809314000000001,0.7313663499999999,0.59489635,0.751189225,93.10401004913614
Pam1ug+IAV,Spleen,6,Ly6C+CD8+ T-cells,7.501777566666668,7.3874851,7.1604540000000005,7.964806775000001,101.5471092681685
Pam1ug+IAV,Spleen,6,Ly6C- NK cells,1.2691799666666665,1.2548512,1.1780420249999999,1.2707819750000002,101.14186978238268
Pam1ug+IAV,Spleen,6,Ly6C-CD8+ T-cells,6.957528283333334,6.715449100000001,6.496490274999999,7.0389611500000004,103.6048100391876
Pam1ug+IAV,Spleen,6,Monocytes,0.27314228333333335,0.27534359999999997,0.22174185000000002,0.2912802,99.20052012588394
Pam1ug+IAV,Spleen,6,Neutrophils,4.388874583333333,3.9237916499999996,3.607572824999999,5.24915985,111.85289574010213
Pam1ug+IAV,Spleen,6,Unknown Myeloid,0.6284250166666666,0.5464287,0.5363225249999999,0.741121275,115.00585834284813
Pam1ug+IAV,Spleen,6,cDC1,0.3225573666666667,0.30632825,0.292089425,0.33652887499999995,105.29794972114608
Pam1ug+IAV,Spleen,6,cDC2,0.6718508166666667,0.62390265,0.5300604250000001,0.8019087500000001,107.68520003347746
Pam1ug+IAV,Spleen,6,moDCs,0.0020376095,0.00205001,0.0013484225000000001,0.0024898925000000002,99.3951005117048
Pam1ug+IAV,Spleen,6,pDCs,0.6665099833333333,0.6515915000000001,0.570951525,0.766097725,102.28954541815436
Pam1ug+IAV,Spleen,24,B-cells,54.22123165,53.610605899999996,52.937346625000004,56.035907699999996,101.1390017697972
Pam1ug+IAV,Spleen,24,CD103+CD4+ T-cells,0.5170568,0.46428549999999996,0.42488000000000004,0.50424435,111.36613139975296
Pam1ug+IAV,Spleen,24,CD206+ Macrophages,1.3353357166666666,1.1801972,0.9913969,1.683627675,113.14513512374597
Pam1ug+IAV,Spleen,24,CD4+ T-cells,19.62179253333333,19.08133605,17.913678175,20.203008425,102.83238281594716
Pam1ug+IAV,Spleen,24,CD64+MHCII- Macrophages,0.01688060333333333,0.014185050000000001,0.01071205,0.017706575,119.00277639721628
Pam1ug+IAV,Spleen,24,Drop,1.9694889833333333,1.9167812999999998,1.6193947,2.259842375,102.74980162490806
Pam1ug+IAV,Spleen,24,Ly6C(hi)CD64(hi) Monocytes,0.19638450000000002,0.2053549,0.162156825,0.22789145000000002,95.63175750858636
Pam1ug+IAV,Spleen,24,Ly6C+ NK cells,1.0533294,0.8149453000000001,0.649619,1.2204575249999998,129.251546085363
Pam1ug+IAV,Spleen,24,Ly6C+CD8+ T-cells,7.564269416666666,7.847267050000001,7.2548871749999995,8.290635199999999,96.3936790792237
Pam1ug+IAV,Spleen,24,Ly6C- NK cells,1.5536919166666667,1.51840885,1.168167075,1.8408521,102.3236868427543
Pam1ug+IAV,Spleen,24,Ly6C-CD8+ T-cells,6.404905599999999,6.04005215,5.3255514,7.188145525,106.04056787820946
Pam1ug+IAV,Spleen,24,Monocytes,0.15632318333333334,0.15110185,0.14218685,0.165930675,103.45550589442374
Pam1ug+IAV,Spleen,24,Neutrophils,2.7001373833333333,2.73379935,1.6705537,3.6657766250000003,98.76867456762449
Pam1ug+IAV,Spleen,24,Unknown Myeloid,0.7135175666666667,0.7286581999999999,0.5810142,0.8088268,97.92212132748477
Pam1ug+IAV,Spleen,24,cDC1,0.4436444666666667,0.41997615000000005,0.4063427750000001,0.43849997500000004,105.6356335155381
Pam1ug+IAV,Spleen,24,cDC2,0.8529803666666667,0.7961465000000001,0.6897863,0.979553075,107.13861916954563
Pam1ug+IAV,Spleen,24,moDCs,0.006725951666666665,0.0067045049999999995,0.004837675,0.00704195,100.31988441602573
Pam1ug+IAV,Spleen,24,pDCs,0.6723039,0.7014973000000001,0.6419986249999999,0.73602225,95.83841591407406
Pam1ug+IAV,Spleen,48,B-cells,50.458149283333334,50.540435800000004,49.7613431,51.29737732500001,99.83718676864541
Pam1ug+IAV,Spleen,48,CD103+CD4+ T-cells,0.6428382833333334,0.6423751,0.5196832,0.748989775,100.07210480813053
Pam1ug+IAV,Spleen,48,CD206+ Macrophages,1.2621793000000001,1.37967435,1.2601824750000001,1.413890475,91.48385631725343
Pam1ug+IAV,Spleen,48,CD4+ T-cells,22.816297733333336,22.47696995,21.7761228,23.6342125,101.50966871463622
Pam1ug+IAV,Spleen,48,CD64+MHCII- Macrophages,0.013456091666666666,0.01285975,0.00748208,0.01890765,104.63727262712467
Pam1ug+IAV,Spleen,48,Drop,1.6670328500000002,1.6570434500000002,1.5358440500000001,1.756871975,100.60284478358126
Pam1ug+IAV,Spleen,48,Ly6C(hi)CD64(hi) Monocytes,0.3396854833333333,0.3456364,0.29363465,0.37776015,98.27827258163009
Pam1ug+IAV,Spleen,48,Ly6C+ NK cells,1.0825472666666667,1.0148763,0.8792109999999999,1.1792235500000001,106.66790294212866
Pam1ug+IAV,Spleen,48,Ly6C+CD8+ T-cells,7.910288266666667,7.828671449999999,7.381688275000001,8.361719449999999,101.04253725792347
Pam1ug+IAV,Spleen,48,Ly6C- NK cells,1.8136847833333334,1.7914405500000001,1.661487525,2.1264602249999998,101.2416953123749
Pam1ug+IAV,Spleen,48,Ly6C-CD8+ T-cells,7.3147962,6.4556116999999995,5.920374300000001,8.343876925,113.3091105835873
Pam1ug+IAV,Spleen,48,Monocytes,0.3668716166666666,0.4062523,0.28894605,0.42799685,90.30634821431573
Pam1ug+IAV,Spleen,48,Neutrophils,1.1456673833333333,1.0529917,0.7512125,1.500535875,108.80117890134684
Pam1ug+IAV,Spleen,48,Unknown Myeloid,0.8917169333333334,0.80249715,0.738224875,0.94912985,111.11776949405159
Pam1ug+IAV,Spleen,48,cDC1,0.4990363666666667,0.49889045000000004,0.414970175,0.530129975,100.02924823809849
Pam1ug+IAV,Spleen,48,cDC2,1.0060511333333335,1.00425075,0.9655486500000001,1.0640076,100.17927627470864
Pam1ug+IAV,Spleen,48,moDCs,0.007671133333333334,0.007988185,0.0070719875,0.0087603975,96.03099243862448
Pam1ug+IAV,Spleen,48,pDCs,0.7620299500000001,0.788912,0.676268975,0.8629279999999999,96.59251602206584
Pam1ug+IAV,Spleen,72,B-cells,53.89624646666667,52.50962560000001,50.411317675,55.597536475,102.64069844494695
Pam1ug+IAV,Spleen,72,CD103+CD4+ T-cells,0.8074468499999999,0.7824614000000001,0.63842055,0.95203255,103.19318627091378
Pam1ug+IAV,Spleen,72,CD206+ Macrophages,1.45341125,1.4234938,1.108192925,1.7535487500000002,102.10169162661616
Pam1ug+IAV,Spleen,72,CD4+ T-cells,19.61934288333333,20.25891425,16.051611925,23.12533755,96.84301261768424
Pam1ug+IAV,Spleen,72,CD64+MHCII- Macrophages,0.08252196666666667,0.0417425,0.024502975,0.1040844,197.69291888762453
Pam1ug+IAV,Spleen,72,Drop,1.888914166666667,1.9334894499999997,1.743169,2.084735725,97.69456806018088
Pam1ug+IAV,Spleen,72,Ly6C(hi)CD64(hi) Monocytes,0.6945723166666666,0.7121102,0.62437755,0.7944778749999999,97.53719531986293
Pam1ug+IAV,Spleen,72,Ly6C+ NK cells,1.0605375333333333,1.12218545,1.0957328,1.1497073,94.50644127789515
Pam1ug+IAV,Spleen,72,Ly6C+CD8+ T-cells,8.14291375,8.2988401,8.1570697,8.8499224,98.12110670743012
Pam1ug+IAV,Spleen,72,Ly6C- NK cells,2.01646145,1.9625806500000003,1.700577925,2.3663249,102.74540564740613
Pam1ug+IAV,Spleen,72,Ly6C-CD8+ T-cells,5.7814056166666665,5.8298574,4.9009913,6.2594836,99.16890277053203
Pam1ug+IAV,Spleen,72,Monocytes,0.2225711333333333,0.2396306,0.173530225,0.26210025,92.88093145588807
Pam1ug+IAV,Spleen,72,Neutrophils,1.4702499500000001,1.1042865,0.7911014500000001,1.652392475,133.14026296617774
Pam1ug+IAV,Spleen,72,Unknown Myeloid,0.7549676,0.7154924,0.577200775,0.9115597499999999,105.51720745042155
Pam1ug+IAV,Spleen,72,cDC1,0.5428439,0.5394057000000001,0.4634622,0.6173409000000001,100.63740520354159
Pam1ug+IAV,Spleen,72,cDC2,0.8677758333333334,0.8459498499999999,0.632044325,1.0371933,102.58005641035737
Pam1ug+IAV,Spleen,72,moDCs,0.0098792,0.008511655,0.006682840000000001,0.0109951525,116.0667343777444
Pam1ug+IAV,Spleen,72,pDCs,0.6879380833333333,0.7200367,0.571270425,0.766653875,95.54208602607802
Pam1ug+IAV,Spleen,96,B-cells,56.47426855,56.630999849999995,50.813175,60.677393099999996,99.72324115693677
Pam1ug+IAV,Spleen,96,CD103+CD4+ T-cells,0.6171708333333333,0.6200255,0.531164025,0.656259775,99.53958882873903
Pam1ug+IAV,Spleen,96,CD206+ Macrophages,1.569747716666667,1.41882205,1.1608931,1.8530562000000002,110.63739224144895
Pam1ug+IAV,Spleen,96,CD4+ T-cells,17.6571891,18.13318195,15.01635135,21.004750325,97.37501751588611
Pam1ug+IAV,Spleen,96,CD64+MHCII- Macrophages,0.0247819,0.02632575,0.022989225,0.02731395,94.13558967930639
Pam1ug+IAV,Spleen,96,Drop,2.1555246,2.05779265,1.9665717999999999,2.32139455,104.74935849343228
Pam1ug+IAV,Spleen,96,Ly6C(hi)CD64(hi) Monocytes,0.6569246500000001,0.5992511500000001,0.54536195,0.7843147500000002,109.62426188084913
Pam1ug+IAV,Spleen,96,Ly6C+ NK cells,1.0767023166666667,1.1063942,0.9837760750000001,1.210267575,97.31633776339994
Pam1ug+IAV,Spleen,96,Ly6C+CD8+ T-cells,9.216340316666667,9.382840550000001,8.043989775,9.933983275,98.22548158581536
Pam1ug+IAV,Spleen,96,Ly6C- NK cells,2.2994481833333333,2.25826825,2.068917075,2.556961025,101.82351823497203
Pam1ug+IAV,Spleen,96,Ly6C-CD8+ T-cells,3.9663956833333334,3.647419,2.9013073,5.101088874999999,108.74527119953406
Pam1ug+IAV,Spleen,96,Monocytes,0.2950366833333333,0.2558969,0.176672,0.29933022499999995,115.29513774232254
Pam1ug+IAV,Spleen,96,Neutrophils,1.0348939666666666,0.9332129000000001,0.8438184249999999,1.3179183,110.8958059481032
Pam1ug+IAV,Spleen,96,Unknown Myeloid,0.7057599833333333,0.7447957,0.5701928249999999,0.8079481249999999,94.75886922189983
Pam1ug+IAV,Spleen,96,cDC1,0.5276559166666667,0.5431165499999999,0.5000050250000001,0.5753713749999999,97.15334888370954
Pam1ug+IAV,Spleen,96,cDC2,0.8485093166666667,0.9205164499999999,0.7381827249999999,1.0330945500000002,92.17752889333664
Pam1ug+IAV,Spleen,96,moDCs,0.012698281666666669,0.012618049999999999,0.0105374,0.014425699999999998,100.63584838122111
Pam1ug+IAV,Spleen,96,pDCs,0.8609520333333333,0.8963789999999999,0.67702505,1.050851725,96.04776922856664
Pam1ug+IAV,Spleen,144,B-cells,44.555051533333334,44.3366129,42.311093475,46.269632575,100.49268227554057
Pam1ug+IAV,Spleen,144,CD103+CD4+ T-cells,0.9865077,0.9487360499999999,0.8313325750000001,1.02345245,103.98126011971402
Pam1ug+IAV,Spleen,144,CD206+ Macrophages,2.9106027,2.6026802,1.9272639500000002,3.0603902,111.83097715962185
Pam1ug+IAV,Spleen,144,CD4+ T-cells,22.812847466666668,22.302794050000003,21.78808895,23.155496475000003,102.28694851202584
Pam1ug+IAV,Spleen,144,CD64+MHCII- Macrophages,0.017774735,0.014007499999999997,0.010353994999999998,0.024077075,126.89441370694271
Pam1ug+IAV,Spleen,144,Drop,2.8211877,2.8428737,2.32384265,3.4056416,99.23718032215078
Pam1ug+IAV,Spleen,144,Ly6C(hi)CD64(hi) Monocytes,1.0107560166666667,0.92179695,0.72481415,0.9823710250000001,109.6506141256669
Pam1ug+IAV,Spleen,144,Ly6C+ NK cells,1.0837477166666667,0.9645162,0.909326025,1.26218115,112.36179513279991
Pam1ug+IAV,Spleen,144,Ly6C+CD8+ T-cells,10.20184905,9.9372265,9.519143499999998,10.8520474,102.66294171718839
Pam1ug+IAV,Spleen,144,Ly6C- NK cells,2.9169591166666664,2.90129795,2.6706415499999996,3.120175075,100.53979863276939
Pam1ug+IAV,Spleen,144,Ly6C-CD8+ T-cells,4.31169065,4.38515355,3.82864395,4.806194475,98.32473597190229
Pam1ug+IAV,Spleen,144,Monocytes,0.564997,0.5508609,0.507263875,0.6139334,102.56618322338724
Pam1ug+IAV,Spleen,144,Neutrophils,2.4515359500000002,2.0560089,1.71983305,2.6061128750000004,119.23761370877335
Pam1ug+IAV,Spleen,144,Unknown Myeloid,0.9793949666666666,0.9433078000000001,0.8155215250000001,1.1443507,103.8255982476416
Pam1ug+IAV,Spleen,144,cDC1,0.6152263666666666,0.5788962999999999,0.53166915,0.61115915,106.27574691126316
Pam1ug+IAV,Spleen,144,cDC2,0.8716533666666667,0.8639972499999999,0.81222155,0.9634904249999999,100.8861274346263
Pam1ug+IAV,Spleen,144,moDCs,0.016932248333333334,0.01794285,0.013183999999999998,0.02028025,94.3676636283162
Pam1ug+IAV,Spleen,144,pDCs,0.8712857166666668,0.87872865,0.8066518749999999,0.996200375,99.15298843012195
Pam1ug+IAV+NTHi,Lung,2,B-cells,25.377685016666668,24.9715593,20.825839349999995,30.079697699999997,101.62635305143588
Pam1ug+IAV+NTHi,Lung,2,CD103+CD4+ T-cells,0.8588581833333334,0.85096545,0.8330454749999999,0.906909225,100.92750338257956
Pam1ug+IAV+NTHi,Lung,2,CD206+ Macrophages,0.5758765833333334,0.5355368,0.450194825,0.652098425,107.53258848567144
Pam1ug+IAV+NTHi,Lung,2,CD4+ T-cells,24.34147045,23.9717589,23.315122925,25.52746675,101.54227961136384
Pam1ug+IAV+NTHi,Lung,2,CD64+MHCII- Macrophages,0.05247806666666667,0.03703,0.030158525000000002,0.069155925,141.71770636420922
Pam1ug+IAV+NTHi,Lung,2,Drop,8.140320766666667,7.357817050000001,6.823207775000001,9.250846724999999,110.63499827936964
Pam1ug+IAV+NTHi,Lung,2,Ly6C(hi)CD64(hi) Monocytes,3.897769783333333,2.97799735,2.485355625,5.22924395,130.88560281402982
Pam1ug+IAV+NTHi,Lung,2,Ly6C+ NK cells,4.657594966666667,3.8572404000000002,3.33381325,4.65919445,120.74940848039097
Pam1ug+IAV+NTHi,Lung,2,Ly6C+CD8+ T-cells,5.883166849999999,5.9134193,5.5231672750000005,6.249436575,99.48841019949319
Pam1ug+IAV+NTHi,Lung,2,Ly6C- NK cells,5.3562035,5.29003805,4.545325324999999,5.411993525000001,101.25075565382748
Pam1ug+IAV+NTHi,Lung,2,Ly6C-CD8+ T-cells,4.7421884,4.7959622,4.14693465,5.174917375000001,98.87876931140116
Pam1ug+IAV+NTHi,Lung,2,Monocytes,2.0465411833333333,1.3550339500000002,1.21379475,2.619832025,151.03246552112833
Pam1ug+IAV+NTHi,Lung,2,Neutrophils,6.3682731,4.02976655,3.6613151999999998,6.282162625,158.03081942798894
Pam1ug+IAV+NTHi,Lung,2,Unknown Myeloid,3.376420366666667,3.4322304999999997,3.01330535,3.7851837,98.37393982329179
Pam1ug+IAV+NTHi,Lung,2,cDC1,0.42211961666666664,0.43545320000000004,0.33094015000000004,0.550702425,96.93799854190223
Pam1ug+IAV+NTHi,Lung,2,cDC2,0.15583088333333334,0.16400964999999998,0.1178555,0.17838420000000002,95.01324058269337
Pam1ug+IAV+NTHi,Lung,2,moDCs,3.2808679333333335,3.31523315,1.7924718,4.643044075000001,98.96341478527184
Pam1ug+IAV+NTHi,Lung,2,pDCs,0.4663343166666667,0.4945227,0.40076065,0.518825975,94.29988080762858
Pam1ug+IAV+NTHi,Lung,6,B-cells,22.247540700000002,22.76494215,18.251515375,25.618096174999998,97.72720068168502
Pam1ug+IAV+NTHi,Lung,6,CD103+CD4+ T-cells,0.7129352999999999,0.8245456,0.491107575,0.895979075,86.4640233360047
Pam1ug+IAV+NTHi,Lung,6,CD206+ Macrophages,0.5470171,0.470443,0.39069415,0.6915648999999999,116.27701974521887
Pam1ug+IAV+NTHi,Lung,6,CD4+ T-cells,20.33879185,20.7942797,18.354089625,22.6425022,97.8095521625594
Pam1ug+IAV+NTHi,Lung,6,CD64+MHCII- Macrophages,0.07361145,0.057059649999999996,0.037258175000000004,0.11586675000000002,129.00788911253397
Pam1ug+IAV+NTHi,Lung,6,Drop,5.0653122,4.9600386499999995,3.2030192750000004,6.991855175,102.12243406611358
Pam1ug+IAV+NTHi,Lung,6,Ly6C(hi)CD64(hi) Monocytes,5.127759466666666,4.4448215,3.8995147,5.324152725,115.36480073871734
Pam1ug+IAV+NTHi,Lung,6,Ly6C+ NK cells,3.3873952,3.37837925,2.7568327749999995,4.013941275,100.26687205114699
Pam1ug+IAV+NTHi,Lung,6,Ly6C+CD8+ T-cells,4.350941766666667,4.401959199999999,4.157032875,4.5243704750000004,98.84102893699395
Pam1ug+IAV+NTHi,Lung,6,Ly6C- NK cells,4.625230166666667,4.7033279,3.8773112500000004,5.162178300000001,98.3395218238275
Pam1ug+IAV+NTHi,Lung,6,Ly6C-CD8+ T-cells,4.053163366666666,4.2278382500000005,3.8293057999999998,4.462699999999999,95.86845870148098
Pam1ug+IAV+NTHi,Lung,6,Monocytes,3.0039781166666666,2.9586584499999997,2.703914475,3.250045325,101.5317640556539
Pam1ug+IAV+NTHi,Lung,6,Neutrophils,18.721733916666665,13.783456099999999,11.62454415,25.654895875,135.82757314884665
Pam1ug+IAV+NTHi,Lung,6,Unknown Myeloid,4.71207965,4.4304625,3.8273455499999995,5.091448925,106.35638265756677
Pam1ug+IAV+NTHi,Lung,6,cDC1,0.38807485,0.38941935000000005,0.357123625,0.40066122500000007,99.65474237476899
Pam1ug+IAV+NTHi,Lung,6,cDC2,0.10295546666666666,0.08831685,0.07767557499999998,0.12398780000000001,116.57511184634264
Pam1ug+IAV+NTHi,Lung,6,moDCs,2.100565483333333,1.9759227499999996,1.6615988250000002,2.4204217,106.30807724306699
Pam1ug+IAV+NTHi,Lung,6,pDCs,0.44091393333333334,0.44272075000000005,0.37085835,0.49028082500000003,99.59188344646897
Pam1ug+IAV+NTHi,Lung,24,B-cells,27.554101916666667,24.59362745,19.61898365,36.127622225,112.03756734416446
Pam1ug+IAV+NTHi,Lung,24,CD103+CD4+ T-cells,1.0522226333333333,0.9476387,0.7386845750000001,1.279014875,111.0362665996369
Pam1ug+IAV+NTHi,Lung,24,CD206+ Macrophages,0.57535005,0.5355423,0.465946375,0.55931135,107.43316634372297
Pam1ug+IAV+NTHi,Lung,24,CD4+ T-cells,14.225886616666667,14.367087649999998,12.900507900000003,16.016857525,99.01719098001513
Pam1ug+IAV+NTHi,Lung,24,CD64+MHCII- Macrophages,0.29118388333333334,0.19792909999999997,0.10292715,0.316094875,147.11524648641023
Pam1ug+IAV+NTHi,Lung,24,Drop,4.482069783333333,4.55435655,2.8690373749999996,5.861088025,98.41279957172729
Pam1ug+IAV+NTHi,Lung,24,Ly6C(hi)CD64(hi) Monocytes,2.15583585,1.93577875,1.4330645,2.5969280249999995,111.36788488870435
Pam1ug+IAV+NTHi,Lung,24,Ly6C+ NK cells,3.271900183333333,3.04521135,2.442342825,3.69151155,107.44410838128961
Pam1ug+IAV+NTHi,Lung,24,Ly6C+CD8+ T-cells,3.9915496833333335,4.209511000000001,3.8616636749999995,4.4605166,94.82217016022366
Pam1ug+IAV+NTHi,Lung,24,Ly6C- NK cells,4.369010283333333,4.35286395,4.096365825,5.038690575,100.37093586013258
Pam1ug+IAV+NTHi,Lung,24,Ly6C-CD8+ T-cells,2.948164183333333,2.90491165,2.3608249,3.452477575,101.48894488179472
Pam1ug+IAV+NTHi,Lung,24,Monocytes,0.7739075833333333,0.6718905,0.43816330000000003,1.0853826500000001,115.18358770265891
Pam1ug+IAV+NTHi,Lung,24,Neutrophils,26.922088666666667,29.2327162,12.422486600000001,38.5206921,92.09574807375125
Pam1ug+IAV+NTHi,Lung,24,Unknown Myeloid,4.93868375,4.71463505,3.9165152500000002,6.016162125,104.75219603689155
Pam1ug+IAV+NTHi,Lung,24,cDC1,0.3281831833333333,0.2858573,0.27837334999999996,0.33048170000000004,114.80664769916085
Pam1ug+IAV+NTHi,Lung,24,cDC2,0.21966451666666667,0.20050945,0.14199095,0.300891225,109.55319894731478
Pam1ug+IAV+NTHi,Lung,24,moDCs,1.283698,1.2956359000000002,0.9496513750000001,1.656252625,99.07860688330726
Pam1ug+IAV+NTHi,Lung,24,pDCs,0.6164993,0.61938615,0.5598138249999999,0.636149,99.53391757306811
Pam1ug+IAV+NTHi,Lung,48,B-cells,35.1056145,37.96675165,28.975213,39.576547975000004,92.46409812360127
Pam1ug+IAV+NTHi,Lung,48,CD103+CD4+ T-cells,1.4743593166666666,1.39041225,1.1591385749999998,1.8728481749999997,106.0375666761183
Pam1ug+IAV+NTHi,Lung,48,CD206+ Macrophages,0.5120816,0.47679505,0.420285525,0.505621475,107.40077943342743
Pam1ug+IAV+NTHi,Lung,48,CD4+ T-cells,15.511166033333335,16.414113750000002,13.118727150000002,17.741078025,94.49895540862407
Pam1ug+IAV+NTHi,Lung,48,CD64+MHCII- Macrophages,0.23553688333333334,0.22058054999999996,0.160841075,0.25629587499999995,106.78044067499759
Pam1ug+IAV+NTHi,Lung,48,Drop,5.9659952,5.9239553,5.201386725,6.8089456,100.70965930482292
Pam1ug+IAV+NTHi,Lung,48,Ly6C(hi)CD64(hi) Monocytes,1.9648047666666664,2.08843085,1.929450875,2.299307,94.08043204622582
Pam1ug+IAV+NTHi,Lung,48,Ly6C+ NK cells,3.7168346,3.77841935,3.2207322250000003,4.185526725,98.37009224505479
Pam1ug+IAV+NTHi,Lung,48,Ly6C+CD8+ T-cells,5.063984733333333,4.7512408,4.419781325,5.744312025000001,106.58236335513311
Pam1ug+IAV+NTHi,Lung,48,Ly6C- NK cells,5.7472099666666665,5.8496211,5.37640125,6.4460937,98.24926894267846
Pam1ug+IAV+NTHi,Lung,48,Ly6C-CD8+ T-cells,6.7837786,3.79352815,3.5925,4.386566825,178.82504970999094
Pam1ug+IAV+NTHi,Lung,48,Monocytes,1.6365496166666667,1.61273015,1.41696505,1.873466175,101.47696542206188
Pam1ug+IAV+NTHi,Lung,48,Neutrophils,8.507131116666667,7.115932450000001,6.870988874999999,7.500128675000001,119.55047601199004
Pam1ug+IAV+NTHi,Lung,48,Unknown Myeloid,4.919016966666667,4.603836749999999,4.11671795,5.18912845,106.84603372755707
Pam1ug+IAV+NTHi,Lung,48,cDC1,0.5217552000000001,0.5541637,0.50249635,0.578997325,94.15181831650106
Pam1ug+IAV+NTHi,Lung,48,cDC2,0.2663057833333333,0.2583991,0.19649165,0.33159524999999995,103.05987262855534
Pam1ug+IAV+NTHi,Lung,48,moDCs,1.0337122166666668,0.8810967499999999,0.34271414999999994,1.748444125,117.32107928745248
Pam1ug+IAV+NTHi,Lung,48,pDCs,1.0341629166666666,0.9318203500000001,0.89196125,1.236211125,110.9830791596971
Pam1ug+IAV+NTHi,Lung,72,B-cells,39.95071325,40.576544250000005,35.40192665000001,45.6946966,98.45765327834688
Pam1ug+IAV+NTHi,Lung,72,CD103+CD4+ T-cells,1.4183776333333333,1.4290439,1.12386525,1.5244738,99.25360818749749
Pam1ug+IAV+NTHi,Lung,72,CD206+ Macrophages,0.4638526666666667,0.38070775,0.3123696,0.44385859999999994,121.83956503818656
Pam1ug+IAV+NTHi,Lung,72,CD4+ T-cells,13.415398083333333,13.566616799999998,11.981485949999998,15.658980375,98.88536162776657
Pam1ug+IAV+NTHi,Lung,72,CD64+MHCII- Macrophages,0.3997859833333333,0.40876840000000003,0.34466040000000003,0.452652125,97.80256578867967
Pam1ug+IAV+NTHi,Lung,72,Drop,6.285069316666666,5.73886125,4.912115525,7.287559225,109.51770818063716
Pam1ug+IAV+NTHi,Lung,72,Ly6C(hi)CD64(hi) Monocytes,5.372331966666667,5.4312315,3.7705742,6.19081705,98.91553999616232
Pam1ug+IAV+NTHi,Lung,72,Ly6C+ NK cells,5.666391166666666,5.0940144,3.99116115,6.954260925,111.2362612611905
Pam1ug+IAV+NTHi,Lung,72,Ly6C+CD8+ T-cells,6.023224816666667,5.662284850000001,5.1548169,6.845931650000001,106.37445794813141
Pam1ug+IAV+NTHi,Lung,72,Ly6C- NK cells,6.440883933333333,6.297953449999999,5.7804304250000005,7.00520345,102.26947506786246
Pam1ug+IAV+NTHi,Lung,72,Ly6C-CD8+ T-cells,3.241337666666667,3.15200815,2.782845675,3.59689775,102.8340509419897
Pam1ug+IAV+NTHi,Lung,72,Monocytes,1.5320650833333334,1.4811177500000001,1.0379554000000002,1.8615294749999998,103.43978953282635
Pam1ug+IAV+NTHi,Lung,72,Neutrophils,3.3266579,2.0083978,1.276084625,4.952751225,165.63740012063346
Pam1ug+IAV+NTHi,Lung,72,Unknown Myeloid,3.8628519166666666,3.65728855,3.39553245,4.089561725,105.62064939247593
Pam1ug+IAV+NTHi,Lung,72,cDC1,0.5349322166666667,0.5351448,0.45146872499999996,0.58336875,99.9602755490975
Pam1ug+IAV+NTHi,Lung,72,cDC2,0.08382098333333332,0.052424349999999995,0.04672465,0.11653825,159.88940889745572
Pam1ug+IAV+NTHi,Lung,72,moDCs,0.5664656833333334,0.6185001,0.437711325,0.7288191,91.58699947394243
Pam1ug+IAV+NTHi,Lung,72,pDCs,1.4158396833333333,1.1643863,1.058687575,1.6664871,121.59535742848686
Pam1ug+IAV+NTHi,Lung,96,B-cells,39.91459943333333,39.24265065,37.393098200000004,43.54168105,101.7122920399194
Pam1ug+IAV+NTHi,Lung,96,CD103+CD4+ T-cells,1.0959092333333333,1.00322415,0.9247682749999999,1.3025086,109.23872131002162
Pam1ug+IAV+NTHi,Lung,96,CD206+ Macrophages,0.5137791166666666,0.37800205,0.289029925,0.6407596,135.91966410411442
Pam1ug+IAV+NTHi,Lung,96,CD4+ T-cells,14.787252816666665,14.7393699,13.822444075000002,15.497581774999999,100.32486406808113
Pam1ug+IAV+NTHi,Lung,96,CD64+MHCII- Macrophages,0.4180680333333333,0.2821769,0.268552175,0.523743725,148.15813531629743
Pam1ug+IAV+NTHi,Lung,96,Drop,6.1265973166666665,6.11505035,5.8062553999999995,6.213773975,100.18882864417735
Pam1ug+IAV+NTHi,Lung,96,Ly6C(hi)CD64(hi) Monocytes,4.728167583333334,4.5548864,4.1329612000000004,5.059654875,103.80429209679815
Pam1ug+IAV+NTHi,Lung,96,Ly6C+ NK cells,5.512542083333334,5.62526205,4.466566499999999,6.4999098,97.99618283264392
Pam1ug+IAV+NTHi,Lung,96,Ly6C+CD8+ T-cells,7.93023705,7.2352818,7.008418275,8.715434475,109.6050889130538
Pam1ug+IAV+NTHi,Lung,96,Ly6C- NK cells,6.651640516666666,6.2069026,5.8306751000000006,7.609167749999999,107.16521500863678
Pam1ug+IAV+NTHi,Lung,96,Ly6C-CD8+ T-cells,2.5727494833333333,2.6116404,1.715668125,3.1662618750000004,98.51086249597506
Pam1ug+IAV+NTHi,Lung,96,Monocytes,1.55448735,1.55287655,1.093764525,1.9602845500000001,100.10373007435783
Pam1ug+IAV+NTHi,Lung,96,Neutrophils,2.1903494,2.40198885,1.3998396499999999,2.9414641749999997,91.18899115622456
Pam1ug+IAV+NTHi,Lung,96,Unknown Myeloid,3.613752666666667,3.55869355,2.966257875,4.1842083500000005,101.54717218251814
Pam1ug+IAV+NTHi,Lung,96,cDC1,0.5996532666666667,0.5015463,0.39419787500000003,0.7783819,119.56089929617002
Pam1ug+IAV+NTHi,Lung,96,cDC2,0.04952188333333333,0.0384792,0.0348902,0.04631110000000001,128.6977986375323
Pam1ug+IAV+NTHi,Lung,96,moDCs,0.6146138166666666,0.51892465,0.4488359,0.78511395,118.43989617118143
Pam1ug+IAV+NTHi,Lung,96,pDCs,1.1260788333333334,1.17350515,0.9680316500000001,1.2593469,95.9585761795194
Pam1ug+IAV+NTHi,Lung,144,B-cells,33.790522833333334,32.48228795,30.6459537,36.424678225,104.02753305231178
Pam1ug+IAV+NTHi,Lung,144,CD103+CD4+ T-cells,1.4780569000000001,1.4029776,1.2946110249999998,1.62329255,105.35142542546652
Pam1ug+IAV+NTHi,Lung,144,CD206+ Macrophages,0.5989260166666667,0.48317695000000005,0.46936352499999995,0.715615675,123.9558337099207
Pam1ug+IAV+NTHi,Lung,144,CD4+ T-cells,15.888860016666667,15.315799800000002,15.144482425,15.338516000000002,103.74162775793575
Pam1ug+IAV+NTHi,Lung,144,CD64+MHCII- Macrophages,0.3408636,0.33037485,0.21687410000000001,0.4256738499999999,103.1748028035427
Pam1ug+IAV+NTHi,Lung,144,Drop,6.8206691,7.04086805,6.0977795,7.488133175,96.8725596270761
Pam1ug+IAV+NTHi,Lung,144,Ly6C(hi)CD64(hi) Monocytes,4.74614245,4.860129049999999,4.269209775,5.152955425,97.65465898482675
Pam1ug+IAV+NTHi,Lung,144,Ly6C+ NK cells,4.82639855,4.35640575,4.04841245,5.9470540750000005,110.78854512117013
Pam1ug+IAV+NTHi,Lung,144,Ly6C+CD8+ T-cells,7.88948005,7.387513900000001,7.2367341000000005,8.395489625,106.79479127612876
Pam1ug+IAV+NTHi,Lung,144,Ly6C- NK cells,8.074206483333333,8.332875000000001,7.054429450000001,9.34534865,96.8958070693888
Pam1ug+IAV+NTHi,Lung,144,Ly6C-CD8+ T-cells,2.52295245,2.72611315,2.164260275,2.896024275,92.54760573676114
Pam1ug+IAV+NTHi,Lung,144,Monocytes,2.045567383333333,1.9040619499999998,1.522725875,2.315400575,107.43176624759154
Pam1ug+IAV+NTHi,Lung,144,Neutrophils,3.7892340499999997,3.1950757999999997,2.6522130500000003,4.751895725,118.59606116386973
Pam1ug+IAV+NTHi,Lung,144,Unknown Myeloid,4.186189016666667,4.32131,3.768080225,4.8910034,96.87314764889967
Pam1ug+IAV+NTHi,Lung,144,cDC1,0.5841731666666666,0.5673472,0.42426549999999996,0.727504,102.96572657213548
Pam1ug+IAV+NTHi,Lung,144,cDC2,0.05868558333333334,0.06442885,0.041180825000000004,0.07509262500000001,91.08587741878576
Pam1ug+IAV+NTHi,Lung,144,moDCs,1.16856825,1.10847385,0.8617069000000002,1.40250655,105.42136379671925
Pam1ug+IAV+NTHi,Lung,144,pDCs,1.1905041833333332,1.2343235000000001,1.15110475,1.3180163249999999,96.4499325608994
Pam1ug+IAV+NTHi,Nasal Tissue,2,B-cells,50.9793251,51.9568854,48.348890125,55.818696275,98.11851635741044
Pam1ug+IAV+NTHi,Nasal Tissue,2,CD103+CD4+ T-cells,0.6753849166666667,0.6362036499999999,0.50940205,0.8401855,106.15860450763945
Pam1ug+IAV+NTHi,Nasal Tissue,2,CD206+ Macrophages,1.6561405500000002,1.6955202500000002,1.311934525,2.11982535,97.6774267367199
Pam1ug+IAV+NTHi,Nasal Tissue,2,CD4+ T-cells,2.6175081166666665,1.5388598999999998,1.106745875,3.531764725,170.09398429750925
Pam1ug+IAV+NTHi,Nasal Tissue,2,CD64+MHCII- Macrophages,0.37602985,0.33278595,0.20985184999999998,0.425588725,112.99450893284406
Pam1ug+IAV+NTHi,Nasal Tissue,2,Drop,6.5416505166666665,6.7313604,6.4951199,6.958869625,97.18170069554836
Pam1ug+IAV+NTHi,Nasal Tissue,2,Ly6C(hi)CD64(hi) Monocytes,4.713805083333334,4.51961755,4.112714400000001,5.12603915,104.29654790886748
Pam1ug+IAV+NTHi,Nasal Tissue,2,Ly6C+ NK cells,0.56635195,0.56078725,0.53346165,0.5896418,100.99230144765241
Pam1ug+IAV+NTHi,Nasal Tissue,2,Ly6C+CD8+ T-cells,0.5994956499999999,0.5332602000000001,0.41164557500000004,0.616512475,112.42085008406775
Pam1ug+IAV+NTHi,Nasal Tissue,2,Ly6C- NK cells,2.486867033333333,2.4837792,2.2933385250000002,2.6383823250000003,100.12431996102285
Pam1ug+IAV+NTHi,Nasal Tissue,2,Ly6C-CD8+ T-cells,0.50565785,0.3647875,0.338418175,0.688161025,138.61709899599083
Pam1ug+IAV+NTHi,Nasal Tissue,2,Monocytes,2.080922516666667,1.97054215,1.657259175,2.3380028,105.60152274168138
Pam1ug+IAV+NTHi,Nasal Tissue,2,Neutrophils,20.078171,18.3384954,16.4965161,23.955026699999998,109.48646855728417
Pam1ug+IAV+NTHi,Nasal Tissue,2,Unknown Myeloid,4.372698616666667,4.4522549499999995,3.1883112249999996,5.21836465,98.21312269340432
Pam1ug+IAV+NTHi,Nasal Tissue,2,cDC1,0.14235223333333333,0.1550198,0.10589047500000001,0.1925155,91.82842019750595
Pam1ug+IAV+NTHi,Nasal Tissue,2,cDC2,0.06174473333333333,0.0530097,0.0511823,0.0658444,116.4781791508598
Pam1ug+IAV+NTHi,Nasal Tissue,2,moDCs,0.04422484499999999,0.0298731,0.021639549999999997,0.04786415,148.04236922180823
Pam1ug+IAV+NTHi,Nasal Tissue,2,pDCs,1.5016694333333334,1.4921284,1.369366375,1.6076110000000001,100.63942441771991
Pam1ug+IAV+NTHi,Nasal Tissue,6,B-cells,50.274600033333336,51.94683634999999,48.555792249999996,55.758569775,96.7808697619241
Pam1ug+IAV+NTHi,Nasal Tissue,6,CD103+CD4+ T-cells,0.48243925,0.37824345,0.32805674999999995,0.45881174999999996,127.54728469190941
Pam1ug+IAV+NTHi,Nasal Tissue,6,CD206+ Macrophages,0.94915595,0.9450771,0.725222075,1.12042315,100.4315891264321
Pam1ug+IAV+NTHi,Nasal Tissue,6,CD4+ T-cells,1.4226002666666666,1.26233035,1.120273925,1.288807125,112.69635295282781
Pam1ug+IAV+NTHi,Nasal Tissue,6,CD64+MHCII- Macrophages,0.11894165,0.11686605,0.10460697499999998,0.12567895,101.77605044407679
Pam1ug+IAV+NTHi,Nasal Tissue,6,Drop,4.822869483333333,4.79543335,4.170258049999999,5.164590225,100.57213042765642
Pam1ug+IAV+NTHi,Nasal Tissue,6,Ly6C(hi)CD64(hi) Monocytes,5.350880166666667,5.87536085,4.64203715,6.3313201999999995,91.07321751423434
Pam1ug+IAV+NTHi,Nasal Tissue,6,Ly6C+ NK cells,0.4989944166666666,0.4956637,0.42556122500000004,0.5737220249999999,100.67197106963181
Pam1ug+IAV+NTHi,Nasal Tissue,6,Ly6C+CD8+ T-cells,0.40701336666666665,0.3990558,0.342315775,0.46997089999999997,101.99409873673473
Pam1ug+IAV+NTHi,Nasal Tissue,6,Ly6C- NK cells,1.8879964833333331,2.0316870000000002,1.6905444499999998,2.0913563500000003,92.92752689431654
Pam1ug+IAV+NTHi,Nasal Tissue,6,Ly6C-CD8+ T-cells,0.42749611666666665,0.3513534,0.280617375,0.46824345000000006,121.6712622296146
Pam1ug+IAV+NTHi,Nasal Tissue,6,Monocytes,3.3112518833333335,3.60374925,3.133842025,4.0230727250000005,91.88352611751036
Pam1ug+IAV+NTHi,Nasal Tissue,6,Neutrophils,25.002740183333334,20.222849800000002,19.259681725,24.949899625,123.63608705303903
Pam1ug+IAV+NTHi,Nasal Tissue,6,Unknown Myeloid,3.701215833333334,3.46157105,3.331354825,3.748622175,106.92300634225992
Pam1ug+IAV+NTHi,Nasal Tissue,6,cDC1,0.032604249999999994,0.02885225,0.0178455,0.04146925,113.00418511554557
Pam1ug+IAV+NTHi,Nasal Tissue,6,cDC2,0.046189350000000004,0.0415108,0.0248801,0.067594125,111.27068136484964
Pam1ug+IAV+NTHi,Nasal Tissue,6,moDCs,0.014488553999999999,0.011777899999999999,0.0039968600000000005,0.0129138,123.01474796016268
Pam1ug+IAV+NTHi,Nasal Tissue,6,pDCs,1.2509375666666667,1.1794924500000001,0.9177640250000001,1.5676694500000001,106.05727630275771
Pam1ug+IAV+NTHi,Nasal Tissue,24,B-cells,46.8878816,47.5957485,44.318539525,50.48580185,98.51275182698303
Pam1ug+IAV+NTHi,Nasal Tissue,24,CD103+CD4+ T-cells,1.1892918166666666,0.6887961,0.49244905,0.9686342000000001,172.66239118756138
Pam1ug+IAV+NTHi,Nasal Tissue,24,CD206+ Macrophages,1.61208705,1.30880775,1.0679501,2.2737811750000003,123.17218094101293
Pam1ug+IAV+NTHi,Nasal Tissue,24,CD4+ T-cells,2.10730945,1.54014745,1.3378184000000002,2.185955925,136.82517540771826
Pam1ug+IAV+NTHi,Nasal Tissue,24,CD64+MHCII- Macrophages,0.7534297000000001,0.6489853,0.4995844750000001,0.74488705,116.09349241038281
Pam1ug+IAV+NTHi,Nasal Tissue,24,Drop,4.3278804,4.32523025,4.1240710499999995,4.5708121749999995,100.06127188257781
Pam1ug+IAV+NTHi,Nasal Tissue,24,Ly6C(hi)CD64(hi) Monocytes,4.9598746333333334,5.0863587500000005,4.4682623249999995,5.7660844000000004,97.51326788212359
Pam1ug+IAV+NTHi,Nasal Tissue,24,Ly6C+ NK cells,0.6432764333333334,0.6523297,0.5498556,0.7048217,98.6121639614651
Pam1ug+IAV+NTHi,Nasal Tissue,24,Ly6C+CD8+ T-cells,0.5304512833333334,0.5439499000000001,0.384943,0.7130839,97.51840809849092
Pam1ug+IAV+NTHi,Nasal Tissue,24,Ly6C- NK cells,2.2881321166666666,2.1502653,1.985828,2.308408375,106.41161891356691
Pam1ug+IAV+NTHi,Nasal Tissue,24,Ly6C-CD8+ T-cells,0.49512516666666667,0.496219,0.305584625,0.65229855,99.77956641456024
Pam1ug+IAV+NTHi,Nasal Tissue,24,Monocytes,1.9466144833333334,1.8913896,1.2963714499999999,2.60266255,102.91980474743721
Pam1ug+IAV+NTHi,Nasal Tissue,24,Neutrophils,25.146090466666664,24.79600225,24.00923585,26.4903573,101.41187362840583
Pam1ug+IAV+NTHi,Nasal Tissue,24,Unknown Myeloid,5.271436166666667,4.66043555,4.062761125,5.247686775,113.11037584602295
Pam1ug+IAV+NTHi,Nasal Tissue,24,cDC1,0.11803711666666668,0.09997625000000002,0.0882898,0.11800935000000001,118.06515714148776
Pam1ug+IAV+NTHi,Nasal Tissue,24,cDC2,0.12985246666666667,0.08905075,0.07924084999999999,0.10490512499999999,145.8184986276552
Pam1ug+IAV+NTHi,Nasal Tissue,24,moDCs,0.025861133333333335,0.0234906,0.016529175,0.033371175,110.09141245150542
Pam1ug+IAV+NTHi,Nasal Tissue,24,pDCs,1.5673685,1.60144565,1.47497825,1.6668077749999999,97.8721007484706
Pam1ug+IAV+NTHi,Nasal Tissue,48,B-cells,41.6925184,41.9198908,40.23391195,43.874257375,99.45760259470904
Pam1ug+IAV+NTHi,Nasal Tissue,48,CD103+CD4+ T-cells,1.3806869,1.44462375,1.1985213000000001,1.6340571750000001,95.57415209323534
Pam1ug+IAV+NTHi,Nasal Tissue,48,CD206+ Macrophages,1.8696694166666665,1.3622476000000001,1.212009975,2.1920706500000002,137.24886846316826
Pam1ug+IAV+NTHi,Nasal Tissue,48,CD4+ T-cells,2.4295083500000003,1.7024795500000003,1.31492345,2.7917009249999998,142.70411353839756
Pam1ug+IAV+NTHi,Nasal Tissue,48,CD64+MHCII- Macrophages,1.1128905833333333,0.8564823000000001,0.516073475,1.7264656,129.93737095715034
Pam1ug+IAV+NTHi,Nasal Tissue,48,Drop,6.348376383333333,6.6229098,5.086579075,7.580325275,95.85479154998204
Pam1ug+IAV+NTHi,Nasal Tissue,48,Ly6C(hi)CD64(hi) Monocytes,5.519492666666667,5.22276995,4.8485553999999995,6.118482075,105.68132848100397
Pam1ug+IAV+NTHi,Nasal Tissue,48,Ly6C+ NK cells,0.67192885,0.61255715,0.4669786,0.8882886749999999,109.69243441203812
Pam1ug+IAV+NTHi,Nasal Tissue,48,Ly6C+CD8+ T-cells,0.63387695,0.5520824000000001,0.5062182000000001,0.589036975,114.81564165059417
Pam1ug+IAV+NTHi,Nasal Tissue,48,Ly6C- NK cells,2.2545009833333336,2.23769345,1.959077775,2.59063555,100.7511097345945
Pam1ug+IAV+NTHi,Nasal Tissue,48,Ly6C-CD8+ T-cells,0.5900152666666667,0.55902305,0.35723380000000005,0.7246422,105.54399620313808
Pam1ug+IAV+NTHi,Nasal Tissue,48,Monocytes,3.6134983833333334,3.8560677,2.8102281749999998,4.477409925,93.70941239785114
Pam1ug+IAV+NTHi,Nasal Tissue,48,Neutrophils,23.538063466666667,23.20777545,18.7622198,26.520203575,101.4231782678967
Pam1ug+IAV+NTHi,Nasal Tissue,48,Unknown Myeloid,5.730906483333333,5.8672386,4.2890667,7.204932975,97.67638362846421
Pam1ug+IAV+NTHi,Nasal Tissue,48,cDC1,0.19961371666666664,0.1105331,0.0876886,0.17688165,180.5918016111614
Pam1ug+IAV+NTHi,Nasal Tissue,48,cDC2,0.14218675,0.14458205,0.1163297,0.164233775,98.34329365228949
Pam1ug+IAV+NTHi,Nasal Tissue,48,moDCs,0.009235508,0.006612010000000001,0.00587855,0.0107747,139.67776818244374
Pam1ug+IAV+NTHi,Nasal Tissue,48,pDCs,2.2645702666666665,2.2416262,2.0857760499999998,2.563916425,101.02354561463756
Pam1ug+IAV+NTHi,Nasal Tissue,72,B-cells,35.56313836,34.803578699999996,33.2993083,35.8838932,102.18241826953273
Pam1ug+IAV+NTHi,Nasal Tissue,72,CD103+CD4+ T-cells,0.7363444600000001,0.8593872,0.5115793000000001,0.9697132,85.68250260185398
Pam1ug+IAV+NTHi,Nasal Tissue,72,CD206+ Macrophages,1.7077162600000002,1.7030421,1.6117498000000001,1.8266357,100.27445945111985
Pam1ug+IAV+NTHi,Nasal Tissue,72,CD4+ T-cells,1.52455204,1.450216,1.3948854,1.5842456,105.12585987190874
Pam1ug+IAV+NTHi,Nasal Tissue,72,CD64+MHCII- Macrophages,0.80881448,0.6288745,0.5775895,0.9562823,128.61301897278392
Pam1ug+IAV+NTHi,Nasal Tissue,72,Drop,6.91168512,5.948570999999999,5.6109863,6.5043558,116.190680417196
Pam1ug+IAV+NTHi,Nasal Tissue,72,Ly6C(hi)CD64(hi) Monocytes,8.41311284,8.7188514,7.6099658,9.493396,96.49336195820473
Pam1ug+IAV+NTHi,Nasal Tissue,72,Ly6C+ NK cells,0.47620242,0.5170801,0.4445638,0.5952533,92.09451688432797
Pam1ug+IAV+NTHi,Nasal Tissue,72,Ly6C+CD8+ T-cells,0.44575442,0.3602177,0.3356981,0.42356570000000004,123.74584036264737
Pam1ug+IAV+NTHi,Nasal Tissue,72,Ly6C- NK cells,1.594931,1.8306360000000002,1.6605868,1.8317838999999998,87.12442014687791
Pam1ug+IAV+NTHi,Nasal Tissue,72,Ly6C-CD8+ T-cells,0.23832172000000001,0.183515,0.1660578,0.35755539999999997,129.86498106421817
Pam1ug+IAV+NTHi,Nasal Tissue,72,Monocytes,3.34641926,3.2010832000000002,2.7706287,3.2104856,104.54021501221835
Pam1ug+IAV+NTHi,Nasal Tissue,72,Neutrophils,31.73045844,33.565338,30.207189,35.9492311,94.53340955482112
Pam1ug+IAV+NTHi,Nasal Tissue,72,Unknown Myeloid,4.488766839999999,4.2395346,3.9661541000000002,4.7857418,105.87876414547954
Pam1ug+IAV+NTHi,Nasal Tissue,72,cDC1,0.10611284000000001,0.09197050000000001,0.0880136,0.1320413,115.37703937675667
Pam1ug+IAV+NTHi,Nasal Tissue,72,cDC2,0.03709424,0.0306568,0.0246179,0.0495077,120.99840818350252
Pam1ug+IAV+NTHi,Nasal Tissue,72,moDCs,0.00397595,0.0036737299999999996,0.00213871,0.00551097,108.22651637436611
Pam1ug+IAV+NTHi,Nasal Tissue,72,pDCs,1.8673944599999999,1.629255,1.5620173,1.6777601,114.61646335288214
Pam1ug+IAV+NTHi,Nasal Tissue,96,B-cells,33.02792568333333,33.557123,27.045411650000002,38.661240425,98.42299556887917
Pam1ug+IAV+NTHi,Nasal Tissue,96,CD103+CD4+ T-cells,0.7722935,0.5992559999999999,0.3498001,1.2105935749999999,128.87538881546453
Pam1ug+IAV+NTHi,Nasal Tissue,96,CD206+ Macrophages,1.3616820333333333,1.1784281,1.096363775,1.43381975,115.55070974065649
Pam1ug+IAV+NTHi,Nasal Tissue,96,CD4+ T-cells,2.3801538833333336,1.6126435000000001,0.7739935,3.7771508500000004,147.59330771700834
Pam1ug+IAV+NTHi,Nasal Tissue,96,CD64+MHCII- Macrophages,0.9189591666666667,0.5021298000000001,0.42796117499999997,0.7760592749999999,183.01227424993826
Pam1ug+IAV+NTHi,Nasal Tissue,96,Drop,6.3753434166666665,6.22208795,6.136007775,6.451726450000001,102.46308743782168
Pam1ug+IAV+NTHi,Nasal Tissue,96,Ly6C(hi)CD64(hi) Monocytes,9.54319565,9.492736099999998,9.0624267,9.8847484,100.5315595995553
Pam1ug+IAV+NTHi,Nasal Tissue,96,Ly6C+ NK cells,1.0514128,0.6867287,0.50831065,1.2854536500000002,153.10453749785034
Pam1ug+IAV+NTHi,Nasal Tissue,96,Ly6C+CD8+ T-cells,0.8204176333333334,0.53200245,0.379339,1.2078484999999999,154.21313066008125
Pam1ug+IAV+NTHi,Nasal Tissue,96,Ly6C- NK cells,3.526739116666667,2.9612505000000002,2.1852327750000002,4.0909476,119.09627762550541
Pam1ug+IAV+NTHi,Nasal Tissue,96,Ly6C-CD8+ T-cells,0.24853675000000003,0.1608367,0.089568225,0.42422614999999997,154.52738709510953
Pam1ug+IAV+NTHi,Nasal Tissue,96,Monocytes,2.63005825,2.55541575,2.40044815,2.6875147249999998,102.92095327345463
Pam1ug+IAV+NTHi,Nasal Tissue,96,Neutrophils,31.28205578333333,30.57649695,27.459808074999998,34.504644125,102.30752016650924
Pam1ug+IAV+NTHi,Nasal Tissue,96,Unknown Myeloid,3.745306783333333,3.5403406,2.116652275,4.8335745249999995,105.78944814895304
Pam1ug+IAV+NTHi,Nasal Tissue,96,cDC1,0.16576006666666668,0.1175691,0.07158475,0.15287884999999998,140.9894833478071
Pam1ug+IAV+NTHi,Nasal Tissue,96,cDC2,0.0316934,0.035916,0.0176423,0.044764675,88.24312284218733
Pam1ug+IAV+NTHi,Nasal Tissue,96,moDCs,0.004914786666666667,0.0042363900000000005,0.003426785,0.00606359,116.01355556657123
Pam1ug+IAV+NTHi,Nasal Tissue,96,pDCs,2.1160086666666666,2.1155158,1.8914986000000003,2.385595375,100.02329770671847
Pam1ug+IAV+NTHi,Nasal Tissue,144,B-cells,17.044294516666668,17.0112042,15.063067125000002,19.342370775,100.19452071868413
Pam1ug+IAV+NTHi,Nasal Tissue,144,CD103+CD4+ T-cells,1.4165435166666667,1.1999528,1.07948795,1.7447004499999998,118.04993635305212
Pam1ug+IAV+NTHi,Nasal Tissue,144,CD206+ Macrophages,1.1363594666666668,1.04336425,0.9818444249999999,1.1303159,108.91301543700263
Pam1ug+IAV+NTHi,Nasal Tissue,144,CD4+ T-cells,2.6289372,2.02049865,1.8260779,2.3398562750000003,130.11328663842465
Pam1ug+IAV+NTHi,Nasal Tissue,144,CD64+MHCII- Macrophages,0.7304978333333333,0.38053765,0.3742275,0.8790451250000001,191.96466718426765
Pam1ug+IAV+NTHi,Nasal Tissue,144,Drop,6.130443483333334,6.300950199999999,5.7016916,6.73946535,97.29395232060928
Pam1ug+IAV+NTHi,Nasal Tissue,144,Ly6C(hi)CD64(hi) Monocytes,10.776743333333332,10.40276915,9.287818575,11.6683033,103.59494840211208
Pam1ug+IAV+NTHi,Nasal Tissue,144,Ly6C+ NK cells,0.6894035,0.6850069999999999,0.55190905,0.8045206500000001,100.64181825879153
Pam1ug+IAV+NTHi,Nasal Tissue,144,Ly6C+CD8+ T-cells,0.9795107500000001,0.8573747999999999,0.541615175,1.1084302,114.24533937783106
Pam1ug+IAV+NTHi,Nasal Tissue,144,Ly6C- NK cells,3.1408935166666665,3.1963612500000003,2.4610444250000003,4.047842800000001,98.26466006202104
Pam1ug+IAV+NTHi,Nasal Tissue,144,Ly6C-CD8+ T-cells,0.30243095,0.2132176,0.18950360000000002,0.2393589,141.84145680281551
Pam1ug+IAV+NTHi,Nasal Tissue,144,Monocytes,5.587401616666667,5.05750655,4.2621818000000005,6.145788424999999,110.47739753627539
Pam1ug+IAV+NTHi,Nasal Tissue,144,Neutrophils,42.54272935,42.9704355,39.26340282500001,45.87525805,99.00465018559098
Pam1ug+IAV+NTHi,Nasal Tissue,144,Unknown Myeloid,4.306372683333334,3.9285419000000004,3.5350577000000003,4.51209665,109.61758313773701
Pam1ug+IAV+NTHi,Nasal Tissue,144,cDC1,0.27212593333333335,0.28392695,0.21101779999999998,0.32215475,95.84364335028194
Pam1ug+IAV+NTHi,Nasal Tissue,144,cDC2,0.02965600666666667,0.030751949999999997,0.017688125000000002,0.039808675,96.43618263774061
Pam1ug+IAV+NTHi,Nasal Tissue,144,moDCs,0.008837356666666667,0.00724165,0.006696484999999999,0.010180375000000002,122.03512551237175
Pam1ug+IAV+NTHi,Nasal Tissue,144,pDCs,2.281237716666667,2.262896,2.0866046,2.4964388749999995,100.81054174238086
Pam1ug+IAV+NTHi,Spleen,2,B-cells,52.21617953333333,54.418076049999996,51.7400793,55.004455775,95.9537406014804
Pam1ug+IAV+NTHi,Spleen,2,CD103+CD4+ T-cells,0.6238005666666667,0.6212761,0.591625225,0.649343875,100.40633571236151
Pam1ug+IAV+NTHi,Spleen,2,CD206+ Macrophages,1.2598378333333333,0.9346120499999999,0.8795295249999999,1.7161615250000002,134.79794459458697
Pam1ug+IAV+NTHi,Spleen,2,CD4+ T-cells,22.0063524,20.44329105,20.196463725,22.72585875,107.64584012513974
Pam1ug+IAV+NTHi,Spleen,2,CD64+MHCII- Macrophages,0.008678063333333333,0.00932795,0.0049261899999999996,0.011602949999999999,93.03291005347727
Pam1ug+IAV+NTHi,Spleen,2,Drop,2.2161486166666666,2.22823305,2.06715795,2.3648571,99.45766744042625
Pam1ug+IAV+NTHi,Spleen,2,Ly6C(hi)CD64(hi) Monocytes,0.37267221666666667,0.3541927,0.316522875,0.43271285000000004,105.21736237552797
Pam1ug+IAV+NTHi,Spleen,2,Ly6C+ NK cells,1.37079395,1.1878472000000002,0.999410475,1.670138275,115.40153901949675
Pam1ug+IAV+NTHi,Spleen,2,Ly6C+CD8+ T-cells,8.320652583333334,7.76660235,7.506371225,8.590312675,107.13375306685214
Pam1ug+IAV+NTHi,Spleen,2,Ly6C- NK cells,1.9401320166666667,1.81786175,1.7047097249999996,2.15901415,106.7260487034653
Pam1ug+IAV+NTHi,Spleen,2,Ly6C-CD8+ T-cells,6.285643716666667,5.90523805,5.1706978,7.396607350000001,106.44183457882221
Pam1ug+IAV+NTHi,Spleen,2,Monocytes,0.2563996333333333,0.24792915,0.23482107500000005,0.27373885,103.41649351572147
Pam1ug+IAV+NTHi,Spleen,2,Neutrophils,0.5280562833333333,0.58866585,0.270565025,0.7578856,89.70390983838
Pam1ug+IAV+NTHi,Spleen,2,Unknown Myeloid,0.5983157,0.59625435,0.556548425,0.6290936500000001,100.34571655535929
Pam1ug+IAV+NTHi,Spleen,2,cDC1,0.37114115000000003,0.3609067,0.334516475,0.4221216,102.83576059962311
Pam1ug+IAV+NTHi,Spleen,2,cDC2,0.8677627,0.8501427499999998,0.7945517500000001,0.95975715,102.07258722138137
Pam1ug+IAV+NTHi,Spleen,2,moDCs,0.007847459999999999,0.007795075000000001,0.006956265,0.0086796575,100.67202688877268
Pam1ug+IAV+NTHi,Spleen,2,pDCs,0.7495855499999999,0.7299194,0.6680376250000001,0.8036555249999999,102.69429062989694
Pam1ug+IAV+NTHi,Spleen,6,B-cells,51.05959875,51.24484785,49.525515649999996,52.67566622499999,99.63850200015766
Pam1ug+IAV+NTHi,Spleen,6,CD103+CD4+ T-cells,0.45046911666666667,0.44529284999999996,0.39138937499999993,0.499449075,101.16244100184109
Pam1ug+IAV+NTHi,Spleen,6,CD206+ Macrophages,1.1969563833333334,1.2713509500000002,0.9023148750000001,1.3345425,94.14838470316424
Pam1ug+IAV+NTHi,Spleen,6,CD4+ T-cells,21.51413785,21.191509850000003,21.0204825,21.794179375,101.52243989354066
Pam1ug+IAV+NTHi,Spleen,6,CD64+MHCII- Macrophages,0.004902535,0.0029293350000000004,0.001840895,0.0070572625,167.3599980883033
Pam1ug+IAV+NTHi,Spleen,6,Drop,1.9324674666666666,1.95771805,1.798664375,2.0598789749999997,98.71020327297215
Pam1ug+IAV+NTHi,Spleen,6,Ly6C(hi)CD64(hi) Monocytes,0.47865308333333334,0.44938800000000007,0.3180903,0.6072042,106.51220845535111
Pam1ug+IAV+NTHi,Spleen,6,Ly6C+ NK cells,0.6809314000000001,0.7313663499999999,0.59489635,0.751189225,93.10401004913614
Pam1ug+IAV+NTHi,Spleen,6,Ly6C+CD8+ T-cells,7.501777566666668,7.3874851,7.1604540000000005,7.964806775000001,101.5471092681685
Pam1ug+IAV+NTHi,Spleen,6,Ly6C- NK cells,1.2691799666666665,1.2548512,1.1780420249999999,1.2707819750000002,101.14186978238268
Pam1ug+IAV+NTHi,Spleen,6,Ly6C-CD8+ T-cells,6.957528283333334,6.715449100000001,6.496490274999999,7.0389611500000004,103.6048100391876
Pam1ug+IAV+NTHi,Spleen,6,Monocytes,0.27314228333333335,0.27534359999999997,0.22174185000000002,0.2912802,99.20052012588394
Pam1ug+IAV+NTHi,Spleen,6,Neutrophils,4.388874583333333,3.9237916499999996,3.607572824999999,5.24915985,111.85289574010213
Pam1ug+IAV+NTHi,Spleen,6,Unknown Myeloid,0.6284250166666666,0.5464287,0.5363225249999999,0.741121275,115.00585834284813
Pam1ug+IAV+NTHi,Spleen,6,cDC1,0.3225573666666667,0.30632825,0.292089425,0.33652887499999995,105.29794972114608
Pam1ug+IAV+NTHi,Spleen,6,cDC2,0.6718508166666667,0.62390265,0.5300604250000001,0.8019087500000001,107.68520003347746
Pam1ug+IAV+NTHi,Spleen,6,moDCs,0.0020376095,0.00205001,0.0013484225000000001,0.0024898925000000002,99.3951005117048
Pam1ug+IAV+NTHi,Spleen,6,pDCs,0.6665099833333333,0.6515915000000001,0.570951525,0.766097725,102.28954541815436
Pam1ug+IAV+NTHi,Spleen,24,B-cells,54.22123165,53.610605899999996,52.937346625000004,56.035907699999996,101.1390017697972
Pam1ug+IAV+NTHi,Spleen,24,CD103+CD4+ T-cells,0.5170568,0.46428549999999996,0.42488000000000004,0.50424435,111.36613139975296
Pam1ug+IAV+NTHi,Spleen,24,CD206+ Macrophages,1.3353357166666666,1.1801972,0.9913969,1.683627675,113.14513512374597
Pam1ug+IAV+NTHi,Spleen,24,CD4+ T-cells,19.62179253333333,19.08133605,17.913678175,20.203008425,102.83238281594716
Pam1ug+IAV+NTHi,Spleen,24,CD64+MHCII- Macrophages,0.01688060333333333,0.014185050000000001,0.01071205,0.017706575,119.00277639721628
Pam1ug+IAV+NTHi,Spleen,24,Drop,1.9694889833333333,1.9167812999999998,1.6193947,2.259842375,102.74980162490806
Pam1ug+IAV+NTHi,Spleen,24,Ly6C(hi)CD64(hi) Monocytes,0.19638450000000002,0.2053549,0.162156825,0.22789145000000002,95.63175750858636
Pam1ug+IAV+NTHi,Spleen,24,Ly6C+ NK cells,1.0533294,0.8149453000000001,0.649619,1.2204575249999998,129.251546085363
Pam1ug+IAV+NTHi,Spleen,24,Ly6C+CD8+ T-cells,7.564269416666666,7.847267050000001,7.2548871749999995,8.290635199999999,96.3936790792237
Pam1ug+IAV+NTHi,Spleen,24,Ly6C- NK cells,1.5536919166666667,1.51840885,1.168167075,1.8408521,102.3236868427543
Pam1ug+IAV+NTHi,Spleen,24,Ly6C-CD8+ T-cells,6.404905599999999,6.04005215,5.3255514,7.188145525,106.04056787820946
Pam1ug+IAV+NTHi,Spleen,24,Monocytes,0.15632318333333334,0.15110185,0.14218685,0.165930675,103.45550589442374
Pam1ug+IAV+NTHi,Spleen,24,Neutrophils,2.7001373833333333,2.73379935,1.6705537,3.6657766250000003,98.76867456762449
Pam1ug+IAV+NTHi,Spleen,24,Unknown Myeloid,0.7135175666666667,0.7286581999999999,0.5810142,0.8088268,97.92212132748477
Pam1ug+IAV+NTHi,Spleen,24,cDC1,0.4436444666666667,0.41997615000000005,0.4063427750000001,0.43849997500000004,105.6356335155381
Pam1ug+IAV+NTHi,Spleen,24,cDC2,0.8529803666666667,0.7961465000000001,0.6897863,0.979553075,107.13861916954563
Pam1ug+IAV+NTHi,Spleen,24,moDCs,0.006725951666666665,0.0067045049999999995,0.004837675,0.00704195,100.31988441602573
Pam1ug+IAV+NTHi,Spleen,24,pDCs,0.6723039,0.7014973000000001,0.6419986249999999,0.73602225,95.83841591407406
Pam1ug+IAV+NTHi,Spleen,48,B-cells,50.458149283333334,50.540435800000004,49.7613431,51.29737732500001,99.83718676864541
Pam1ug+IAV+NTHi,Spleen,48,CD103+CD4+ T-cells,0.6428382833333334,0.6423751,0.5196832,0.748989775,100.07210480813053
Pam1ug+IAV+NTHi,Spleen,48,CD206+ Macrophages,1.2621793000000001,1.37967435,1.2601824750000001,1.413890475,91.48385631725343
Pam1ug+IAV+NTHi,Spleen,48,CD4+ T-cells,22.816297733333336,22.47696995,21.7761228,23.6342125,101.50966871463622
Pam1ug+IAV+NTHi,Spleen,48,CD64+MHCII- Macrophages,0.013456091666666666,0.01285975,0.00748208,0.01890765,104.63727262712467
Pam1ug+IAV+NTHi,Spleen,48,Drop,1.6670328500000002,1.6570434500000002,1.5358440500000001,1.756871975,100.60284478358126
Pam1ug+IAV+NTHi,Spleen,48,Ly6C(hi)CD64(hi) Monocytes,0.3396854833333333,0.3456364,0.29363465,0.37776015,98.27827258163009
Pam1ug+IAV+NTHi,Spleen,48,Ly6C+ NK cells,1.0825472666666667,1.0148763,0.8792109999999999,1.1792235500000001,106.66790294212866
Pam1ug+IAV+NTHi,Spleen,48,Ly6C+CD8+ T-cells,7.910288266666667,7.828671449999999,7.381688275000001,8.361719449999999,101.04253725792347
Pam1ug+IAV+NTHi,Spleen,48,Ly6C- NK cells,1.8136847833333334,1.7914405500000001,1.661487525,2.1264602249999998,101.2416953123749
Pam1ug+IAV+NTHi,Spleen,48,Ly6C-CD8+ T-cells,7.3147962,6.4556116999999995,5.920374300000001,8.343876925,113.3091105835873
Pam1ug+IAV+NTHi,Spleen,48,Monocytes,0.3668716166666666,0.4062523,0.28894605,0.42799685,90.30634821431573
Pam1ug+IAV+NTHi,Spleen,48,Neutrophils,1.1456673833333333,1.0529917,0.7512125,1.500535875,108.80117890134684
Pam1ug+IAV+NTHi,Spleen,48,Unknown Myeloid,0.8917169333333334,0.80249715,0.738224875,0.94912985,111.11776949405159
Pam1ug+IAV+NTHi,Spleen,48,cDC1,0.4990363666666667,0.49889045000000004,0.414970175,0.530129975,100.02924823809849
Pam1ug+IAV+NTHi,Spleen,48,cDC2,1.0060511333333335,1.00425075,0.9655486500000001,1.0640076,100.17927627470864
Pam1ug+IAV+NTHi,Spleen,48,moDCs,0.007671133333333334,0.007988185,0.0070719875,0.0087603975,96.03099243862448
Pam1ug+IAV+NTHi,Spleen,48,pDCs,0.7620299500000001,0.788912,0.676268975,0.8629279999999999,96.59251602206584
Pam1ug+IAV+NTHi,Spleen,72,B-cells,53.89624646666667,52.50962560000001,50.411317675,55.597536475,102.64069844494695
Pam1ug+IAV+NTHi,Spleen,72,CD103+CD4+ T-cells,0.8074468499999999,0.7824614000000001,0.63842055,0.95203255,103.19318627091378
Pam1ug+IAV+NTHi,Spleen,72,CD206+ Macrophages,1.45341125,1.4234938,1.108192925,1.7535487500000002,102.10169162661616
Pam1ug+IAV+NTHi,Spleen,72,CD4+ T-cells,19.61934288333333,20.25891425,16.051611925,23.12533755,96.84301261768424
Pam1ug+IAV+NTHi,Spleen,72,CD64+MHCII- Macrophages,0.08252196666666667,0.0417425,0.024502975,0.1040844,197.69291888762453
Pam1ug+IAV+NTHi,Spleen,72,Drop,1.888914166666667,1.9334894499999997,1.743169,2.084735725,97.69456806018088
Pam1ug+IAV+NTHi,Spleen,72,Ly6C(hi)CD64(hi) Monocytes,0.6945723166666666,0.7121102,0.62437755,0.7944778749999999,97.53719531986293
Pam1ug+IAV+NTHi,Spleen,72,Ly6C+ NK cells,1.0605375333333333,1.12218545,1.0957328,1.1497073,94.50644127789515
Pam1ug+IAV+NTHi,Spleen,72,Ly6C+CD8+ T-cells,8.14291375,8.2988401,8.1570697,8.8499224,98.12110670743012
Pam1ug+IAV+NTHi,Spleen,72,Ly6C- NK cells,2.01646145,1.9625806500000003,1.700577925,2.3663249,102.74540564740613
Pam1ug+IAV+NTHi,Spleen,72,Ly6C-CD8+ T-cells,5.7814056166666665,5.8298574,4.9009913,6.2594836,99.16890277053203
Pam1ug+IAV+NTHi,Spleen,72,Monocytes,0.2225711333333333,0.2396306,0.173530225,0.26210025,92.88093145588807
Pam1ug+IAV+NTHi,Spleen,72,Neutrophils,1.4702499500000001,1.1042865,0.7911014500000001,1.652392475,133.14026296617774
Pam1ug+IAV+NTHi,Spleen,72,Unknown Myeloid,0.7549676,0.7154924,0.577200775,0.9115597499999999,105.51720745042155
Pam1ug+IAV+NTHi,Spleen,72,cDC1,0.5428439,0.5394057000000001,0.4634622,0.6173409000000001,100.63740520354159
Pam1ug+IAV+NTHi,Spleen,72,cDC2,0.8677758333333334,0.8459498499999999,0.632044325,1.0371933,102.58005641035737
Pam1ug+IAV+NTHi,Spleen,72,moDCs,0.0098792,0.008511655,0.006682840000000001,0.0109951525,116.0667343777444
Pam1ug+IAV+NTHi,Spleen,72,pDCs,0.6879380833333333,0.7200367,0.571270425,0.766653875,95.54208602607802
Pam1ug+IAV+NTHi,Spleen,96,B-cells,56.47426855,56.630999849999995,50.813175,60.677393099999996,99.72324115693677
Pam1ug+IAV+NTHi,Spleen,96,CD103+CD4+ T-cells,0.6171708333333333,0.6200255,0.531164025,0.656259775,99.53958882873903
Pam1ug+IAV+NTHi,Spleen,96,CD206+ Macrophages,1.569747716666667,1.41882205,1.1608931,1.8530562000000002,110.63739224144895
Pam1ug+IAV+NTHi,Spleen,96,CD4+ T-cells,17.6571891,18.13318195,15.01635135,21.004750325,97.37501751588611
Pam1ug+IAV+NTHi,Spleen,96,CD64+MHCII- Macrophages,0.0247819,0.02632575,0.022989225,0.02731395,94.13558967930639
Pam1ug+IAV+NTHi,Spleen,96,Drop,2.1555246,2.05779265,1.9665717999999999,2.32139455,104.74935849343228
Pam1ug+IAV+NTHi,Spleen,96,Ly6C(hi)CD64(hi) Monocytes,0.6569246500000001,0.5992511500000001,0.54536195,0.7843147500000002,109.62426188084913
Pam1ug+IAV+NTHi,Spleen,96,Ly6C+ NK cells,1.0767023166666667,1.1063942,0.9837760750000001,1.210267575,97.31633776339994
Pam1ug+IAV+NTHi,Spleen,96,Ly6C+CD8+ T-cells,9.216340316666667,9.382840550000001,8.043989775,9.933983275,98.22548158581536
Pam1ug+IAV+NTHi,Spleen,96,Ly6C- NK cells,2.2994481833333333,2.25826825,2.068917075,2.556961025,101.82351823497203
Pam1ug+IAV+NTHi,Spleen,96,Ly6C-CD8+ T-cells,3.9663956833333334,3.647419,2.9013073,5.101088874999999,108.74527119953406
Pam1ug+IAV+NTHi,Spleen,96,Monocytes,0.2950366833333333,0.2558969,0.176672,0.29933022499999995,115.29513774232254
Pam1ug+IAV+NTHi,Spleen,96,Neutrophils,1.0348939666666666,0.9332129000000001,0.8438184249999999,1.3179183,110.8958059481032
Pam1ug+IAV+NTHi,Spleen,96,Unknown Myeloid,0.7057599833333333,0.7447957,0.5701928249999999,0.8079481249999999,94.75886922189983
Pam1ug+IAV+NTHi,Spleen,96,cDC1,0.5276559166666667,0.5431165499999999,0.5000050250000001,0.5753713749999999,97.15334888370954
Pam1ug+IAV+NTHi,Spleen,96,cDC2,0.8485093166666667,0.9205164499999999,0.7381827249999999,1.0330945500000002,92.17752889333664
Pam1ug+IAV+NTHi,Spleen,96,moDCs,0.012698281666666669,0.012618049999999999,0.0105374,0.014425699999999998,100.63584838122111
Pam1ug+IAV+NTHi,Spleen,96,pDCs,0.8609520333333333,0.8963789999999999,0.67702505,1.050851725,96.04776922856664
Pam1ug+IAV+NTHi,Spleen,144,B-cells,47.16294255,47.4512653,44.78163682500001,49.411967749999995,99.39238132391802
Pam1ug+IAV+NTHi,Spleen,144,CD103+CD4+ T-cells,0.9304205166666666,0.95027485,0.8551699249999999,1.026919575,97.91067465025162
Pam1ug+IAV+NTHi,Spleen,144,CD206+ Macrophages,1.4568844833333334,1.5253793500000001,1.3385335,1.663852675,95.50965032621775
Pam1ug+IAV+NTHi,Spleen,144,CD4+ T-cells,21.517472733333335,22.51823105,19.05613265,23.38930475,95.55578626738239
Pam1ug+IAV+NTHi,Spleen,144,CD64+MHCII- Macrophages,0.009923131666666666,0.01060605,0.007657614999999999,0.012188300000000001,93.56104927533498
Pam1ug+IAV+NTHi,Spleen,144,Drop,2.502495666666667,2.5152714499999997,1.921411975,3.08815755,99.49207138921993
Pam1ug+IAV+NTHi,Spleen,144,Ly6C(hi)CD64(hi) Monocytes,0.6482511166666667,0.6448567,0.524021925,0.7204304,100.52638309668905
Pam1ug+IAV+NTHi,Spleen,144,Ly6C+ NK cells,1.0917625833333333,1.2388728,0.80040075,1.3753929,88.12547852639378
Pam1ug+IAV+NTHi,Spleen,144,Ly6C+CD8+ T-cells,10.770044433333334,10.56091575,10.302022449999999,11.102448200000001,101.98021353719571
Pam1ug+IAV+NTHi,Spleen,144,Ly6C- NK cells,2.67755885,2.67209125,2.43059555,2.9795552250000004,100.20461876068043
Pam1ug+IAV+NTHi,Spleen,144,Ly6C-CD8+ T-cells,4.80422455,4.7903199,4.1574969,5.65935225,100.29026558330688
Pam1ug+IAV+NTHi,Spleen,144,Monocytes,0.5354408833333334,0.48877204999999996,0.415923625,0.66865665,109.54817963370316
Pam1ug+IAV+NTHi,Spleen,144,Neutrophils,2.89612195,2.7555887500000003,1.6611057999999999,4.0159326250000005,105.09993372559674
Pam1ug+IAV+NTHi,Spleen,144,Unknown Myeloid,0.9195609333333333,0.9703285500000001,0.8757378749999999,1.008397725,94.76799722458267
Pam1ug+IAV+NTHi,Spleen,144,cDC1,0.57311565,0.5573497000000001,0.530362075,0.5679568749999999,102.8287357111702
Pam1ug+IAV+NTHi,Spleen,144,cDC2,0.8223751833333333,0.7838149499999999,0.7340883500000001,0.9605173,104.91955828774806
Pam1ug+IAV+NTHi,Spleen,144,moDCs,0.0187484,0.020180049999999998,0.014552724999999999,0.020458524999999998,92.90561718132511
Pam1ug+IAV+NTHi,Spleen,144,pDCs,0.66265635,0.6478279499999999,0.580253875,0.739896275,102.2889410683809
Pam1ug+NTHi,Lung,2,B-cells,25.377685016666668,24.9715593,20.825839349999995,30.079697699999997,101.62635305143588
Pam1ug+NTHi,Lung,2,CD103+CD4+ T-cells,0.8588581833333334,0.85096545,0.8330454749999999,0.906909225,100.92750338257956
Pam1ug+NTHi,Lung,2,CD206+ Macrophages,0.5758765833333334,0.5355368,0.450194825,0.652098425,107.53258848567144
Pam1ug+NTHi,Lung,2,CD4+ T-cells,24.34147045,23.9717589,23.315122925,25.52746675,101.54227961136384
Pam1ug+NTHi,Lung,2,CD64+MHCII- Macrophages,0.05247806666666667,0.03703,0.030158525000000002,0.069155925,141.71770636420922
Pam1ug+NTHi,Lung,2,Drop,8.140320766666667,7.357817050000001,6.823207775000001,9.250846724999999,110.63499827936964
Pam1ug+NTHi,Lung,2,Ly6C(hi)CD64(hi) Monocytes,3.897769783333333,2.97799735,2.485355625,5.22924395,130.88560281402982
Pam1ug+NTHi,Lung,2,Ly6C+ NK cells,4.657594966666667,3.8572404000000002,3.33381325,4.65919445,120.74940848039097
Pam1ug+NTHi,Lung,2,Ly6C+CD8+ T-cells,5.883166849999999,5.9134193,5.5231672750000005,6.249436575,99.48841019949319
Pam1ug+NTHi,Lung,2,Ly6C- NK cells,5.3562035,5.29003805,4.545325324999999,5.411993525000001,101.25075565382748
Pam1ug+NTHi,Lung,2,Ly6C-CD8+ T-cells,4.7421884,4.7959622,4.14693465,5.174917375000001,98.87876931140116
Pam1ug+NTHi,Lung,2,Monocytes,2.0465411833333333,1.3550339500000002,1.21379475,2.619832025,151.03246552112833
Pam1ug+NTHi,Lung,2,Neutrophils,6.3682731,4.02976655,3.6613151999999998,6.282162625,158.03081942798894
Pam1ug+NTHi,Lung,2,Unknown Myeloid,3.376420366666667,3.4322304999999997,3.01330535,3.7851837,98.37393982329179
Pam1ug+NTHi,Lung,2,cDC1,0.42211961666666664,0.43545320000000004,0.33094015000000004,0.550702425,96.93799854190223
Pam1ug+NTHi,Lung,2,cDC2,0.15583088333333334,0.16400964999999998,0.1178555,0.17838420000000002,95.01324058269337
Pam1ug+NTHi,Lung,2,moDCs,3.2808679333333335,3.31523315,1.7924718,4.643044075000001,98.96341478527184
Pam1ug+NTHi,Lung,2,pDCs,0.4663343166666667,0.4945227,0.40076065,0.518825975,94.29988080762858
Pam1ug+NTHi,Lung,6,B-cells,22.247540700000002,22.76494215,18.251515375,25.618096174999998,97.72720068168502
Pam1ug+NTHi,Lung,6,CD103+CD4+ T-cells,0.7129352999999999,0.8245456,0.491107575,0.895979075,86.4640233360047
Pam1ug+NTHi,Lung,6,CD206+ Macrophages,0.5470171,0.470443,0.39069415,0.6915648999999999,116.27701974521887
Pam1ug+NTHi,Lung,6,CD4+ T-cells,20.33879185,20.7942797,18.354089625,22.6425022,97.8095521625594
Pam1ug+NTHi,Lung,6,CD64+MHCII- Macrophages,0.07361145,0.057059649999999996,0.037258175000000004,0.11586675000000002,129.00788911253397
Pam1ug+NTHi,Lung,6,Drop,5.0653122,4.9600386499999995,3.2030192750000004,6.991855175,102.12243406611358
Pam1ug+NTHi,Lung,6,Ly6C(hi)CD64(hi) Monocytes,5.127759466666666,4.4448215,3.8995147,5.324152725,115.36480073871734
Pam1ug+NTHi,Lung,6,Ly6C+ NK cells,3.3873952,3.37837925,2.7568327749999995,4.013941275,100.26687205114699
Pam1ug+NTHi,Lung,6,Ly6C+CD8+ T-cells,4.350941766666667,4.401959199999999,4.157032875,4.5243704750000004,98.84102893699395
Pam1ug+NTHi,Lung,6,Ly6C- NK cells,4.625230166666667,4.7033279,3.8773112500000004,5.162178300000001,98.3395218238275
Pam1ug+NTHi,Lung,6,Ly6C-CD8+ T-cells,4.053163366666666,4.2278382500000005,3.8293057999999998,4.462699999999999,95.86845870148098
Pam1ug+NTHi,Lung,6,Monocytes,3.0039781166666666,2.9586584499999997,2.703914475,3.250045325,101.5317640556539
Pam1ug+NTHi,Lung,6,Neutrophils,18.721733916666665,13.783456099999999,11.62454415,25.654895875,135.82757314884665
Pam1ug+NTHi,Lung,6,Unknown Myeloid,4.71207965,4.4304625,3.8273455499999995,5.091448925,106.35638265756677
Pam1ug+NTHi,Lung,6,cDC1,0.38807485,0.38941935000000005,0.357123625,0.40066122500000007,99.65474237476899
Pam1ug+NTHi,Lung,6,cDC2,0.10295546666666666,0.08831685,0.07767557499999998,0.12398780000000001,116.57511184634264
Pam1ug+NTHi,Lung,6,moDCs,2.100565483333333,1.9759227499999996,1.6615988250000002,2.4204217,106.30807724306699
Pam1ug+NTHi,Lung,6,pDCs,0.44091393333333334,0.44272075000000005,0.37085835,0.49028082500000003,99.59188344646897
Pam1ug+NTHi,Lung,24,B-cells,27.554101916666667,24.59362745,19.61898365,36.127622225,112.03756734416446
Pam1ug+NTHi,Lung,24,CD103+CD4+ T-cells,1.0522226333333333,0.9476387,0.7386845750000001,1.279014875,111.0362665996369
Pam1ug+NTHi,Lung,24,CD206+ Macrophages,0.57535005,0.5355423,0.465946375,0.55931135,107.43316634372297
Pam1ug+NTHi,Lung,24,CD4+ T-cells,14.225886616666667,14.367087649999998,12.900507900000003,16.016857525,99.01719098001513
Pam1ug+NTHi,Lung,24,CD64+MHCII- Macrophages,0.29118388333333334,0.19792909999999997,0.10292715,0.316094875,147.11524648641023
Pam1ug+NTHi,Lung,24,Drop,4.482069783333333,4.55435655,2.8690373749999996,5.861088025,98.41279957172729
Pam1ug+NTHi,Lung,24,Ly6C(hi)CD64(hi) Monocytes,2.15583585,1.93577875,1.4330645,2.5969280249999995,111.36788488870435
Pam1ug+NTHi,Lung,24,Ly6C+ NK cells,3.271900183333333,3.04521135,2.442342825,3.69151155,107.44410838128961
Pam1ug+NTHi,Lung,24,Ly6C+CD8+ T-cells,3.9915496833333335,4.209511000000001,3.8616636749999995,4.4605166,94.82217016022366
Pam1ug+NTHi,Lung,24,Ly6C- NK cells,4.369010283333333,4.35286395,4.096365825,5.038690575,100.37093586013258
Pam1ug+NTHi,Lung,24,Ly6C-CD8+ T-cells,2.948164183333333,2.90491165,2.3608249,3.452477575,101.48894488179472
Pam1ug+NTHi,Lung,24,Monocytes,0.7739075833333333,0.6718905,0.43816330000000003,1.0853826500000001,115.18358770265891
Pam1ug+NTHi,Lung,24,Neutrophils,26.922088666666667,29.2327162,12.422486600000001,38.5206921,92.09574807375125
Pam1ug+NTHi,Lung,24,Unknown Myeloid,4.93868375,4.71463505,3.9165152500000002,6.016162125,104.75219603689155
Pam1ug+NTHi,Lung,24,cDC1,0.3281831833333333,0.2858573,0.27837334999999996,0.33048170000000004,114.80664769916085
Pam1ug+NTHi,Lung,24,cDC2,0.21966451666666667,0.20050945,0.14199095,0.300891225,109.55319894731478
Pam1ug+NTHi,Lung,24,moDCs,1.283698,1.2956359000000002,0.9496513750000001,1.656252625,99.07860688330726
Pam1ug+NTHi,Lung,24,pDCs,0.6164993,0.61938615,0.5598138249999999,0.636149,99.53391757306811
Pam1ug+NTHi,Lung,48,B-cells,35.86295033333333,36.25079415,33.01121925,39.86295225,98.9301094617077
Pam1ug+NTHi,Lung,48,CD103+CD4+ T-cells,1.1403173500000001,1.02679865,0.8780378499999998,1.17585405,111.05559497959996
Pam1ug+NTHi,Lung,48,CD206+ Macrophages,0.5343364833333334,0.5138517,0.473971575,0.582796725,103.98651660261771
Pam1ug+NTHi,Lung,48,CD4+ T-cells,17.084323433333335,16.26872465,15.32906995,18.26023515,105.01329268814771
Pam1ug+NTHi,Lung,48,CD64+MHCII- Macrophages,0.1521911833333333,0.12544985,0.09685945,0.143468025,121.31635337414377
Pam1ug+NTHi,Lung,48,Drop,7.844753333333333,7.72020875,6.266544725000001,8.659695575,101.61322818289509
Pam1ug+NTHi,Lung,48,Ly6C(hi)CD64(hi) Monocytes,1.18469215,1.0216485000000002,0.9661244499999999,1.1482386500000001,115.95887920356166
Pam1ug+NTHi,Lung,48,Ly6C+ NK cells,3.6636547499999996,3.3666958499999997,3.2558500500000003,3.7627517249999998,108.82048492738066
Pam1ug+NTHi,Lung,48,Ly6C+CD8+ T-cells,5.593776733333334,5.53907075,5.0409539,5.93850365,100.98763828451432
Pam1ug+NTHi,Lung,48,Ly6C- NK cells,5.273694283333334,5.0219743,4.450174,5.84589265,105.012370997863
Pam1ug+NTHi,Lung,48,Ly6C-CD8+ T-cells,4.3736541,4.1279448499999996,3.6979623000000004,4.739049625000001,105.95233848630514
Pam1ug+NTHi,Lung,48,Monocytes,1.0606691666666666,1.03192175,0.750019375,1.1717079750000001,102.78581362071945
Pam1ug+NTHi,Lung,48,Neutrophils,7.988505033333333,7.496106800000001,5.21569575,9.669167125,106.56871955630798
Pam1ug+NTHi,Lung,48,Unknown Myeloid,5.123382433333333,5.0729959000000004,4.253862425,5.839546725,100.99323031846592
Pam1ug+NTHi,Lung,48,cDC1,0.5744164,0.6306574500000001,0.5307323,0.662295925,91.08215561395492
Pam1ug+NTHi,Lung,48,cDC2,0.24963446666666664,0.2288245,0.17421552499999998,0.27578032500000005,109.09429133098362
Pam1ug+NTHi,Lung,48,moDCs,1.5482630166666667,1.29776555,1.0359978250000001,2.0081568749999996,119.30221268908446
Pam1ug+NTHi,Lung,48,pDCs,0.7467853833333333,0.6717779,0.60169115,0.893818475,111.16551814719318
Pam1ug+NTHi,Lung,72,B-cells,43.93498555,45.3906032,42.3155144,47.044856525,96.79312997100686
Pam1ug+NTHi,Lung,72,CD103+CD4+ T-cells,1.2376790166666667,1.27639225,0.931365275,1.5749748000000001,96.96697991284941
Pam1ug+NTHi,Lung,72,CD206+ Macrophages,0.5295558333333333,0.5157393,0.49630535,0.55454965,102.67897624503956
Pam1ug+NTHi,Lung,72,CD4+ T-cells,15.654689666666666,15.2273812,14.540312625000002,15.785674024999999,102.80618486563313
Pam1ug+NTHi,Lung,72,CD64+MHCII- Macrophages,0.1320113,0.13856925,0.07899202500000001,0.190232175,95.26738435836234
Pam1ug+NTHi,Lung,72,Drop,6.027678416666666,5.18644495,4.262001075,7.842608675,116.2198475984338
Pam1ug+NTHi,Lung,72,Ly6C(hi)CD64(hi) Monocytes,2.284217066666667,2.1499493000000003,1.70823565,2.811067425,106.24515967268002
Pam1ug+NTHi,Lung,72,Ly6C+ NK cells,4.801846083333333,5.0507223,4.7252257250000005,5.31905125,95.07246286998065
Pam1ug+NTHi,Lung,72,Ly6C+CD8+ T-cells,5.296051833333333,5.3183515,4.698732999999999,6.1230046,99.58070340655996
Pam1ug+NTHi,Lung,72,Ly6C- NK cells,5.762899033333333,6.1246064,5.3019244,6.53262825,94.09419409112287
Pam1ug+NTHi,Lung,72,Ly6C-CD8+ T-cells,3.704024116666667,3.7247404,3.06011305,3.9640099749999997,99.4438194046132
Pam1ug+NTHi,Lung,72,Monocytes,1.0448812,0.9560722,0.615649775,1.3965006750000002,109.28894282251906
Pam1ug+NTHi,Lung,72,Neutrophils,1.3253282,0.8413546000000001,0.6354876,1.89852335,157.52314184768227
Pam1ug+NTHi,Lung,72,Unknown Myeloid,5.413610566666667,5.49312645,5.306399300000001,5.697872725,98.55244760780387
Pam1ug+NTHi,Lung,72,cDC1,0.5766670666666667,0.48732410000000004,0.395202925,0.695032425,118.33337745181629
Pam1ug+NTHi,Lung,72,cDC2,0.14364754999999998,0.13839135,0.133588,0.15434397500000002,103.79806974930152
Pam1ug+NTHi,Lung,72,moDCs,1.2794149166666668,1.3212883500000001,1.206368175,1.449375225,96.83086335141506
Pam1ug+NTHi,Lung,72,pDCs,0.8508125333333333,0.7985012,0.6203283,0.9238537,106.55119032173444
Pam1ug+NTHi,Lung,96,B-cells,42.82228256666667,42.407521800000005,41.628896325,45.323862675,100.9780358508633
Pam1ug+NTHi,Lung,96,CD103+CD4+ T-cells,1.3013796833333333,1.1827972999999998,0.8667002749999999,1.6739006,110.02558792899964
Pam1ug+NTHi,Lung,96,CD206+ Macrophages,0.7979103499999999,0.7175369500000001,0.6484316,0.8232554999999999,111.20129074885968
Pam1ug+NTHi,Lung,96,CD4+ T-cells,17.255514033333334,16.573183999999998,15.456515625,18.1848697,104.11707269606936
Pam1ug+NTHi,Lung,96,CD64+MHCII- Macrophages,0.2565867666666667,0.1719703,0.12518924999999997,0.31540205,149.20411644723924
Pam1ug+NTHi,Lung,96,Drop,4.984985583333333,4.8952189,3.9129660250000002,5.591898325000001,101.83376239484068
Pam1ug+NTHi,Lung,96,Ly6C(hi)CD64(hi) Monocytes,2.0481813,1.8488115,1.549328875,2.2907643500000003,110.78367372768938
Pam1ug+NTHi,Lung,96,Ly6C+ NK cells,4.34271835,4.1696583,3.7221638500000003,4.71793355,104.15046120206061
Pam1ug+NTHi,Lung,96,Ly6C+CD8+ T-cells,6.067826366666667,6.1353086,5.434123875,6.6016615000000005,98.9001004230931
Pam1ug+NTHi,Lung,96,Ly6C- NK cells,5.649093933333333,5.56123045,5.262183575,6.275475225,101.57992883271602
Pam1ug+NTHi,Lung,96,Ly6C-CD8+ T-cells,4.13893925,3.9964061,3.6892617750000003,4.702760575,103.5665331909087
Pam1ug+NTHi,Lung,96,Monocytes,1.2130562166666665,1.2461448,1.219542225,1.3445203499999998,97.34472403742058
Pam1ug+NTHi,Lung,96,Neutrophils,1.4291179500000002,1.2484870000000001,0.7873319,1.9842176999999999,114.46798805273903
Pam1ug+NTHi,Lung,96,Unknown Myeloid,4.7115612166666665,4.5463282000000005,4.387170275,4.8877458,103.63442781510288
Pam1ug+NTHi,Lung,96,cDC1,0.6899608666666667,0.64528145,0.505917275,0.6930947749999999,106.92402000191802
Pam1ug+NTHi,Lung,96,cDC2,0.1630074,0.1648073,0.13944655,0.194435625,98.90787604675279
Pam1ug+NTHi,Lung,96,moDCs,1.3095182166666668,1.2828097999999999,0.8840895499999999,1.587603875,102.08202468258871
Pam1ug+NTHi,Lung,96,pDCs,0.8183598833333333,0.67582195,0.616752325,0.75464665,121.0910482166691
Pam1ug+NTHi,Lung,144,B-cells,31.57985918333333,32.09013125,27.625821275,34.325878925,98.40987853028282
Pam1ug+NTHi,Lung,144,CD103+CD4+ T-cells,1.2837511333333333,1.3401754,1.036972475,1.4609052,95.78978492914685
Pam1ug+NTHi,Lung,144,CD206+ Macrophages,0.5705010333333334,0.56370045,0.45223755,0.601502775,101.20641793586174
Pam1ug+NTHi,Lung,144,CD4+ T-cells,20.263197599999998,19.2108435,17.51820145,22.868453975,105.47791719816988
Pam1ug+NTHi,Lung,144,CD64+MHCII- Macrophages,0.14533756666666667,0.12655345,0.0959302,0.18483190000000002,114.8428325475652
Pam1ug+NTHi,Lung,144,Drop,6.8491474,6.352350600000001,5.850166275,6.709961924999999,107.82067664842047
Pam1ug+NTHi,Lung,144,Ly6C(hi)CD64(hi) Monocytes,2.0271059166666667,2.07605285,1.249108675,2.7938084250000004,97.64230793385953
Pam1ug+NTHi,Lung,144,Ly6C+ NK cells,4.9756792,5.157619550000001,4.5187273999999995,5.2438232750000005,96.47239684439306
Pam1ug+NTHi,Lung,144,Ly6C+CD8+ T-cells,6.9544311,6.86913255,6.319019425,7.617592325,101.24176596359318
Pam1ug+NTHi,Lung,144,Ly6C- NK cells,6.568742966666667,6.4673751500000005,5.808245625,7.370077749999999,101.56737183657371
Pam1ug+NTHi,Lung,144,Ly6C-CD8+ T-cells,5.011840216666666,4.9902705,3.9185831500000003,6.1481966,100.43223542023756
Pam1ug+NTHi,Lung,144,Monocytes,1.7377705833333332,1.44925555,1.1889081000000001,2.3064196249999998,119.90780944970906
Pam1ug+NTHi,Lung,144,Neutrophils,2.8977972666666667,2.86474495,2.44755785,3.4082075999999994,101.1537612333226
Pam1ug+NTHi,Lung,144,Unknown Myeloid,4.8676152,4.7407266,4.422997050000001,5.241476025,102.67656438993973
Pam1ug+NTHi,Lung,144,cDC1,0.6509233333333333,0.61363755,0.5650153,0.698211875,106.07618998109443
Pam1ug+NTHi,Lung,144,cDC2,0.1672467,0.17209935,0.15815057500000002,0.18716862499999998,97.18032055321532
Pam1ug+NTHi,Lung,144,moDCs,2.6496254666666665,2.85002065,2.635754275,2.98209505,92.96864100499296
Pam1ug+NTHi,Lung,144,pDCs,0.7994281333333334,0.6932948999999999,0.57488005,0.8285714750000001,115.30852647745331
Pam1ug+NTHi,Nasal Tissue,2,B-cells,50.9793251,51.9568854,48.348890125,55.818696275,98.11851635741044
Pam1ug+NTHi,Nasal Tissue,2,CD103+CD4+ T-cells,0.6753849166666667,0.6362036499999999,0.50940205,0.8401855,106.15860450763945
Pam1ug+NTHi,Nasal Tissue,2,CD206+ Macrophages,1.6561405500000002,1.6955202500000002,1.311934525,2.11982535,97.6774267367199
Pam1ug+NTHi,Nasal Tissue,2,CD4+ T-cells,2.6175081166666665,1.5388598999999998,1.106745875,3.531764725,170.09398429750925
Pam1ug+NTHi,Nasal Tissue,2,CD64+MHCII- Macrophages,0.37602985,0.33278595,0.20985184999999998,0.425588725,112.99450893284406
Pam1ug+NTHi,Nasal Tissue,2,Drop,6.5416505166666665,6.7313604,6.4951199,6.958869625,97.18170069554836
Pam1ug+NTHi,Nasal Tissue,2,Ly6C(hi)CD64(hi) Monocytes,4.713805083333334,4.51961755,4.112714400000001,5.12603915,104.29654790886748
Pam1ug+NTHi,Nasal Tissue,2,Ly6C+ NK cells,0.56635195,0.56078725,0.53346165,0.5896418,100.99230144765241
Pam1ug+NTHi,Nasal Tissue,2,Ly6C+CD8+ T-cells,0.5994956499999999,0.5332602000000001,0.41164557500000004,0.616512475,112.42085008406775
Pam1ug+NTHi,Nasal Tissue,2,Ly6C- NK cells,2.486867033333333,2.4837792,2.2933385250000002,2.6383823250000003,100.12431996102285
Pam1ug+NTHi,Nasal Tissue,2,Ly6C-CD8+ T-cells,0.50565785,0.3647875,0.338418175,0.688161025,138.61709899599083
Pam1ug+NTHi,Nasal Tissue,2,Monocytes,2.080922516666667,1.97054215,1.657259175,2.3380028,105.60152274168138
Pam1ug+NTHi,Nasal Tissue,2,Neutrophils,20.078171,18.3384954,16.4965161,23.955026699999998,109.48646855728417
Pam1ug+NTHi,Nasal Tissue,2,Unknown Myeloid,4.372698616666667,4.4522549499999995,3.1883112249999996,5.21836465,98.21312269340432
Pam1ug+NTHi,Nasal Tissue,2,cDC1,0.14235223333333333,0.1550198,0.10589047500000001,0.1925155,91.82842019750595
Pam1ug+NTHi,Nasal Tissue,2,cDC2,0.06174473333333333,0.0530097,0.0511823,0.0658444,116.4781791508598
Pam1ug+NTHi,Nasal Tissue,2,moDCs,0.04422484499999999,0.0298731,0.021639549999999997,0.04786415,148.04236922180823
Pam1ug+NTHi,Nasal Tissue,2,pDCs,1.5016694333333334,1.4921284,1.369366375,1.6076110000000001,100.63942441771991
Pam1ug+NTHi,Nasal Tissue,6,B-cells,50.274600033333336,51.94683634999999,48.555792249999996,55.758569775,96.7808697619241
Pam1ug+NTHi,Nasal Tissue,6,CD103+CD4+ T-cells,0.48243925,0.37824345,0.32805674999999995,0.45881174999999996,127.54728469190941
Pam1ug+NTHi,Nasal Tissue,6,CD206+ Macrophages,0.94915595,0.9450771,0.725222075,1.12042315,100.4315891264321
Pam1ug+NTHi,Nasal Tissue,6,CD4+ T-cells,1.4226002666666666,1.26233035,1.120273925,1.288807125,112.69635295282781
Pam1ug+NTHi,Nasal Tissue,6,CD64+MHCII- Macrophages,0.11894165,0.11686605,0.10460697499999998,0.12567895,101.77605044407679
Pam1ug+NTHi,Nasal Tissue,6,Drop,4.822869483333333,4.79543335,4.170258049999999,5.164590225,100.57213042765642
Pam1ug+NTHi,Nasal Tissue,6,Ly6C(hi)CD64(hi) Monocytes,5.350880166666667,5.87536085,4.64203715,6.3313201999999995,91.07321751423434
Pam1ug+NTHi,Nasal Tissue,6,Ly6C+ NK cells,0.4989944166666666,0.4956637,0.42556122500000004,0.5737220249999999,100.67197106963181
Pam1ug+NTHi,Nasal Tissue,6,Ly6C+CD8+ T-cells,0.40701336666666665,0.3990558,0.342315775,0.46997089999999997,101.99409873673473
Pam1ug+NTHi,Nasal Tissue,6,Ly6C- NK cells,1.8879964833333331,2.0316870000000002,1.6905444499999998,2.0913563500000003,92.92752689431654
Pam1ug+NTHi,Nasal Tissue,6,Ly6C-CD8+ T-cells,0.42749611666666665,0.3513534,0.280617375,0.46824345000000006,121.6712622296146
Pam1ug+NTHi,Nasal Tissue,6,Monocytes,3.3112518833333335,3.60374925,3.133842025,4.0230727250000005,91.88352611751036
Pam1ug+NTHi,Nasal Tissue,6,Neutrophils,25.002740183333334,20.222849800000002,19.259681725,24.949899625,123.63608705303903
Pam1ug+NTHi,Nasal Tissue,6,Unknown Myeloid,3.701215833333334,3.46157105,3.331354825,3.748622175,106.92300634225992
Pam1ug+NTHi,Nasal Tissue,6,cDC1,0.032604249999999994,0.02885225,0.0178455,0.04146925,113.00418511554557
Pam1ug+NTHi,Nasal Tissue,6,cDC2,0.046189350000000004,0.0415108,0.0248801,0.067594125,111.27068136484964
Pam1ug+NTHi,Nasal Tissue,6,moDCs,0.014488553999999999,0.011777899999999999,0.0039968600000000005,0.0129138,123.01474796016268
Pam1ug+NTHi,Nasal Tissue,6,pDCs,1.2509375666666667,1.1794924500000001,0.9177640250000001,1.5676694500000001,106.05727630275771
Pam1ug+NTHi,Nasal Tissue,24,B-cells,46.8878816,47.5957485,44.318539525,50.48580185,98.51275182698303
Pam1ug+NTHi,Nasal Tissue,24,CD103+CD4+ T-cells,1.1892918166666666,0.6887961,0.49244905,0.9686342000000001,172.66239118756138
Pam1ug+NTHi,Nasal Tissue,24,CD206+ Macrophages,1.61208705,1.30880775,1.0679501,2.2737811750000003,123.17218094101293
Pam1ug+NTHi,Nasal Tissue,24,CD4+ T-cells,2.10730945,1.54014745,1.3378184000000002,2.185955925,136.82517540771826
Pam1ug+NTHi,Nasal Tissue,24,CD64+MHCII- Macrophages,0.7534297000000001,0.6489853,0.4995844750000001,0.74488705,116.09349241038281
Pam1ug+NTHi,Nasal Tissue,24,Drop,4.3278804,4.32523025,4.1240710499999995,4.5708121749999995,100.06127188257781
Pam1ug+NTHi,Nasal Tissue,24,Ly6C(hi)CD64(hi) Monocytes,4.9598746333333334,5.0863587500000005,4.4682623249999995,5.7660844000000004,97.51326788212359
Pam1ug+NTHi,Nasal Tissue,24,Ly6C+ NK cells,0.6432764333333334,0.6523297,0.5498556,0.7048217,98.6121639614651
Pam1ug+NTHi,Nasal Tissue,24,Ly6C+CD8+ T-cells,0.5304512833333334,0.5439499000000001,0.384943,0.7130839,97.51840809849092
Pam1ug+NTHi,Nasal Tissue,24,Ly6C- NK cells,2.2881321166666666,2.1502653,1.985828,2.308408375,106.41161891356691
Pam1ug+NTHi,Nasal Tissue,24,Ly6C-CD8+ T-cells,0.49512516666666667,0.496219,0.305584625,0.65229855,99.77956641456024
Pam1ug+NTHi,Nasal Tissue,24,Monocytes,1.9466144833333334,1.8913896,1.2963714499999999,2.60266255,102.91980474743721
Pam1ug+NTHi,Nasal Tissue,24,Neutrophils,25.146090466666664,24.79600225,24.00923585,26.4903573,101.41187362840583
Pam1ug+NTHi,Nasal Tissue,24,Unknown Myeloid,5.271436166666667,4.66043555,4.062761125,5.247686775,113.11037584602295
Pam1ug+NTHi,Nasal Tissue,24,cDC1,0.11803711666666668,0.09997625000000002,0.0882898,0.11800935000000001,118.06515714148776
Pam1ug+NTHi,Nasal Tissue,24,cDC2,0.12985246666666667,0.08905075,0.07924084999999999,0.10490512499999999,145.8184986276552
Pam1ug+NTHi,Nasal Tissue,24,moDCs,0.025861133333333335,0.0234906,0.016529175,0.033371175,110.09141245150542
Pam1ug+NTHi,Nasal Tissue,24,pDCs,1.5673685,1.60144565,1.47497825,1.6668077749999999,97.8721007484706
Pam1ug+NTHi,Nasal Tissue,48,B-cells,38.579577216666664,38.6603917,34.282936975,42.881618350000004,99.7909631025975
Pam1ug+NTHi,Nasal Tissue,48,CD103+CD4+ T-cells,1.3310641666666667,0.93592305,0.44456587499999994,2.171908125,142.21940218981325
Pam1ug+NTHi,Nasal Tissue,48,CD206+ Macrophages,1.5016447166666667,1.4322539499999998,0.82739105,1.8707507250000002,104.84486474390012
Pam1ug+NTHi,Nasal Tissue,48,CD4+ T-cells,1.5387784166666667,1.39535405,0.6229852499999999,2.50908115,110.27870787823828
Pam1ug+NTHi,Nasal Tissue,48,CD64+MHCII- Macrophages,1.04134315,0.6739536500000001,0.343689575,1.1893436,154.51257664380927
Pam1ug+NTHi,Nasal Tissue,48,Drop,6.025925216666667,5.774098199999999,5.55327045,6.110376975,104.3613220271638
Pam1ug+NTHi,Nasal Tissue,48,Ly6C(hi)CD64(hi) Monocytes,5.884973916666667,5.7892505,5.41576235,6.4116406249999995,101.65346821089652
Pam1ug+NTHi,Nasal Tissue,48,Ly6C+ NK cells,0.48215213333333334,0.51389,0.34544414999999995,0.57830035,93.82399605622476
Pam1ug+NTHi,Nasal Tissue,48,Ly6C+CD8+ T-cells,0.4113342833333334,0.27283379999999996,0.19888872500000002,0.513311575,150.76368226126436
Pam1ug+NTHi,Nasal Tissue,48,Ly6C- NK cells,1.7920646333333334,1.7327309999999998,1.4752859,2.077742875,103.42428416951816
Pam1ug+NTHi,Nasal Tissue,48,Ly6C-CD8+ T-cells,0.2616988833333333,0.2067649,0.172198775,0.33739665,126.56833114969383
Pam1ug+NTHi,Nasal Tissue,48,Monocytes,3.25510315,3.1898491,2.8001752,3.62377975,102.04567827362116
Pam1ug+NTHi,Nasal Tissue,48,Neutrophils,30.09446438333333,28.35084135,24.6679316,33.6862576,106.15016327666527
Pam1ug+NTHi,Nasal Tissue,48,Unknown Myeloid,5.76698515,5.72608755,4.9651592,6.147351925,100.7142328796562
Pam1ug+NTHi,Nasal Tissue,48,cDC1,0.11985050000000001,0.09108709999999999,0.0675977,0.10616705,131.57790729971646
Pam1ug+NTHi,Nasal Tissue,48,cDC2,0.14984689999999998,0.13511374999999998,0.075037325,0.18988685,110.90425659860672
Pam1ug+NTHi,Nasal Tissue,48,moDCs,0.008962126666666667,0.0100103,0.00789934,0.010549,89.529051743371
Pam1ug+NTHi,Nasal Tissue,48,pDCs,1.7587121333333333,1.5463602,1.5213622,1.9789663999999998,113.7323718842048
Pam1ug+NTHi,Nasal Tissue,72,B-cells,39.80280091666666,44.7346505,38.94464514999999,47.710275225,88.97532555142385
Pam1ug+NTHi,Nasal Tissue,72,CD103+CD4+ T-cells,1.0303007333333332,1.00987995,0.535993175,1.265713,102.02210008559267
Pam1ug+NTHi,Nasal Tissue,72,CD206+ Macrophages,1.2938854499999999,1.2437249000000001,1.062951875,1.5505697,104.03309043663916
Pam1ug+NTHi,Nasal Tissue,72,CD4+ T-cells,2.161922966666667,1.26168995,0.7447176249999999,2.12076,171.35136621058658
Pam1ug+NTHi,Nasal Tissue,72,CD64+MHCII- Macrophages,0.9681792333333333,0.9540805499999999,0.6578182,1.2643624249999998,101.47772463586364
Pam1ug+NTHi,Nasal Tissue,72,Drop,6.466599183333334,6.71691155,6.3146557,6.917244825,96.27340088069694
Pam1ug+NTHi,Nasal Tissue,72,Ly6C(hi)CD64(hi) Monocytes,7.182258116666667,7.197485,5.8420575,8.789836750000001,99.78844161073856
Pam1ug+NTHi,Nasal Tissue,72,Ly6C+ NK cells,0.43535376666666664,0.39003164999999995,0.318363025,0.523352,111.6201125387303
Pam1ug+NTHi,Nasal Tissue,72,Ly6C+CD8+ T-cells,0.4278182833333333,0.29724315,0.25154385,0.381837825,143.92872748567405
Pam1ug+NTHi,Nasal Tissue,72,Ly6C- NK cells,1.6572878999999998,1.7812947000000003,1.3595807,1.9225838499999999,93.03838943662717
Pam1ug+NTHi,Nasal Tissue,72,Ly6C-CD8+ T-cells,0.32404276666666665,0.19144035,0.163293725,0.3067447,169.2656572486765
Pam1ug+NTHi,Nasal Tissue,72,Monocytes,2.654296233333333,2.24202425,2.0901697500000003,3.293652475,118.38838198709641
Pam1ug+NTHi,Nasal Tissue,72,Neutrophils,28.34823061666667,22.640556150000002,21.747681275,27.659924274999998,125.2099569853838
Pam1ug+NTHi,Nasal Tissue,72,Unknown Myeloid,5.1909607499999995,4.42044095,4.051441575,6.77331745,117.43083571787108
Pam1ug+NTHi,Nasal Tissue,72,cDC1,0.10307331666666666,0.09468515,0.065990925,0.13518497499999999,108.85900974616047
Pam1ug+NTHi,Nasal Tissue,72,cDC2,0.09113448333333334,0.087604,0.0667166,0.11542792500000001,104.03004809521634
Pam1ug+NTHi,Nasal Tissue,72,moDCs,0.014409918,0.00952472,0.00853752,0.0173325,151.2896757070024
Pam1ug+NTHi,Nasal Tissue,72,pDCs,1.8498470166666665,1.67657465,1.52114855,1.88270585,110.33490317097818
Pam1ug+NTHi,Nasal Tissue,96,B-cells,35.25882725,37.758543249999995,29.33123395,39.212272150000004,93.37973400231749
Pam1ug+NTHi,Nasal Tissue,96,CD103+CD4+ T-cells,0.83352025,0.6611859,0.43004977499999997,1.26923295,126.06443210600831
Pam1ug+NTHi,Nasal Tissue,96,CD206+ Macrophages,1.0701736,0.93872505,0.721243325,1.422653575,114.00288082223864
Pam1ug+NTHi,Nasal Tissue,96,CD4+ T-cells,1.6604302833333335,1.135514,0.8671117500000001,1.368303775,146.22719608330092
Pam1ug+NTHi,Nasal Tissue,96,CD64+MHCII- Macrophages,0.4065972666666666,0.33841545,0.232033475,0.5958242499999999,120.14737112819955
Pam1ug+NTHi,Nasal Tissue,96,Drop,6.678606133333334,6.9793582999999995,6.7879699,7.2421563,95.69083354458725
Pam1ug+NTHi,Nasal Tissue,96,Ly6C(hi)CD64(hi) Monocytes,6.777676216666667,6.6376199,6.032113,7.713308100000001,102.11003821816713
Pam1ug+NTHi,Nasal Tissue,96,Ly6C+ NK cells,0.3126410666666667,0.30891314999999997,0.272029675,0.3709361,101.2067847117116
Pam1ug+NTHi,Nasal Tissue,96,Ly6C+CD8+ T-cells,0.37735245,0.38525215,0.289881475,0.432237775,97.94947283227361
Pam1ug+NTHi,Nasal Tissue,96,Ly6C- NK cells,1.653375933333333,1.6193882,1.5119416749999999,1.731756675,102.09880085166319
Pam1ug+NTHi,Nasal Tissue,96,Ly6C-CD8+ T-cells,0.2926338333333333,0.24896305000000002,0.204831225,0.27891072499999997,117.54107018424351
Pam1ug+NTHi,Nasal Tissue,96,Monocytes,3.172009183333333,3.1536222,2.7454646,3.5627306499999998,100.58304331233249
Pam1ug+NTHi,Nasal Tissue,96,Neutrophils,35.10805851666667,33.519242999999996,32.168053375,41.628553999999994,104.7400101388527
Pam1ug+NTHi,Nasal Tissue,96,Unknown Myeloid,4.319232283333333,4.0035387,3.486360275,4.93799425,107.88536359929113
Pam1ug+NTHi,Nasal Tissue,96,cDC1,0.10418386666666668,0.1006425,0.06933095,0.12764725,103.51875864238933
Pam1ug+NTHi,Nasal Tissue,96,cDC2,0.07550955000000001,0.0731842,0.0579739,0.0862579,103.17739348110658
Pam1ug+NTHi,Nasal Tissue,96,moDCs,0.00403422,0.00403422,0.0032798650000000003,0.004788575,100
Pam1ug+NTHi,Nasal Tissue,96,pDCs,1.8978275666666666,1.8607467500000001,1.754995,2.029079025,101.99279223068194
Pam1ug+NTHi,Nasal Tissue,144,B-cells,25.108389983333335,26.50248765,22.191490950000002,27.799392749999996,94.7397478867737
Pam1ug+NTHi,Nasal Tissue,144,CD103+CD4+ T-cells,1.0781699666666666,0.9163972499999999,0.634896775,1.21844285,117.65312114005873
Pam1ug+NTHi,Nasal Tissue,144,CD206+ Macrophages,0.9682530166666666,0.91980555,0.79555465,1.153883075,105.2671422418213
Pam1ug+NTHi,Nasal Tissue,144,CD4+ T-cells,2.023152366666667,1.75513705,1.176428025,2.735552075,115.27033553685546
Pam1ug+NTHi,Nasal Tissue,144,CD64+MHCII- Macrophages,0.35306525,0.38939425,0.313874575,0.43082980000000004,90.67038098277004
Pam1ug+NTHi,Nasal Tissue,144,Drop,7.032566599999999,6.63847135,6.24190005,7.2474305,105.93653612740228
Pam1ug+NTHi,Nasal Tissue,144,Ly6C(hi)CD64(hi) Monocytes,8.1417058,7.95448035,7.486905924999999,8.5618676,102.35371063554139
Pam1ug+NTHi,Nasal Tissue,144,Ly6C+ NK cells,0.46494318333333334,0.43524035,0.3749152,0.491235225,106.82446683386163
Pam1ug+NTHi,Nasal Tissue,144,Ly6C+CD8+ T-cells,0.4660977,0.41184305,0.330643975,0.563844,113.17362281577898
Pam1ug+NTHi,Nasal Tissue,144,Ly6C- NK cells,1.7774217666666665,1.7890746499999999,1.587081475,1.99933695,99.34866421961021
Pam1ug+NTHi,Nasal Tissue,144,Ly6C-CD8+ T-cells,0.39151306666666663,0.27768624999999997,0.18814022499999997,0.48606002500000006,140.99116058741356
Pam1ug+NTHi,Nasal Tissue,144,Monocytes,6.395742333333334,8.210905799999999,3.8370763,8.411228975,77.89326158550418
Pam1ug+NTHi,Nasal Tissue,144,Neutrophils,39.0279226,40.532084700000006,37.639316775,41.531178525,96.28895944747691
Pam1ug+NTHi,Nasal Tissue,144,Unknown Myeloid,4.268918233333333,4.2935999,3.6163413749999997,4.955684575,99.42515215107335
Pam1ug+NTHi,Nasal Tissue,144,cDC1,0.21428048333333333,0.2352625,0.21826414999999996,0.2612832,91.08144448576944
Pam1ug+NTHi,Nasal Tissue,144,cDC2,0.08485321666666666,0.07143279999999999,0.06630315,0.104008775,118.78747111504333
Pam1ug+NTHi,Nasal Tissue,144,moDCs,0.01064071,0.01064071,0.007861265,0.013420155,100
Pam1ug+NTHi,Nasal Tissue,144,pDCs,2.1994575333333333,1.90436565,1.7699051000000001,2.5224872499999997,115.49554747184887
Pam1ug+NTHi,Spleen,2,B-cells,52.21617953333333,54.418076049999996,51.7400793,55.004455775,95.9537406014804
Pam1ug+NTHi,Spleen,2,CD103+CD4+ T-cells,0.6238005666666667,0.6212761,0.591625225,0.649343875,100.40633571236151
Pam1ug+NTHi,Spleen,2,CD206+ Macrophages,1.2598378333333333,0.9346120499999999,0.8795295249999999,1.7161615250000002,134.79794459458697
Pam1ug+NTHi,Spleen,2,CD4+ T-cells,22.0063524,20.44329105,20.196463725,22.72585875,107.64584012513974
Pam1ug+NTHi,Spleen,2,CD64+MHCII- Macrophages,0.008678063333333333,0.00932795,0.0049261899999999996,0.011602949999999999,93.03291005347727
Pam1ug+NTHi,Spleen,2,Drop,2.2161486166666666,2.22823305,2.06715795,2.3648571,99.45766744042625
Pam1ug+NTHi,Spleen,2,Ly6C(hi)CD64(hi) Monocytes,0.37267221666666667,0.3541927,0.316522875,0.43271285000000004,105.21736237552797
Pam1ug+NTHi,Spleen,2,Ly6C+ NK cells,1.37079395,1.1878472000000002,0.999410475,1.670138275,115.40153901949675
Pam1ug+NTHi,Spleen,2,Ly6C+CD8+ T-cells,8.320652583333334,7.76660235,7.506371225,8.590312675,107.13375306685214
Pam1ug+NTHi,Spleen,2,Ly6C- NK cells,1.9401320166666667,1.81786175,1.7047097249999996,2.15901415,106.7260487034653
Pam1ug+NTHi,Spleen,2,Ly6C-CD8+ T-cells,6.285643716666667,5.90523805,5.1706978,7.396607350000001,106.44183457882221
Pam1ug+NTHi,Spleen,2,Monocytes,0.2563996333333333,0.24792915,0.23482107500000005,0.27373885,103.41649351572147
Pam1ug+NTHi,Spleen,2,Neutrophils,0.5280562833333333,0.58866585,0.270565025,0.7578856,89.70390983838
Pam1ug+NTHi,Spleen,2,Unknown Myeloid,0.5983157,0.59625435,0.556548425,0.6290936500000001,100.34571655535929
Pam1ug+NTHi,Spleen,2,cDC1,0.37114115000000003,0.3609067,0.334516475,0.4221216,102.83576059962311
Pam1ug+NTHi,Spleen,2,cDC2,0.8677627,0.8501427499999998,0.7945517500000001,0.95975715,102.07258722138137
Pam1ug+NTHi,Spleen,2,moDCs,0.007847459999999999,0.007795075000000001,0.006956265,0.0086796575,100.67202688877268
Pam1ug+NTHi,Spleen,2,pDCs,0.7495855499999999,0.7299194,0.6680376250000001,0.8036555249999999,102.69429062989694
Pam1ug+NTHi,Spleen,6,B-cells,51.05959875,51.24484785,49.525515649999996,52.67566622499999,99.63850200015766
Pam1ug+NTHi,Spleen,6,CD103+CD4+ T-cells,0.45046911666666667,0.44529284999999996,0.39138937499999993,0.499449075,101.16244100184109
Pam1ug+NTHi,Spleen,6,CD206+ Macrophages,1.1969563833333334,1.2713509500000002,0.9023148750000001,1.3345425,94.14838470316424
Pam1ug+NTHi,Spleen,6,CD4+ T-cells,21.51413785,21.191509850000003,21.0204825,21.794179375,101.52243989354066
Pam1ug+NTHi,Spleen,6,CD64+MHCII- Macrophages,0.004902535,0.0029293350000000004,0.001840895,0.0070572625,167.3599980883033
Pam1ug+NTHi,Spleen,6,Drop,1.9324674666666666,1.95771805,1.798664375,2.0598789749999997,98.71020327297215
Pam1ug+NTHi,Spleen,6,Ly6C(hi)CD64(hi) Monocytes,0.47865308333333334,0.44938800000000007,0.3180903,0.6072042,106.51220845535111
Pam1ug+NTHi,Spleen,6,Ly6C+ NK cells,0.6809314000000001,0.7313663499999999,0.59489635,0.751189225,93.10401004913614
Pam1ug+NTHi,Spleen,6,Ly6C+CD8+ T-cells,7.501777566666668,7.3874851,7.1604540000000005,7.964806775000001,101.5471092681685
Pam1ug+NTHi,Spleen,6,Ly6C- NK cells,1.2691799666666665,1.2548512,1.1780420249999999,1.2707819750000002,101.14186978238268
Pam1ug+NTHi,Spleen,6,Ly6C-CD8+ T-cells,6.957528283333334,6.715449100000001,6.496490274999999,7.0389611500000004,103.6048100391876
Pam1ug+NTHi,Spleen,6,Monocytes,0.27314228333333335,0.27534359999999997,0.22174185000000002,0.2912802,99.20052012588394
Pam1ug+NTHi,Spleen,6,Neutrophils,4.388874583333333,3.9237916499999996,3.607572824999999,5.24915985,111.85289574010213
Pam1ug+NTHi,Spleen,6,Unknown Myeloid,0.6284250166666666,0.5464287,0.5363225249999999,0.741121275,115.00585834284813
Pam1ug+NTHi,Spleen,6,cDC1,0.3225573666666667,0.30632825,0.292089425,0.33652887499999995,105.29794972114608
Pam1ug+NTHi,Spleen,6,cDC2,0.6718508166666667,0.62390265,0.5300604250000001,0.8019087500000001,107.68520003347746
Pam1ug+NTHi,Spleen,6,moDCs,0.0020376095,0.00205001,0.0013484225000000001,0.0024898925000000002,99.3951005117048
Pam1ug+NTHi,Spleen,6,pDCs,0.6665099833333333,0.6515915000000001,0.570951525,0.766097725,102.28954541815436
Pam1ug+NTHi,Spleen,24,B-cells,54.22123165,53.610605899999996,52.937346625000004,56.035907699999996,101.1390017697972
Pam1ug+NTHi,Spleen,24,CD103+CD4+ T-cells,0.5170568,0.46428549999999996,0.42488000000000004,0.50424435,111.36613139975296
Pam1ug+NTHi,Spleen,24,CD206+ Macrophages,1.3353357166666666,1.1801972,0.9913969,1.683627675,113.14513512374597
Pam1ug+NTHi,Spleen,24,CD4+ T-cells,19.62179253333333,19.08133605,17.913678175,20.203008425,102.83238281594716
Pam1ug+NTHi,Spleen,24,CD64+MHCII- Macrophages,0.01688060333333333,0.014185050000000001,0.01071205,0.017706575,119.00277639721628
Pam1ug+NTHi,Spleen,24,Drop,1.9694889833333333,1.9167812999999998,1.6193947,2.259842375,102.74980162490806
Pam1ug+NTHi,Spleen,24,Ly6C(hi)CD64(hi) Monocytes,0.19638450000000002,0.2053549,0.162156825,0.22789145000000002,95.63175750858636
Pam1ug+NTHi,Spleen,24,Ly6C+ NK cells,1.0533294,0.8149453000000001,0.649619,1.2204575249999998,129.251546085363
Pam1ug+NTHi,Spleen,24,Ly6C+CD8+ T-cells,7.564269416666666,7.847267050000001,7.2548871749999995,8.290635199999999,96.3936790792237
Pam1ug+NTHi,Spleen,24,Ly6C- NK cells,1.5536919166666667,1.51840885,1.168167075,1.8408521,102.3236868427543
Pam1ug+NTHi,Spleen,24,Ly6C-CD8+ T-cells,6.404905599999999,6.04005215,5.3255514,7.188145525,106.04056787820946
Pam1ug+NTHi,Spleen,24,Monocytes,0.15632318333333334,0.15110185,0.14218685,0.165930675,103.45550589442374
Pam1ug+NTHi,Spleen,24,Neutrophils,2.7001373833333333,2.73379935,1.6705537,3.6657766250000003,98.76867456762449
Pam1ug+NTHi,Spleen,24,Unknown Myeloid,0.7135175666666667,0.7286581999999999,0.5810142,0.8088268,97.92212132748477
Pam1ug+NTHi,Spleen,24,cDC1,0.4436444666666667,0.41997615000000005,0.4063427750000001,0.43849997500000004,105.6356335155381
Pam1ug+NTHi,Spleen,24,cDC2,0.8529803666666667,0.7961465000000001,0.6897863,0.979553075,107.13861916954563
Pam1ug+NTHi,Spleen,24,moDCs,0.006725951666666665,0.0067045049999999995,0.004837675,0.00704195,100.31988441602573
Pam1ug+NTHi,Spleen,24,pDCs,0.6723039,0.7014973000000001,0.6419986249999999,0.73602225,95.83841591407406
Pam1ug+NTHi,Spleen,48,B-cells,56.492542300000004,58.11500039999999,53.6006787,59.1597945,97.20819394505246
Pam1ug+NTHi,Spleen,48,CD103+CD4+ T-cells,0.6042314,0.58395,0.53272445,0.6629494749999999,103.47313982361503
Pam1ug+NTHi,Spleen,48,CD206+ Macrophages,1.5208243666666668,1.67756625,1.27127585,1.7434981750000003,90.656590561873
Pam1ug+NTHi,Spleen,48,CD4+ T-cells,19.221262166666666,19.40179575,16.96231285,21.871057925,99.06950065004506
Pam1ug+NTHi,Spleen,48,CD64+MHCII- Macrophages,0.011736873333333333,0.013201090000000002,0.0067431,0.0170831,88.90836539507974
Pam1ug+NTHi,Spleen,48,Drop,2.3398702166666667,2.0981125,1.769658525,2.4498200000000003,111.52262887079061
Pam1ug+NTHi,Spleen,48,Ly6C(hi)CD64(hi) Monocytes,0.2302089833333333,0.2700784,0.1559932,0.29991392499999997,85.23783587777967
Pam1ug+NTHi,Spleen,48,Ly6C+ NK cells,1.11928475,1.0948286,0.7744949750000001,1.44516215,102.23378801028764
Pam1ug+NTHi,Spleen,48,Ly6C+CD8+ T-cells,7.189068483333333,7.14125345,6.875387599999999,7.60277435,100.66956079444755
Pam1ug+NTHi,Spleen,48,Ly6C- NK cells,1.9120428166666668,1.8905551,1.646960375,2.1721677,101.13658240728698
Pam1ug+NTHi,Spleen,48,Ly6C-CD8+ T-cells,5.42819315,5.6470047,5.408640875000001,5.775251275,96.12517499764078
Pam1ug+NTHi,Spleen,48,Monocytes,0.24528128333333332,0.25743105,0.16084389999999998,0.331801175,95.28038025457043
Pam1ug+NTHi,Spleen,48,Neutrophils,1.02448365,0.803654,0.6216470500000001,1.4681688,127.47819957344828
Pam1ug+NTHi,Spleen,48,Unknown Myeloid,0.8611955499999999,0.82521775,0.7813847500000001,0.9764811999999999,104.35979473296592
Pam1ug+NTHi,Spleen,48,cDC1,0.41962565,0.41079964999999996,0.3058748,0.50305235,102.1484925802639
Pam1ug+NTHi,Spleen,48,cDC2,0.7897858833333333,0.72551275,0.704407025,0.8437187249999999,108.85899432275082
Pam1ug+NTHi,Spleen,48,moDCs,0.018912523333333334,0.02188545,0.007150589999999999,0.027514274999999998,86.41596738167748
Pam1ug+NTHi,Spleen,48,pDCs,0.5714499833333333,0.47404130000000005,0.46283169999999996,0.6794100750000001,120.54856472069694
Pam1ug+NTHi,Spleen,72,B-cells,53.71485929999999,54.91880565,52.3631128,56.228728625,97.80777033340307
Pam1ug+NTHi,Spleen,72,CD103+CD4+ T-cells,0.72107115,0.6738821,0.60593435,0.760993625,107.00256765983247
Pam1ug+NTHi,Spleen,72,CD206+ Macrophages,1.0824587,0.7786916999999999,0.70266865,1.321968125,139.00991881639428
Pam1ug+NTHi,Spleen,72,CD4+ T-cells,21.526065016666664,21.294838499999997,19.931697375,22.859432325,101.08583362426846
Pam1ug+NTHi,Spleen,72,CD64+MHCII- Macrophages,0.008968038333333333,0.009013154999999998,0.0033828799999999996,0.012767575000000001,99.49943536234908
Pam1ug+NTHi,Spleen,72,Drop,1.8473867166666669,1.85965565,1.650100825,1.893392775,99.34025778733104
Pam1ug+NTHi,Spleen,72,Ly6C(hi)CD64(hi) Monocytes,0.3910345333333333,0.29275380000000006,0.2665685,0.5345905750000001,133.57112130853065
Pam1ug+NTHi,Spleen,72,Ly6C+ NK cells,1.2167636666666668,1.2199608,1.047919125,1.4452082250000002,99.7379314701478
Pam1ug+NTHi,Spleen,72,Ly6C+CD8+ T-cells,7.667172850000001,7.4004731,6.9642477750000005,8.517796899999999,103.60382027467946
Pam1ug+NTHi,Spleen,72,Ly6C- NK cells,1.8883702833333336,1.9029650000000002,1.8020076749999998,1.9953613749999999,99.23305385718251
Pam1ug+NTHi,Spleen,72,Ly6C-CD8+ T-cells,6.110932233333333,6.175248849999999,5.85288895,6.796753900000001,98.95847733056675
Pam1ug+NTHi,Spleen,72,Monocytes,0.22040715,0.1903552,0.11806817499999998,0.32097137500000006,115.78730184413139
Pam1ug+NTHi,Spleen,72,Neutrophils,0.4186990666666666,0.32709669999999996,0.270953425,0.4103944,128.0046746624673
Pam1ug+NTHi,Spleen,72,Unknown Myeloid,0.8064618166666666,0.74698845,0.695280675,0.892956675,107.9617518405628
Pam1ug+NTHi,Spleen,72,cDC1,0.5076894000000001,0.46223970000000003,0.42098395,0.5505173,109.83249599720666
Pam1ug+NTHi,Spleen,72,cDC2,1.0073467833333334,0.9819487,0.8268533,1.066493025,102.58649798439912
Pam1ug+NTHi,Spleen,72,moDCs,0.00880119,0.008658885000000002,0.0056136575,0.01216423,101.64345640345147
Pam1ug+NTHi,Spleen,72,pDCs,0.8555120500000001,0.7748854,0.714876125,0.7992912750000001,110.40497730374068
Pam1ug+NTHi,Spleen,96,B-cells,54.12322496666666,52.80867170000001,52.210699375000004,56.15965537500001,102.48927538669118
Pam1ug+NTHi,Spleen,96,CD103+CD4+ T-cells,0.7109055666666667,0.6872673,0.644058725,0.745700425,103.43945749589231
Pam1ug+NTHi,Spleen,96,CD206+ Macrophages,1.6696254666666668,1.7753542,1.42973175,1.921034675,94.04464003108038
Pam1ug+NTHi,Spleen,96,CD4+ T-cells,20.956233033333334,21.329192550000002,19.946306175,22.775383124999998,98.25141286622842
Pam1ug+NTHi,Spleen,96,CD64+MHCII- Macrophages,0.008490715,0.007960815,0.00733164,0.010267597500000001,106.65635365223285
Pam1ug+NTHi,Spleen,96,Drop,2.1345412500000003,2.10600845,1.9430430999999997,2.41040925,101.35482837212739
Pam1ug+NTHi,Spleen,96,Ly6C(hi)CD64(hi) Monocytes,0.35759626666666666,0.33281724999999995,0.31907925,0.38442162499999993,107.44523208056876
Pam1ug+NTHi,Spleen,96,Ly6C+ NK cells,1.135872,1.0987982,0.9791373000000001,1.130121475,103.37403173758383
Pam1ug+NTHi,Spleen,96,Ly6C+CD8+ T-cells,7.295371933333334,7.22299375,6.7975718,7.818442575,101.00205241536217
Pam1ug+NTHi,Spleen,96,Ly6C- NK cells,2.0606424333333333,2.1108183,1.9552438749999999,2.2260557,97.62291871987907
Pam1ug+NTHi,Spleen,96,Ly6C-CD8+ T-cells,5.607968016666667,5.8065808,5.010600725,6.17805915,96.57952261108063
Pam1ug+NTHi,Spleen,96,Monocytes,0.2667224166666667,0.27043305,0.2162171,0.304604275,98.62789206669328
Pam1ug+NTHi,Spleen,96,Neutrophils,0.6664738499999999,0.6395835,0.3885904,0.9044623999999999,104.20435330179718
Pam1ug+NTHi,Spleen,96,Unknown Myeloid,0.8098668833333332,0.79812795,0.763007375,0.87862735,101.47080845036605
Pam1ug+NTHi,Spleen,96,cDC1,0.44844896666666667,0.44619329999999996,0.43969352500000003,0.45620802499999996,100.50553575472037
Pam1ug+NTHi,Spleen,96,cDC2,0.9426131000000001,0.8874821500000001,0.844932975,1.056971825,106.21206296937915
Pam1ug+NTHi,Spleen,96,moDCs,0.006916013333333333,0.00659042,0.00438973,0.00847113,104.94040339361274
Pam1ug+NTHi,Spleen,96,pDCs,0.7984872333333334,0.80518505,0.695204775,0.8847237249999998,99.16816430376265
Pam1ug+NTHi,Spleen,144,B-cells,46.59346946666666,46.1590618,42.1708678,49.996024899999995,100.94111026031871
Pam1ug+NTHi,Spleen,144,CD103+CD4+ T-cells,0.7772472,0.7785146,0.7704432000000001,0.78726805,99.83720279619676
Pam1ug+NTHi,Spleen,144,CD206+ Macrophages,1.5420251833333332,1.54661035,1.34312255,1.75664175,99.70353446382492
Pam1ug+NTHi,Spleen,144,CD4+ T-cells,23.945321366666665,24.478286,22.255310699999995,25.985085924999996,97.82270444371254
Pam1ug+NTHi,Spleen,144,CD64+MHCII- Macrophages,0.009184399999999999,0.00759467,0.004403935,0.013950075000000001,120.93218006839004
Pam1ug+NTHi,Spleen,144,Drop,2.7506678,2.48186055,2.094101025,3.358369275,110.83087645677756
Pam1ug+NTHi,Spleen,144,Ly6C(hi)CD64(hi) Monocytes,0.41823143333333335,0.38068955,0.30363215,0.48435432500000003,109.8615481652526
Pam1ug+NTHi,Spleen,144,Ly6C+ NK cells,1.3324318666666666,1.34564505,1.29323795,1.39202785,99.01807810809147
Pam1ug+NTHi,Spleen,144,Ly6C+CD8+ T-cells,9.289435366666666,9.5584794,8.734917849999999,9.996706024999998,97.18528416420155
Pam1ug+NTHi,Spleen,144,Ly6C- NK cells,2.22725805,2.2848118,1.8730054000000003,2.5484770750000005,97.48102885322984
Pam1ug+NTHi,Spleen,144,Ly6C-CD8+ T-cells,6.678445016666666,7.02571035,6.142146025000001,7.547442875000001,95.05722103483339
Pam1ug+NTHi,Spleen,144,Monocytes,0.5335073166666666,0.56896335,0.49699380000000004,0.5908358250000001,93.76830979827903
Pam1ug+NTHi,Spleen,144,Neutrophils,0.7405793666666667,0.6026636999999999,0.514076425,0.881693375,122.8843493753924
Pam1ug+NTHi,Spleen,144,Unknown Myeloid,0.9134542666666667,0.9162380000000001,0.8329596499999999,1.002338075,99.69617792174813
Pam1ug+NTHi,Spleen,144,cDC1,0.496332,0.51488835,0.4662577499999999,0.547479075,96.39604391903605
Pam1ug+NTHi,Spleen,144,cDC2,0.9902729833333334,0.9491950499999999,0.9087887750000001,0.9616344250000001,104.32765987700141
Pam1ug+NTHi,Spleen,144,moDCs,0.015616515,0.012909450000000001,0.007078919999999999,0.022438575,120.96963852061859
Pam1ug+NTHi,Spleen,144,pDCs,0.7465203666666667,0.7697308999999999,0.643043,0.8453615750000001,96.98459119500941
Saline,Lung,2,B-cells,32.09550323333333,30.887291250000004,29.915435675,35.858729724999996,103.9116799642744
Saline,Lung,2,CD103+CD4+ T-cells,0.8390452333333333,0.8826697000000001,0.7933665,0.92045645,95.0576680420018
Saline,Lung,2,CD206+ Macrophages,0.5884375333333333,0.5088656500000001,0.413753475,0.727390925,115.63711037153584
Saline,Lung,2,CD4+ T-cells,23.58138215,23.34743985,20.964842425,25.08648245,101.00200408054589
Saline,Lung,2,CD64+MHCII- Macrophages,0.07145113333333333,0.06713055,0.033922325,0.0706687,106.43609106931693
Saline,Lung,2,Drop,9.47607835,9.048294000000002,8.497021825000001,10.279646675,104.7277901226463
Saline,Lung,2,Ly6C(hi)CD64(hi) Monocytes,1.0636585666666667,0.9391805499999999,0.8178777500000002,1.372522875,113.25389635322696
Saline,Lung,2,Ly6C+ NK cells,5.212827066666667,5.2589152,5.10647285,5.679766874999999,99.12361900543037
Saline,Lung,2,Ly6C+CD8+ T-cells,5.610262783333334,5.88493495,5.574289375,6.023657350000001,95.33262187262298
Saline,Lung,2,Ly6C- NK cells,5.858991049999999,5.5570256,4.8699909749999994,6.3180649749999995,105.43394023594203
Saline,Lung,2,Ly6C-CD8+ T-cells,5.372282233333333,5.43551365,4.302199975000001,6.3680545,98.83669841089137
Saline,Lung,2,Monocytes,0.7941669666666666,0.7150534,0.692352725,0.9170943,111.06400817990189
Saline,Lung,2,Neutrophils,0.9906895166666667,0.91974445,0.601427025,1.413917225,107.7135628996366
Saline,Lung,2,Unknown Myeloid,4.1472768166666665,4.0611517,3.6150899499999998,4.631655025000001,102.12070671151403
Saline,Lung,2,cDC1,0.38062335,0.39524060000000005,0.3533636,0.427215575,96.30168307608074
Saline,Lung,2,cDC2,0.15289203333333334,0.14741715,0.12973175,0.161257675,103.71387137340082
Saline,Lung,2,moDCs,3.3928579666666665,2.9940537,2.65835775,4.360580625,113.3198768835264
Saline,Lung,2,pDCs,0.3715739666666667,0.37946265,0.299948,0.4347847,97.92109096024778
Saline,Lung,6,B-cells,31.270147233333333,32.4725239,25.6634594,38.30673735,96.29724911322133
Saline,Lung,6,CD103+CD4+ T-cells,0.7643137,0.78082065,0.6455346500000001,0.9287658249999999,97.88594858499195
Saline,Lung,6,CD206+ Macrophages,0.46995960000000003,0.43159775,0.385470125,0.5874527,108.88833410276119
Saline,Lung,6,CD4+ T-cells,23.77353925,23.17547265,19.337344925,28.256252049999997,102.5806015222736
Saline,Lung,6,CD64+MHCII- Macrophages,0.04868758333333333,0.02633195,0.02090655,0.0820276,184.89927002494434
Saline,Lung,6,Drop,6.709000133333333,8.0865462,4.7778868249999995,8.231506975,82.96496387213286
Saline,Lung,6,Ly6C(hi)CD64(hi) Monocytes,1.2761659833333332,1.1338869,0.549678025,1.947396575,112.54790784983344
Saline,Lung,6,Ly6C+ NK cells,4.953004366666666,4.434502749999999,3.6290140750000006,5.945187024999999,111.69244097698817
Saline,Lung,6,Ly6C+CD8+ T-cells,6.009345383333334,6.1193613,5.485195975000001,6.583086424999999,98.20216667601133
Saline,Lung,6,Ly6C- NK cells,6.14979345,5.4809673000000005,4.10868665,7.824185125,112.20270279663956
Saline,Lung,6,Ly6C-CD8+ T-cells,6.468324966666667,5.6561684,4.42211755,6.31689465,114.35877628160198
Saline,Lung,6,Monocytes,0.70850235,0.67770495,0.48239535000000006,0.841016925,104.54436698448195
Saline,Lung,6,Neutrophils,3.980976233333334,0.38843269999999996,0.16727782500000002,7.839879625,1024.881847829324
Saline,Lung,6,Unknown Myeloid,4.201954166666667,4.0775801000000005,3.949375725,4.6049584,103.05019309532794
Saline,Lung,6,cDC1,0.3688635333333333,0.31176675,0.286253825,0.3681223,118.31394250135186
Saline,Lung,6,cDC2,0.11902853333333333,0.12085425000000001,0.0969438,0.1452906,98.48932357226438
Saline,Lung,6,moDCs,2.3585569833333335,2.32007485,1.901415825,2.8842733249999997,101.65865913047303
Saline,Lung,6,pDCs,0.3698366166666667,0.36669095,0.284767675,0.42708337500000004,100.85785227769233
Saline,Lung,24,B-cells,39.61989173333333,39.329992950000005,36.30897207499999,40.773410725000005,100.73709340274195
Saline,Lung,24,CD103+CD4+ T-cells,0.6437749833333334,0.6614938499999999,0.5816296249999999,0.69158035,97.32138603153052
Saline,Lung,24,CD206+ Macrophages,0.69175905,0.51329075,0.447514975,0.845483325,134.7694362308302
Saline,Lung,24,CD4+ T-cells,20.929220666666666,20.7861869,20.3252424,22.1856631,100.68811931382501
Saline,Lung,24,CD64+MHCII- Macrophages,0.10143413333333334,0.0777026,0.048176875,0.149038875,130.54149196208795
Saline,Lung,24,Drop,5.2326847333333335,5.05110525,4.465648849999999,5.372005225,103.59484656023221
Saline,Lung,24,Ly6C(hi)CD64(hi) Monocytes,1.69680465,1.5753871499999998,1.1616751749999998,2.0865282499999998,107.70715312740747
Saline,Lung,24,Ly6C+ NK cells,4.3725973,4.4611845,3.810285075,4.790628450000001,98.01426728708485
Saline,Lung,24,Ly6C+CD8+ T-cells,5.6297677833333335,5.71795555,5.20234115,6.072687825,98.45770457822698
Saline,Lung,24,Ly6C- NK cells,5.5390763000000005,5.962629,4.663185725000001,6.311452525,92.89654446050561
Saline,Lung,24,Ly6C-CD8+ T-cells,4.99354155,4.94660715,4.714333325,5.281024,100.94882004122765
Saline,Lung,24,Monocytes,1.4284288333333335,1.39881285,1.094567475,1.7064884249999999,102.11722271019555
Saline,Lung,24,Neutrophils,1.1080260833333335,0.61772425,0.508796475,1.5058553000000001,179.37228194187514
Saline,Lung,24,Unknown Myeloid,4.6697877,4.7247484,4.196475975,5.137664675,98.83674864041436
Saline,Lung,24,cDC1,0.4079718166666667,0.33106630000000004,0.28006777499999996,0.542584325,123.22964211901564
Saline,Lung,24,cDC2,0.12341338333333335,0.1220418,0.114239525,0.125697475,101.12386357242629
Saline,Lung,24,moDCs,2.2186364,1.9396753500000004,1.252831475,2.582260975,114.38184230159956
Saline,Lung,24,pDCs,0.5931829333333334,0.53745865,0.47656950000000003,0.6764195000000001,110.36810614794894
Saline,Lung,48,B-cells,42.76386206666667,44.18482315,41.844275975,45.0863436,96.78405166744832
Saline,Lung,48,CD103+CD4+ T-cells,0.6273677833333333,0.61517685,0.50983385,0.7284517,101.98169572429998
Saline,Lung,48,CD206+ Macrophages,0.5173842666666667,0.5561325,0.42961484999999994,0.592672275,93.03255369298982
Saline,Lung,48,CD4+ T-cells,18.18969095,17.43487085,16.387629625,20.045438700000002,104.3293701828597
Saline,Lung,48,CD64+MHCII- Macrophages,0.0835521,0.0886314,0.0517166,0.1099231,94.26918676676664
Saline,Lung,48,Drop,7.130608116666666,7.056668199999999,6.778802300000001,7.5646149750000005,101.04780208692068
Saline,Lung,48,Ly6C(hi)CD64(hi) Monocytes,1.5378424333333334,1.5467617,1.299898175,1.6966425,99.4233587069898
Saline,Lung,48,Ly6C+ NK cells,3.96803255,3.58449105,3.571603575,4.619611875,110.70002671648463
Saline,Lung,48,Ly6C+CD8+ T-cells,5.470569083333333,5.1463041,5.05703705,5.71066015,106.30092930834255
Saline,Lung,48,Ly6C- NK cells,4.9068860333333335,4.72382705,4.527353574999999,5.1680775,103.87522619680442
Saline,Lung,48,Ly6C-CD8+ T-cells,3.9291304166666667,3.9221150499999995,3.3132536249999998,4.799428925,100.17886692708484
Saline,Lung,48,Monocytes,1.2390586166666666,1.2710525000000001,1.1307593500000002,1.36046055,97.48288262417692
Saline,Lung,48,Neutrophils,2.4412509499999997,2.29709475,1.3317933,3.027299475,106.27558789205365
Saline,Lung,48,Unknown Myeloid,4.435107566666667,4.60084375,4.551301625000001,4.729843275,96.39770024067144
Saline,Lung,48,cDC1,0.408751,0.3950348,0.3602867,0.45222597500000006,103.47214979541042
Saline,Lung,48,cDC2,0.14495528333333332,0.15065479999999998,0.1327778,0.156608825,96.21683698981602
Saline,Lung,48,moDCs,1.7533540333333333,1.8743788000000001,1.385571525,2.0127464,93.54320659907876
Saline,Lung,48,pDCs,0.4525968166666667,0.45336385,0.40289442499999994,0.4993926,99.83081285961963
Saline,Lung,72,B-cells,43.93646385,44.435012949999994,40.1486699,47.839313775,98.87802643253198
Saline,Lung,72,CD103+CD4+ T-cells,0.7351787166666667,0.71883995,0.6829215750000001,0.8059137250000001,102.27293525723864
Saline,Lung,72,CD206+ Macrophages,0.3201843166666667,0.3176733,0.2946759,0.354748725,100.79043994779124
Saline,Lung,72,CD4+ T-cells,19.46296245,18.323021049999998,16.201284575,21.023444325,106.22136162420664
Saline,Lung,72,CD64+MHCII- Macrophages,0.048609400000000004,0.0476654,0.031451074999999995,0.06448775000000001,101.9804722083524
Saline,Lung,72,Drop,6.106515816666667,4.8565507,4.208568125,7.883909999999999,125.73771373717291
Saline,Lung,72,Ly6C(hi)CD64(hi) Monocytes,2.2534410666666664,2.45111835,1.853012825,2.560535425,91.93522078061497
Saline,Lung,72,Ly6C+ NK cells,4.0050910166666664,4.288905199999999,2.967343725,4.464839274999999,93.38259602162965
Saline,Lung,72,Ly6C+CD8+ T-cells,5.0737128,5.2070250499999995,4.91252265,5.590548849999999,97.4397616927155
Saline,Lung,72,Ly6C- NK cells,5.199068016666667,5.1472315,4.375402224999999,6.212080975000001,101.00707568071626
Saline,Lung,72,Ly6C-CD8+ T-cells,4.4687978500000005,4.3311473000000005,3.5897883000000004,5.297310625,103.17815443496923
Saline,Lung,72,Monocytes,1.1016656666666669,0.9940465500000001,0.9362752,1.11036305,110.82636589470249
Saline,Lung,72,Neutrophils,0.72663635,0.6900909000000001,0.465031225,0.855244025,105.2957443722269
Saline,Lung,72,Unknown Myeloid,4.189811133333333,3.5787786500000003,3.257543525000001,5.16464045,117.07377133630025
Saline,Lung,72,cDC1,0.2951427833333333,0.29027295000000003,0.282399175,0.32867015,101.67767383537918
Saline,Lung,72,cDC2,0.10788753333333334,0.11379070000000001,0.09481310000000001,0.13024395,94.81225911549303
Saline,Lung,72,moDCs,1.4602313,1.2862334,1.154504,1.431011525,113.52770811269556
Saline,Lung,72,pDCs,0.5086000333333334,0.5192113,0.40748502499999995,0.564360375,97.95627200974504
Saline,Lung,96,B-cells,42.8653409,42.7090484,40.825341075000004,45.85068835,100.36594704367144
Saline,Lung,96,CD103+CD4+ T-cells,0.7277528666666666,0.74361635,0.6931800499999999,0.7786334,97.8667113312754
Saline,Lung,96,CD206+ Macrophages,0.4884416,0.44706745000000003,0.39872564999999993,0.51456485,109.25456550236434
Saline,Lung,96,CD4+ T-cells,19.2936822,19.352376500000002,17.83771385,20.8557473,99.69670753356829
Saline,Lung,96,CD64+MHCII- Macrophages,0.06360293333333333,0.06177095,0.044597575,0.08417835,102.96576842890279
Saline,Lung,96,Drop,4.6741676000000005,4.695280100000001,4.251061,5.209187850000001,99.55034631480238
Saline,Lung,96,Ly6C(hi)CD64(hi) Monocytes,1.9950738833333332,1.8539199999999998,1.4998377999999999,2.5001002000000003,107.61380660078825
Saline,Lung,96,Ly6C+ NK cells,4.9414292,4.986454849999999,4.079187699999999,6.115595999999999,99.09704085659175
Saline,Lung,96,Ly6C+CD8+ T-cells,5.818538733333334,5.84715375,5.110857925,6.378324425,99.51061631196774
Saline,Lung,96,Ly6C- NK cells,5.8271306,5.7468322,4.78257565,6.968755075000001,101.3972636959889
Saline,Lung,96,Ly6C-CD8+ T-cells,4.6296216,4.30572285,3.4918687000000004,5.281396325,107.52251738636637
Saline,Lung,96,Monocytes,1.3095526833333333,1.27562365,1.04783615,1.47354885,102.65979964649709
Saline,Lung,96,Neutrophils,0.9001183500000001,0.8397355000000001,0.666596825,0.9639093750000001,107.19069873787639
Saline,Lung,96,Unknown Myeloid,3.906047916666667,3.8036443500000003,3.3306445499999997,4.3717914,102.69224872895035
Saline,Lung,96,cDC1,0.3394561,0.34231605,0.26888799999999996,0.360111725,99.16452938738922
Saline,Lung,96,cDC2,0.12325146666666666,0.1273573,0.10387924999999999,0.138411075,96.77613035661611
Saline,Lung,96,moDCs,1.5116704666666667,1.36446785,1.02741665,1.9885673,110.78828032970264
Saline,Lung,96,pDCs,0.5851208666666666,0.6270324,0.567345725,0.67609885,93.31589032188235
Saline,Lung,144,B-cells,32.04492438333333,32.8475263,29.398810275,35.233922150000005,97.55658338062837
Saline,Lung,144,CD103+CD4+ T-cells,1.0826107833333332,1.09761195,0.93660645,1.122594525,98.63329051158138
Saline,Lung,144,CD206+ Macrophages,0.5115471333333333,0.48799215,0.43424824999999995,0.5778775749999999,104.82691849312194
Saline,Lung,144,CD4+ T-cells,20.605742733333333,20.90103585,18.532263075,22.797403799999998,98.58718429657797
Saline,Lung,144,CD64+MHCII- Macrophages,0.043995595,0.0534324,0.023119175,0.0611233,82.33879631085259
Saline,Lung,144,Drop,6.413781166666667,6.27948935,5.425334950000001,7.191892575,102.13857861971955
Saline,Lung,144,Ly6C(hi)CD64(hi) Monocytes,1.7919009,1.7839782999999998,1.575183375,2.1624605000000003,100.44409733010767
Saline,Lung,144,Ly6C+ NK cells,5.52212065,5.41720225,5.045056025,6.074078025,101.93676357569998
Saline,Lung,144,Ly6C+CD8+ T-cells,6.905918799999999,6.85957475,6.386773225000001,7.25596545,100.67561112297814
Saline,Lung,144,Ly6C- NK cells,6.3572392833333335,6.383440900000001,5.941247125,6.7578166,99.58953772617105
Saline,Lung,144,Ly6C-CD8+ T-cells,4.927208733333333,3.7823021999999997,3.156447725,5.725996975,130.27009669754398
Saline,Lung,144,Monocytes,2.026882683333333,1.9554428,1.7000785,2.5216501499999997,103.65338650321722
Saline,Lung,144,Neutrophils,1.9570685833333334,2.1788356,1.293065275,2.7002811999999996,89.82176458532867
Saline,Lung,144,Unknown Myeloid,5.49509455,5.32348075,4.9942479,6.313640449999999,103.22371410848064
Saline,Lung,144,cDC1,0.4540447833333333,0.42620555000000004,0.341225575,0.5334428999999999,106.53187959033694
Saline,Lung,144,cDC2,0.13562660000000001,0.1390504,0.11128982500000001,0.16046095000000002,97.53772732764524
Saline,Lung,144,moDCs,3.132966,2.8610265,2.397282425,4.129899475,109.50496264190492
Saline,Lung,144,pDCs,0.5913266833333333,0.5671376,0.5466435000000001,0.634590475,104.26511720142224
Saline,Nasal Tissue,2,B-cells,58.093123266666666,58.24281140000001,52.186843800000005,62.893733875,99.74299294670837
Saline,Nasal Tissue,2,CD103+CD4+ T-cells,0.39258048333333334,0.37296255,0.312840475,0.46687707500000003,105.26002767123224
Saline,Nasal Tissue,2,CD206+ Macrophages,2.1675279499999998,2.0046924,1.662066425,2.5013404,108.12271997439605
Saline,Nasal Tissue,2,CD4+ T-cells,2.7664519333333337,2.5987135,1.423561875,4.111755274999999,106.45467202649826
Saline,Nasal Tissue,2,CD64+MHCII- Macrophages,0.37790465,0.37072325,0.295939825,0.46191045,101.93713234872644
Saline,Nasal Tissue,2,Drop,5.967591633333333,5.94037545,5.65337135,6.4659184,100.4581559459063
Saline,Nasal Tissue,2,Ly6C(hi)CD64(hi) Monocytes,4.374698966666666,4.3948506499999995,3.7138484,4.8069389750000004,99.54147057685945
Saline,Nasal Tissue,2,Ly6C+ NK cells,0.4750884,0.4183486,0.39541857499999994,0.48109102499999995,113.5628038434932
Saline,Nasal Tissue,2,Ly6C+CD8+ T-cells,0.5925104333333333,0.46971145000000003,0.353402375,0.835321575,126.14349369880877
Saline,Nasal Tissue,2,Ly6C- NK cells,1.7466995666666665,1.7264482499999998,1.4783387749999999,2.043867325,101.1730045581538
Saline,Nasal Tissue,2,Ly6C-CD8+ T-cells,0.5603036,0.507051,0.35909189999999996,0.68115015,110.50241494445332
Saline,Nasal Tissue,2,Monocytes,1.8771275333333333,2.0369541,1.7614984,2.2267537249999996,92.15364908484356
Saline,Nasal Tissue,2,Neutrophils,15.759914466666666,14.97890285,9.5747623,21.859422000000002,105.21407758957903
Saline,Nasal Tissue,2,Unknown Myeloid,3.1298543166666666,2.89923105,2.6091192999999997,3.452116325,107.95463564956876
Saline,Nasal Tissue,2,cDC1,0.09954809999999999,0.0821315,0.0735151,0.1216434,121.20574931664463
Saline,Nasal Tissue,2,cDC2,0.07215453333333334,0.061681049999999994,0.06130285,0.080070125,116.9800665412365
Saline,Nasal Tissue,2,moDCs,0.02812758,0.027178100000000004,0.024476800000000003,0.0344738,103.49354811410656
Saline,Nasal Tissue,2,pDCs,1.5234804666666668,1.5283664,1.385023875,1.6281069249999998,99.68031662215728
Saline,Nasal Tissue,6,B-cells,51.129953783333335,52.55453575,47.139572400000006,55.37653842500001,97.2893263229584
Saline,Nasal Tissue,6,CD103+CD4+ T-cells,0.3048637833333333,0.2949205,0.20793299999999998,0.355073825,103.3715131139861
Saline,Nasal Tissue,6,CD206+ Macrophages,1.24622115,1.1967109,0.904423375,1.6099054000000002,104.137193870299
Saline,Nasal Tissue,6,CD4+ T-cells,1.23493495,1.1590474,0.71232735,1.59986615,106.54740694815415
Saline,Nasal Tissue,6,CD64+MHCII- Macrophages,0.21531833333333336,0.1818543,0.12242410000000001,0.27855867500000003,118.40156286287065
Saline,Nasal Tissue,6,Drop,5.453821566666667,5.2263261000000005,5.1492942,5.455367925,104.35287546765721
Saline,Nasal Tissue,6,Ly6C(hi)CD64(hi) Monocytes,4.646436966666666,4.6176847,4.484914874999999,4.843026275,100.62265547638336
Saline,Nasal Tissue,6,Ly6C+ NK cells,0.4612397333333333,0.431871,0.3921005,0.4999828750000001,106.80034856087426
Saline,Nasal Tissue,6,Ly6C+CD8+ T-cells,0.42513795000000004,0.3834202,0.36787844999999997,0.44928290000000004,110.88042570527064
Saline,Nasal Tissue,6,Ly6C- NK cells,1.9569631,1.9106712499999998,1.5158068,1.981688475,102.42280559777095
Saline,Nasal Tissue,6,Ly6C-CD8+ T-cells,0.304234,0.31731175,0.21226632500000003,0.352032975,95.87857997694697
Saline,Nasal Tissue,6,Monocytes,1.8484345999999998,1.86101115,1.55684905,2.1375452,99.32420877757771
Saline,Nasal Tissue,6,Neutrophils,25.365574083333332,21.7415776,19.127338124999998,31.425069575,116.66850745611639
Saline,Nasal Tissue,6,Unknown Myeloid,3.5564328499999998,3.7307462,2.9646272750000002,4.049646350000001,95.32765455875824
Saline,Nasal Tissue,6,cDC1,0.07161038333333333,0.07076785,0.06573419999999999,0.088723175,101.1905594607344
Saline,Nasal Tissue,6,cDC2,0.04684275,0.04716715,0.04279725,0.050371775,99.31223319619694
Saline,Nasal Tissue,6,moDCs,0.027199921666666668,0.02427685,0.012187124999999998,0.0370199,112.04057225985524
Saline,Nasal Tissue,6,pDCs,1.7047800666666664,1.6693011,1.407454625,1.8989629000000001,102.12537849922141
Saline,Nasal Tissue,24,B-cells,55.50452541666666,55.04391629999999,52.623879875,56.434745875000004,100.83680295231221
Saline,Nasal Tissue,24,CD103+CD4+ T-cells,0.40144710000000006,0.3828629,0.176286675,0.591221725,104.85400909829603
Saline,Nasal Tissue,24,CD206+ Macrophages,2.1285976833333335,2.11062445,1.76336255,2.2888310250000004,100.85155998895652
Saline,Nasal Tissue,24,CD4+ T-cells,1.3355915166666665,1.0804683499999999,0.9182771499999999,1.6234930500000002,123.61227579379504
Saline,Nasal Tissue,24,CD64+MHCII- Macrophages,0.5109668166666667,0.45956695,0.33362805,0.518229425,111.18441321045098
Saline,Nasal Tissue,24,Drop,5.843217283333333,5.88176415,5.427333075,6.4069822499999995,99.34463766850176
Saline,Nasal Tissue,24,Ly6C(hi)CD64(hi) Monocytes,4.437311766666666,4.288642199999999,3.684992425,4.951617124999999,103.46658825179371
Saline,Nasal Tissue,24,Ly6C+ NK cells,0.41217146666666665,0.38420055,0.31229055,0.51177015,107.28029063640506
Saline,Nasal Tissue,24,Ly6C+CD8+ T-cells,0.2871337666666667,0.28359005000000004,0.265268625,0.322087675,101.24959132616486
Saline,Nasal Tissue,24,Ly6C- NK cells,1.8071520333333333,1.69653245,1.56114225,2.123017525,106.52033406925598
Saline,Nasal Tissue,24,Ly6C-CD8+ T-cells,0.23295181666666667,0.1828687,0.151537825,0.2667346,127.38747345317525
Saline,Nasal Tissue,24,Monocytes,2.0020677333333334,1.9538584,1.67508095,2.3450628,102.46739135923737
Saline,Nasal Tissue,24,Neutrophils,19.057719633333335,21.1598929,17.164486275,22.4520485,90.06529344642068
Saline,Nasal Tissue,24,Unknown Myeloid,4.08795195,3.86593425,3.2548131499999995,4.702099675,105.74292488290509
Saline,Nasal Tissue,24,cDC1,0.13710356666666665,0.16459464999999998,0.08600859999999999,0.1763602,83.29770540334492
Saline,Nasal Tissue,24,cDC2,0.07999096666666666,0.07207505,0.058390899999999996,0.1015548,110.9828805761032
Saline,Nasal Tissue,24,moDCs,0.041298536,0.028556,0.014349299999999999,0.0778903,144.62297240509875
Saline,Nasal Tissue,24,pDCs,1.6996839833333333,1.77616705,1.4541290500000001,1.9900243000000002,95.69392604897908
Saline,Nasal Tissue,48,B-cells,52.93730173333333,52.686996500000006,47.013144825000005,58.774443175,100.47507971598517
Saline,Nasal Tissue,48,CD103+CD4+ T-cells,0.33092001666666665,0.19146575,0.175746925,0.428525775,172.83509800926103
Saline,Nasal Tissue,48,CD206+ Macrophages,1.6549041333333334,1.6276139499999998,0.775404375,2.20258145,101.67669878556482
Saline,Nasal Tissue,48,CD4+ T-cells,1.54972815,1.03736045,0.828972775,1.4967605250000002,149.39148200608574
Saline,Nasal Tissue,48,CD64+MHCII- Macrophages,0.3604286,0.2667818,0.15624807500000001,0.40897295,135.10239454115685
Saline,Nasal Tissue,48,Drop,5.649934783333333,5.850149200000001,5.262479775,5.98725515,96.57761862438197
Saline,Nasal Tissue,48,Ly6C(hi)CD64(hi) Monocytes,4.036370033333333,3.7342443500000004,3.443642225,4.553613275,108.09067792613338
Saline,Nasal Tissue,48,Ly6C+ NK cells,0.36292016666666665,0.36261794999999997,0.23597164999999998,0.45161995,100.0833429968557
Saline,Nasal Tissue,48,Ly6C+CD8+ T-cells,0.37311723333333335,0.32738275,0.2070119,0.413110575,113.96972911166925
Saline,Nasal Tissue,48,Ly6C- NK cells,1.6133840833333333,1.52389895,1.3275625249999998,1.8608828750000002,105.87211726429324
Saline,Nasal Tissue,48,Ly6C-CD8+ T-cells,0.30959576666666666,0.22271345,0.1394762,0.2850569,139.01080813335102
Saline,Nasal Tissue,48,Monocytes,2.5375334,2.37732535,2.165685475,2.828968675,106.7390039819329
Saline,Nasal Tissue,48,Neutrophils,23.153944983333332,22.314383799999998,19.6115092,26.731012225,103.76242154324393
Saline,Nasal Tissue,48,Unknown Myeloid,3.4709973666666665,3.2504293000000004,2.4960705,4.655388725,106.7858133898395
Saline,Nasal Tissue,48,cDC1,0.09791765,0.0815955,0.06676262499999999,0.118751825,120.00373795123505
Saline,Nasal Tissue,48,cDC2,0.062341916666666664,0.049994899999999995,0.0443271,0.07655425,124.69655238167627
Saline,Nasal Tissue,48,moDCs,0.014530396,0.0120062,0.011093,0.0139704,121.02410421282337
Saline,Nasal Tissue,48,pDCs,1.4865513666666668,1.42412845,1.3756592,1.599869475,104.38323640445964
Saline,Nasal Tissue,72,B-cells,55.17354759999999,54.843636,53.36261077499999,55.474028325,100.60154946692448
Saline,Nasal Tissue,72,CD103+CD4+ T-cells,0.3236838,0.32524074999999997,0.27794727500000005,0.388433325,99.52129307290063
Saline,Nasal Tissue,72,CD206+ Macrophages,1.4168580666666666,1.3635103499999999,1.247671425,1.4495613749999998,103.91252744555013
Saline,Nasal Tissue,72,CD4+ T-cells,1.1301589333333335,0.960098,0.7913233000000001,1.379942475,117.7128723665015
Saline,Nasal Tissue,72,CD64+MHCII- Macrophages,0.2973305,0.2832605,0.23581977499999998,0.340227275,104.96715920504269
Saline,Nasal Tissue,72,Drop,5.5305825833333335,5.29819015,5.137842325,5.994880299999999,104.38626071835746
Saline,Nasal Tissue,72,Ly6C(hi)CD64(hi) Monocytes,4.607180166666667,4.7141686,4.356068075,5.26557375,97.73049200375793
Saline,Nasal Tissue,72,Ly6C+ NK cells,0.3786343833333333,0.3647694,0.34409565,0.430805625,103.80102698673007
Saline,Nasal Tissue,72,Ly6C+CD8+ T-cells,0.32337485,0.3051987,0.2587074,0.40733295,105.95551357197786
Saline,Nasal Tissue,72,Ly6C- NK cells,1.4752699833333334,1.55913985,1.4264211749999998,1.6709942750000002,94.6207605003062
Saline,Nasal Tissue,72,Ly6C-CD8+ T-cells,0.27791746666666667,0.2847754,0.20772315000000002,0.35341475,97.59180977944958
Saline,Nasal Tissue,72,Monocytes,1.9653878,1.9643498500000003,1.6237024000000002,2.1465994,100.05283936565574
Saline,Nasal Tissue,72,Neutrophils,21.170187283333334,21.6113675,19.000858349999998,23.823952975,97.95857334494606
Saline,Nasal Tissue,72,Unknown Myeloid,4.35170655,4.16658465,3.4925816750000003,4.905066174999999,104.44301305626902
Saline,Nasal Tissue,72,cDC1,0.11379310000000001,0.12526985000000002,0.103034225,0.1328213,90.83837810933755
Saline,Nasal Tissue,72,cDC2,0.059289666666666664,0.05635015000000001,0.040498675,0.05733730000000001,105.21651968391683
Saline,Nasal Tissue,72,moDCs,0.004511265,0.0043246149999999995,0.0032540774999999995,0.0055818025,104.31599113447095
Saline,Nasal Tissue,72,pDCs,1.4020897333333333,1.4229496,1.272079825,1.6491753249999999,98.53404037172739
Saline,Nasal Tissue,96,B-cells,48.7446818,49.1343092,48.42418872499999,49.93232795,99.20701561425433
Saline,Nasal Tissue,96,CD103+CD4+ T-cells,0.42141846666666666,0.39147755,0.265365475,0.471285225,107.64818229465946
Saline,Nasal Tissue,96,CD206+ Macrophages,1.8394165166666667,1.9340161000000002,1.41690555,2.423124875,95.10864551058631
Saline,Nasal Tissue,96,CD4+ T-cells,1.5680822333333333,1.4836751000000001,1.181402025,1.671074125,105.68905775485031
Saline,Nasal Tissue,96,CD64+MHCII- Macrophages,0.3271719,0.37497759999999997,0.18886955,0.38187435000000003,87.25105179616064
Saline,Nasal Tissue,96,Drop,5.6480253000000005,5.7712948,5.292434,5.912114775000001,97.86409282021083
Saline,Nasal Tissue,96,Ly6C(hi)CD64(hi) Monocytes,5.106317333333334,5.11462715,4.793355249999999,5.499294375,99.8375283980052
Saline,Nasal Tissue,96,Ly6C+ NK cells,0.41280358333333333,0.4381051,0.39343894999999995,0.45311250000000003,94.2247838094862
Saline,Nasal Tissue,96,Ly6C+CD8+ T-cells,0.42449901666666673,0.41295430000000005,0.383491725,0.507524675,102.79564026011272
Saline,Nasal Tissue,96,Ly6C- NK cells,1.8064438333333332,1.8053454,1.5490287249999999,2.053922525,100.06084338948841
Saline,Nasal Tissue,96,Ly6C-CD8+ T-cells,0.3484849,0.328928,0.29660502499999997,0.393056375,105.94564767973537
Saline,Nasal Tissue,96,Monocytes,2.7490786166666665,2.6700120000000003,2.443995925,2.9790959,102.96128319523157
Saline,Nasal Tissue,96,Neutrophils,24.666205066666667,23.6293369,23.29984465,26.938005399999998,104.38805443866124
Saline,Nasal Tissue,96,Unknown Myeloid,4.0484178,4.484524650000001,3.18660285,4.8989676,90.27529372594707
Saline,Nasal Tissue,96,cDC1,0.10011298333333332,0.09245914999999999,0.06278515,0.12159555000000001,108.27807018919526
Saline,Nasal Tissue,96,cDC2,0.06592046666666666,0.0624555,0.058330200000000006,0.07930875,105.54789676916631
Saline,Nasal Tissue,96,moDCs,0.007682339999999999,0.00561199,0.00549541,0.005665399999999999,136.8915482743198
Saline,Nasal Tissue,96,pDCs,1.7165182166666668,1.76953885,1.38991895,2.0010595500000004,97.0037033471555
Saline,Nasal Tissue,144,B-cells,39.99436945,42.22748675,38.348497675000004,45.25683285000001,94.71169735196236
Saline,Nasal Tissue,144,CD103+CD4+ T-cells,0.3584388333333333,0.3477193,0.27089987499999996,0.40108119999999997,103.08281229524312
Saline,Nasal Tissue,144,CD206+ Macrophages,1.0530556166666667,1.0433910000000002,0.72815595,1.3667573249999998,100.92626988987507
Saline,Nasal Tissue,144,CD4+ T-cells,2.2679493500000003,1.82669045,1.2850696,2.439018,124.15619460867057
Saline,Nasal Tissue,144,CD64+MHCII- Macrophages,0.09233443333333334,0.080061,0.06595245000000001,0.111103125,115.33010246353822
Saline,Nasal Tissue,144,Drop,5.8259038,5.7442856,5.499054225,5.92235815,101.42085901856967
Saline,Nasal Tissue,144,Ly6C(hi)CD64(hi) Monocytes,4.639605583333333,4.54149155,3.9972284750000004,5.2711424,102.16039229079558
Saline,Nasal Tissue,144,Ly6C+ NK cells,0.33123985,0.32222635,0.289507325,0.37579252499999993,102.79725726961809
Saline,Nasal Tissue,144,Ly6C+CD8+ T-cells,0.5597071,0.44545485000000007,0.385577775,0.6965453250000001,125.64844675055168
Saline,Nasal Tissue,144,Ly6C- NK cells,1.5905961,1.61484205,1.4969903,1.7064018,98.49855594235981
Saline,Nasal Tissue,144,Ly6C-CD8+ T-cells,0.39968518333333336,0.37412635,0.21809675000000003,0.5084193000000001,106.83160470609283
Saline,Nasal Tissue,144,Monocytes,3.754442366666667,3.73012965,3.599183975,4.0196968,100.65179280475323
Saline,Nasal Tissue,144,Neutrophils,32.88516403333334,32.66558525,27.766184324999998,33.654057325000004,100.67220220195914
Saline,Nasal Tissue,144,Unknown Myeloid,4.474244816666667,4.42289385,3.52300755,5.373932925,101.16102643220042
Saline,Nasal Tissue,144,cDC1,0.07852388333333332,0.07757339999999999,0.07139877500000001,0.08819155,101.22526965858572
Saline,Nasal Tissue,144,cDC2,0.047411633333333335,0.04674805,0.032130324999999994,0.066462475,101.41948879864151
Saline,Nasal Tissue,144,moDCs,0.0216598375,0.006912514999999999,0.004615657499999999,0.023956695,313.3423580274329
Saline,Nasal Tissue,144,pDCs,1.6328879833333334,1.5270473999999998,1.4713180499999998,1.7932604250000002,106.93106077344643
Saline,Spleen,2,B-cells,54.81204753333333,54.321127149999995,50.602806275,59.47090740000001,100.90373747580334
Saline,Spleen,2,CD103+CD4+ T-cells,0.7066266833333333,0.6515673,0.6315491000000001,0.80168215,108.45029873864655
Saline,Spleen,2,CD206+ Macrophages,1.42739605,0.9754427499999999,0.940258825,1.7892493000000003,146.33314461561176
Saline,Spleen,2,CD4+ T-cells,21.122128716666666,20.47410835,18.76123505,23.6149491,103.16507246903703
Saline,Spleen,2,CD64+MHCII- Macrophages,0.00904095,0.01029837,0.0040399599999999996,0.0124631,87.79010658968363
Saline,Spleen,2,Drop,2.292150783333333,2.1096653499999998,2.01080475,2.6679251,108.64997063791817
Saline,Spleen,2,Ly6C(hi)CD64(hi) Monocytes,0.3315320666666666,0.34628045,0.286421125,0.38250195,95.74091366309204
Saline,Spleen,2,Ly6C+ NK cells,1.3896810666666668,1.35528885,1.080529975,1.7151398749999998,102.53763001641065
Saline,Spleen,2,Ly6C+CD8+ T-cells,7.153847716666667,7.32807915,5.840019175,8.21402645,97.62241332596233
Saline,Spleen,2,Ly6C- NK cells,1.966812316666667,1.94372205,1.8104656000000001,2.0722659500000002,101.18794076893178
Saline,Spleen,2,Ly6C-CD8+ T-cells,5.8245283,5.760435,5.53352555,7.025477425,101.11264687475858
Saline,Spleen,2,Monocytes,0.28999545,0.2947071,0.22545587499999997,0.361529525,98.40124313258825
Saline,Spleen,2,Neutrophils,0.23225035,0.1429631,0.11584742499999999,0.36519727500000004,162.4547523102115
Saline,Spleen,2,Unknown Myeloid,0.6080923166666666,0.6433117,0.5231477,0.72604935,94.52530035854572
Saline,Spleen,2,cDC1,0.40550995,0.3914007,0.344839825,0.42533675,103.6048095979389
Saline,Spleen,2,cDC2,0.7348260333333334,0.69335855,0.660159,0.737847625,105.9806695011309
Saline,Spleen,2,moDCs,0.007623791666666667,0.007077550000000001,0.0059692124999999995,0.010134200000000001,107.71794853680532
Saline,Spleen,2,pDCs,0.6859099833333333,0.71534275,0.6306342500000001,0.7290070500000001,95.88550150726114
Saline,Spleen,6,B-cells,51.82039913333334,51.172752900000006,50.12391387500001,53.601481075,101.26560756775962
Saline,Spleen,6,CD103+CD4+ T-cells,0.6492643166666667,0.6388685999999999,0.6003948,0.7041591749999999,101.62720732661879
Saline,Spleen,6,CD206+ Macrophages,1.0055672666666668,0.9159439500000002,0.8652505750000001,1.23317285,109.78480360797913
Saline,Spleen,6,CD4+ T-cells,23.030451733333337,22.5695414,22.159517049999998,24.039935175,102.04217855012925
Saline,Spleen,6,CD64+MHCII- Macrophages,0.0029872216666666667,0.002670745,0.0018443049999999999,0.00427228,111.84975228509897
Saline,Spleen,6,Drop,2.0557751499999997,1.7052158999999998,1.5808876,2.455175675,120.5580566073774
Saline,Spleen,6,Ly6C(hi)CD64(hi) Monocytes,0.2447607333333333,0.22800885,0.20250597499999998,0.25885622500000005,107.34703207061187
Saline,Spleen,6,Ly6C+ NK cells,1.1709155333333334,1.25486465,1.0202032749999999,1.3262692500000002,93.31010586148342
Saline,Spleen,6,Ly6C+CD8+ T-cells,8.302876966666666,7.8615933,7.543536100000001,9.585335,105.61315817070651
Saline,Spleen,6,Ly6C- NK cells,1.6611129833333331,1.5780712999999997,1.4370453250000002,1.7130675000000002,105.26222632230453
Saline,Spleen,6,Ly6C-CD8+ T-cells,6.518853483333334,6.5143266,5.7906911249999995,7.246325849999999,100.06949119396829
Saline,Spleen,6,Monocytes,0.20289476666666664,0.20943225,0.20518217500000002,0.21181842500000003,96.87847342836008
Saline,Spleen,6,Neutrophils,0.6250016333333334,0.5881598,0.215562825,1.003609075,106.26391557759189
Saline,Spleen,6,Unknown Myeloid,0.6635367833333333,0.64717435,0.53451935,0.7592274,102.52828829407923
Saline,Spleen,6,cDC1,0.3745239166666667,0.40244240000000003,0.34212025,0.4103583,93.06273808790193
Saline,Spleen,6,cDC2,0.8811985833333332,0.9251754000000001,0.8395430999999999,0.9334170749999999,95.2466508873164
Saline,Spleen,6,moDCs,0.004530323333333333,0.004555465,0.00385761,0.0053081974999999995,99.4480987853783
Saline,Spleen,6,pDCs,0.7853495333333333,0.76174115,0.659311625,0.8816153,103.09926585078584
Saline,Spleen,24,B-cells,53.566902999999996,53.1709859,49.29390195,56.876412025,100.74461116960404
Saline,Spleen,24,CD103+CD4+ T-cells,0.6536303,0.6503818,0.61075665,0.689952575,100.49947584634134
Saline,Spleen,24,CD206+ Macrophages,1.2847957333333333,1.1277059,1.0090403000000001,1.5327163250000002,113.93003560000292
Saline,Spleen,24,CD4+ T-cells,22.29955655,22.2188837,19.995361575,24.826523499999997,100.36308237213557
Saline,Spleen,24,CD64+MHCII- Macrophages,0.008819292,0.00411228,0.00363429,0.0159304,214.4623420584201
Saline,Spleen,24,Drop,2.103964866666667,2.1473226499999996,1.7492405,2.44915115,97.98084450264926
Saline,Spleen,24,Ly6C(hi)CD64(hi) Monocytes,0.2643597166666667,0.2475063,0.18678375,0.3206436750000001,106.80928795213158
Saline,Spleen,24,Ly6C+ NK cells,1.0665333,1.04878175,0.7650838,1.330316175,101.69258761415327
Saline,Spleen,24,Ly6C+CD8+ T-cells,6.950763233333333,6.5828850999999995,6.279209825,7.5406268999999995,105.58840277089652
Saline,Spleen,24,Ly6C- NK cells,1.8142800833333332,1.8347306,1.6115306999999999,2.05492585,98.88536678536528
Saline,Spleen,24,Ly6C-CD8+ T-cells,6.730346783333334,6.871838050000001,5.961594750000001,7.518201350000001,97.94099823602993
Saline,Spleen,24,Monocytes,0.20503685,0.20859534999999998,0.19975795,0.21280255,98.29406551967722
Saline,Spleen,24,Neutrophils,0.31360659999999996,0.24714380000000002,0.194495925,0.38559279999999996,126.89235983261564
Saline,Spleen,24,Unknown Myeloid,0.66603605,0.64526835,0.616441525,0.7070370500000001,103.21845942079754
Saline,Spleen,24,cDC1,0.36415796666666667,0.38159119999999996,0.32651247499999997,0.40772345000000004,95.43143727283719
Saline,Spleen,24,cDC2,0.8960849,0.7831488500000001,0.7686942,0.957904825,114.4207643285181
Saline,Spleen,24,moDCs,0.0042837150000000004,0.00320719,0.0029517825,0.005168022499999999,133.56598767145073
Saline,Spleen,24,pDCs,0.8083109166666667,0.7466225,0.6556290249999999,1.0162966500000001,108.26233024944555
Saline,Spleen,48,B-cells,55.32141801666667,56.46162325,51.771935925,57.799467424999996,97.98056597082811
Saline,Spleen,48,CD103+CD4+ T-cells,0.6185603333333334,0.6199961,0.552179825,0.639809525,99.76842327449049
Saline,Spleen,48,CD206+ Macrophages,1.1729626,1.1179161,1.01406405,1.3247335500000001,104.92402784072974
Saline,Spleen,48,CD4+ T-cells,21.059979866666666,20.7865067,19.884244600000002,23.47983585,101.31562830933332
Saline,Spleen,48,CD64+MHCII- Macrophages,0.0056124345,0.006964199999999999,0.002017968,0.008247907499999999,80.58979495132249
Saline,Spleen,48,Drop,1.97350385,2.09085285,1.832455275,2.1693395250000003,94.3875055578397
Saline,Spleen,48,Ly6C(hi)CD64(hi) Monocytes,0.2347774,0.22342094999999998,0.19571407500000002,0.255158025,105.08298348923859
Saline,Spleen,48,Ly6C+ NK cells,1.1947767999999999,1.13465925,0.895817225,1.405370875,105.29829109488156
Saline,Spleen,48,Ly6C+CD8+ T-cells,7.495481649999999,7.436390300000001,7.1254149,8.077328575000001,100.7946241068062
Saline,Spleen,48,Ly6C- NK cells,1.9116774166666666,1.8090465999999998,1.77948775,1.995520525,105.67319916837225
Saline,Spleen,48,Ly6C-CD8+ T-cells,5.56059965,5.47879535,4.912103225,6.520365875,101.4931074218715
Saline,Spleen,48,Monocytes,0.25253146666666665,0.23303459999999995,0.225187,0.265522175,108.36651152518411
Saline,Spleen,48,Neutrophils,0.6002448833333334,0.5596801,0.395102275,0.6139494999999999,107.24785164477588
Saline,Spleen,48,Unknown Myeloid,0.7337765666666667,0.7487183999999999,0.63848695,0.8344600249999998,98.00434538094252
Saline,Spleen,48,cDC1,0.3083687333333333,0.32108075,0.27794945,0.34667975,96.04086614763834
Saline,Spleen,48,cDC2,0.8933721666666666,0.8904750499999999,0.78581465,1.024046675,100.32534506909168
Saline,Spleen,48,moDCs,0.008100944,0.00803902,0.00777162,0.00812244,100.77029289639783
Saline,Spleen,48,pDCs,0.6556054333333333,0.67837315,0.636916075,0.6862289500000001,96.64377685545682
Saline,Spleen,72,B-cells,51.10564738333333,51.09499905,47.334685799999995,53.01193095000001,100.02084026525357
Saline,Spleen,72,CD103+CD4+ T-cells,0.7401048,0.7509102,0.7030476,0.7871493,98.56102633843568
Saline,Spleen,72,CD206+ Macrophages,1.040109,1.0173806,0.83784995,1.24287335,102.23401153904447
Saline,Spleen,72,CD4+ T-cells,23.407961983333333,22.8882542,21.737969,25.397164774999997,102.27063094804905
Saline,Spleen,72,CD64+MHCII- Macrophages,0.006408280000000001,0.00585986,0.0056320599999999995,0.006937759999999999,109.35892666377696
Saline,Spleen,72,Drop,2.4230072999999996,2.36443335,2.176248075,2.5991238,102.47729334387876
Saline,Spleen,72,Ly6C(hi)CD64(hi) Monocytes,0.34444653333333336,0.38046485,0.29187747500000005,0.402842225,90.53307640202067
Saline,Spleen,72,Ly6C+ NK cells,1.1941380499999998,1.2085702,0.9491606749999999,1.4296656749999999,98.80584925890112
Saline,Spleen,72,Ly6C+CD8+ T-cells,7.602713499999999,7.8125517,7.390997925000001,8.03730135,97.31408881428585
Saline,Spleen,72,Ly6C- NK cells,2.0117564833333335,2.0298627,1.8745053,2.142344475,99.10800781419027
Saline,Spleen,72,Ly6C-CD8+ T-cells,6.501815650000001,6.3677810500000005,5.579865175,7.461423550000001,102.10488707051259
Saline,Spleen,72,Monocytes,0.2547909333333333,0.21398245,0.14629912500000003,0.29992504999999997,119.07094873123161
Saline,Spleen,72,Neutrophils,0.29390656666666665,0.25778134999999996,0.25255672500000004,0.31849727499999997,114.01389847119145
Saline,Spleen,72,Unknown Myeloid,0.8054994,0.76556185,0.69365625,0.7762649,105.21676334838264
Saline,Spleen,72,cDC1,0.36799893333333333,0.35452310000000004,0.330254925,0.40144810000000003,103.80111573359629
Saline,Spleen,72,cDC2,1.0788547333333334,1.06430005,0.9646321500000001,1.143259175,101.36753571827168
Saline,Spleen,72,moDCs,0.005709021666666667,0.003500225,0.0018775975,0.009271169999999999,163.1044194777955
Saline,Spleen,72,pDCs,0.81619955,0.7974789499999999,0.734192425,0.9903911250000001,102.34747261981023
Saline,Spleen,96,B-cells,52.97187168333334,53.3634307,51.79968637500001,54.798053825000004,99.26624092279985
Saline,Spleen,96,CD103+CD4+ T-cells,0.6616096499999999,0.67181525,0.63590285,0.683174225,98.48089188210596
Saline,Spleen,96,CD206+ Macrophages,1.3579598666666666,1.39368645,1.2211141,1.4812041500000002,97.43654081351416
Saline,Spleen,96,CD4+ T-cells,21.32567888333333,21.53402475,19.896838149999997,22.4616137,99.03248060181286
Saline,Spleen,96,CD64+MHCII- Macrophages,0.004318971666666667,0.004682225,0.00294839,0.004985007499999999,92.24186506771176
Saline,Spleen,96,Drop,3.075540216666667,2.9093649,2.623939175,3.102376525,105.71173855389083
Saline,Spleen,96,Ly6C(hi)CD64(hi) Monocytes,0.27535735,0.25611195000000003,0.24023515,0.33910715,107.51444827154685
Saline,Spleen,96,Ly6C+ NK cells,1.3192678166666667,1.27325125,1.1669675000000002,1.374859725,103.61409946910844
Saline,Spleen,96,Ly6C+CD8+ T-cells,7.47565855,7.51213585,7.093906025000001,8.116293975,99.51442172068813
Saline,Spleen,96,Ly6C- NK cells,2.1043257166666667,2.0962301,1.838792375,2.31311945,100.38619885606388
Saline,Spleen,96,Ly6C-CD8+ T-cells,5.762991366666666,5.63206855,5.085613550000001,6.356637525,102.32459558161213
Saline,Spleen,96,Monocytes,0.28158533333333335,0.2353492,0.22160775,0.342854375,119.64575759481373
Saline,Spleen,96,Neutrophils,0.43380103333333336,0.4231731000000001,0.34443005,0.5045468500000001,102.5114860404249
Saline,Spleen,96,Unknown Myeloid,0.70921725,0.7202752499999999,0.69096195,0.745580325,98.46475357857986
Saline,Spleen,96,cDC1,0.38348346666666666,0.37438689999999997,0.32793415,0.43019057499999996,102.42972354712911
Saline,Spleen,96,cDC2,1.0642437166666665,1.04109415,1.013943075,1.1249263999999999,102.22358051542857
Saline,Spleen,96,moDCs,0.0077793233333333335,0.008071295,0.0048951175,0.010887,96.3825920541045
Saline,Spleen,96,pDCs,0.7853097666666666,0.76187245,0.736700425,0.8211694,103.07627827553898
Saline,Spleen,144,B-cells,42.28003283333334,41.98068335000001,38.2767729,44.61081895,100.71306481802024
Saline,Spleen,144,CD103+CD4+ T-cells,0.914949,0.94707395,0.8560436000000001,1.0206268250000001,96.60797871169406
Saline,Spleen,144,CD206+ Macrophages,1.4022696833333335,1.26602955,1.2283658999999998,1.7505389999999998,110.76121274841755
Saline,Spleen,144,CD4+ T-cells,26.001377166666668,26.140745450000004,22.551026224999998,29.433594125000003,99.46685421194316
Saline,Spleen,144,CD64+MHCII- Macrophages,0.0038370033333333334,0.002411165,0.0019222775,0.005052927499999999,159.13483039664783
Saline,Spleen,144,Drop,3.244351733333333,3.48791255,2.830735375,3.6902493,93.01700334583599
Saline,Spleen,144,Ly6C(hi)CD64(hi) Monocytes,0.27334365,0.25435505,0.24310655000000003,0.283669175,107.4653913889266
Saline,Spleen,144,Ly6C+ NK cells,1.570065316666667,1.5719482999999999,1.4783144750000001,1.706786525,99.88021340566144
Saline,Spleen,144,Ly6C+CD8+ T-cells,10.504076266666667,9.716334,9.524579925,11.036374125,108.10740209904957
Saline,Spleen,144,Ly6C- NK cells,2.5022799499999997,2.3994809999999998,2.33778325,2.506021775,104.28421604505307
Saline,Spleen,144,Ly6C-CD8+ T-cells,6.520725249999999,6.296722199999999,5.2290951,7.19729145,103.55745486119747
Saline,Spleen,144,Monocytes,0.37707664999999996,0.3829895,0.28242745,0.44829022500000004,98.45613260937962
Saline,Spleen,144,Neutrophils,1.4744144000000001,1.51222325,0.8530668,1.84275715,97.49978384474647
Saline,Spleen,144,Unknown Myeloid,0.9237197,0.9021602,0.8415451500000001,0.9463088500000001,102.38976403525672
Saline,Spleen,144,cDC1,0.34309318333333333,0.35401585,0.2951936,0.390721575,96.91463908560402
Saline,Spleen,144,cDC2,0.9295531333333334,0.9262936499999999,0.7847899750000001,1.0651922,100.35188445190504
Saline,Spleen,144,moDCs,0.008652066666666666,0.00932734,0.007007655,0.0107223725,92.76027963670957
Saline,Spleen,144,pDCs,0.7261829833333333,0.76852985,0.642038175,0.7875871,94.48988654550416
Saline+IAV,Lung,2,B-cells,32.09550323333333,30.887291250000004,29.915435675,35.858729724999996,103.9116799642744
Saline+IAV,Lung,2,CD103+CD4+ T-cells,0.8390452333333333,0.8826697000000001,0.7933665,0.92045645,95.0576680420018
Saline+IAV,Lung,2,CD206+ Macrophages,0.5884375333333333,0.5088656500000001,0.413753475,0.727390925,115.63711037153584
Saline+IAV,Lung,2,CD4+ T-cells,23.58138215,23.34743985,20.964842425,25.08648245,101.00200408054589
Saline+IAV,Lung,2,CD64+MHCII- Macrophages,0.07145113333333333,0.06713055,0.033922325,0.0706687,106.43609106931693
Saline+IAV,Lung,2,Drop,9.47607835,9.048294000000002,8.497021825000001,10.279646675,104.7277901226463
Saline+IAV,Lung,2,Ly6C(hi)CD64(hi) Monocytes,1.0636585666666667,0.9391805499999999,0.8178777500000002,1.372522875,113.25389635322696
Saline+IAV,Lung,2,Ly6C+ NK cells,5.212827066666667,5.2589152,5.10647285,5.679766874999999,99.12361900543037
Saline+IAV,Lung,2,Ly6C+CD8+ T-cells,5.610262783333334,5.88493495,5.574289375,6.023657350000001,95.33262187262298
Saline+IAV,Lung,2,Ly6C- NK cells,5.858991049999999,5.5570256,4.8699909749999994,6.3180649749999995,105.43394023594203
Saline+IAV,Lung,2,Ly6C-CD8+ T-cells,5.372282233333333,5.43551365,4.302199975000001,6.3680545,98.83669841089137
Saline+IAV,Lung,2,Monocytes,0.7941669666666666,0.7150534,0.692352725,0.9170943,111.06400817990189
Saline+IAV,Lung,2,Neutrophils,0.9906895166666667,0.91974445,0.601427025,1.413917225,107.7135628996366
Saline+IAV,Lung,2,Unknown Myeloid,4.1472768166666665,4.0611517,3.6150899499999998,4.631655025000001,102.12070671151403
Saline+IAV,Lung,2,cDC1,0.38062335,0.39524060000000005,0.3533636,0.427215575,96.30168307608074
Saline+IAV,Lung,2,cDC2,0.15289203333333334,0.14741715,0.12973175,0.161257675,103.71387137340082
Saline+IAV,Lung,2,moDCs,3.3928579666666665,2.9940537,2.65835775,4.360580625,113.3198768835264
Saline+IAV,Lung,2,pDCs,0.3715739666666667,0.37946265,0.299948,0.4347847,97.92109096024778
Saline+IAV,Lung,6,B-cells,31.270147233333333,32.4725239,25.6634594,38.30673735,96.29724911322133
Saline+IAV,Lung,6,CD103+CD4+ T-cells,0.7643137,0.78082065,0.6455346500000001,0.9287658249999999,97.88594858499195
Saline+IAV,Lung,6,CD206+ Macrophages,0.46995960000000003,0.43159775,0.385470125,0.5874527,108.88833410276119
Saline+IAV,Lung,6,CD4+ T-cells,23.77353925,23.17547265,19.337344925,28.256252049999997,102.5806015222736
Saline+IAV,Lung,6,CD64+MHCII- Macrophages,0.04868758333333333,0.02633195,0.02090655,0.0820276,184.89927002494434
Saline+IAV,Lung,6,Drop,6.709000133333333,8.0865462,4.7778868249999995,8.231506975,82.96496387213286
Saline+IAV,Lung,6,Ly6C(hi)CD64(hi) Monocytes,1.2761659833333332,1.1338869,0.549678025,1.947396575,112.54790784983344
Saline+IAV,Lung,6,Ly6C+ NK cells,4.953004366666666,4.434502749999999,3.6290140750000006,5.945187024999999,111.69244097698817
Saline+IAV,Lung,6,Ly6C+CD8+ T-cells,6.009345383333334,6.1193613,5.485195975000001,6.583086424999999,98.20216667601133
Saline+IAV,Lung,6,Ly6C- NK cells,6.14979345,5.4809673000000005,4.10868665,7.824185125,112.20270279663956
Saline+IAV,Lung,6,Ly6C-CD8+ T-cells,6.468324966666667,5.6561684,4.42211755,6.31689465,114.35877628160198
Saline+IAV,Lung,6,Monocytes,0.70850235,0.67770495,0.48239535000000006,0.841016925,104.54436698448195
Saline+IAV,Lung,6,Neutrophils,3.980976233333334,0.38843269999999996,0.16727782500000002,7.839879625,1024.881847829324
Saline+IAV,Lung,6,Unknown Myeloid,4.201954166666667,4.0775801000000005,3.949375725,4.6049584,103.05019309532794
Saline+IAV,Lung,6,cDC1,0.3688635333333333,0.31176675,0.286253825,0.3681223,118.31394250135186
Saline+IAV,Lung,6,cDC2,0.11902853333333333,0.12085425000000001,0.0969438,0.1452906,98.48932357226438
Saline+IAV,Lung,6,moDCs,2.3585569833333335,2.32007485,1.901415825,2.8842733249999997,101.65865913047303
Saline+IAV,Lung,6,pDCs,0.3698366166666667,0.36669095,0.284767675,0.42708337500000004,100.85785227769233
Saline+IAV,Lung,24,B-cells,39.61989173333333,39.329992950000005,36.30897207499999,40.773410725000005,100.73709340274195
Saline+IAV,Lung,24,CD103+CD4+ T-cells,0.6437749833333334,0.6614938499999999,0.5816296249999999,0.69158035,97.32138603153052
Saline+IAV,Lung,24,CD206+ Macrophages,0.69175905,0.51329075,0.447514975,0.845483325,134.7694362308302
Saline+IAV,Lung,24,CD4+ T-cells,20.929220666666666,20.7861869,20.3252424,22.1856631,100.68811931382501
Saline+IAV,Lung,24,CD64+MHCII- Macrophages,0.10143413333333334,0.0777026,0.048176875,0.149038875,130.54149196208795
Saline+IAV,Lung,24,Drop,5.2326847333333335,5.05110525,4.465648849999999,5.372005225,103.59484656023221
Saline+IAV,Lung,24,Ly6C(hi)CD64(hi) Monocytes,1.69680465,1.5753871499999998,1.1616751749999998,2.0865282499999998,107.70715312740747
Saline+IAV,Lung,24,Ly6C+ NK cells,4.3725973,4.4611845,3.810285075,4.790628450000001,98.01426728708485
Saline+IAV,Lung,24,Ly6C+CD8+ T-cells,5.6297677833333335,5.71795555,5.20234115,6.072687825,98.45770457822698
Saline+IAV,Lung,24,Ly6C- NK cells,5.5390763000000005,5.962629,4.663185725000001,6.311452525,92.89654446050561
Saline+IAV,Lung,24,Ly6C-CD8+ T-cells,4.99354155,4.94660715,4.714333325,5.281024,100.94882004122765
Saline+IAV,Lung,24,Monocytes,1.4284288333333335,1.39881285,1.094567475,1.7064884249999999,102.11722271019555
Saline+IAV,Lung,24,Neutrophils,1.1080260833333335,0.61772425,0.508796475,1.5058553000000001,179.37228194187514
Saline+IAV,Lung,24,Unknown Myeloid,4.6697877,4.7247484,4.196475975,5.137664675,98.83674864041436
Saline+IAV,Lung,24,cDC1,0.4079718166666667,0.33106630000000004,0.28006777499999996,0.542584325,123.22964211901564
Saline+IAV,Lung,24,cDC2,0.12341338333333335,0.1220418,0.114239525,0.125697475,101.12386357242629
Saline+IAV,Lung,24,moDCs,2.2186364,1.9396753500000004,1.252831475,2.582260975,114.38184230159956
Saline+IAV,Lung,24,pDCs,0.5931829333333334,0.53745865,0.47656950000000003,0.6764195000000001,110.36810614794894
Saline+IAV,Lung,48,B-cells,41.56196261666666,43.75259285,36.93682265,45.963455825,94.99314191311215
Saline+IAV,Lung,48,CD103+CD4+ T-cells,0.7751457333333333,0.7400561999999999,0.699709175,0.7632838750000001,104.7414687335007
Saline+IAV,Lung,48,CD206+ Macrophages,0.5024325833333333,0.38080685000000003,0.30354594999999995,0.573170025,131.93895628015443
Saline+IAV,Lung,48,CD4+ T-cells,18.0232412,17.14964315,16.23784135,18.82601415,105.09397217399246
Saline+IAV,Lung,48,CD64+MHCII- Macrophages,0.08182608333333334,0.0690305,0.062202525,0.075333175,118.53613016468567
Saline+IAV,Lung,48,Drop,5.787078466666666,6.1443594500000005,5.041818875000001,6.456271175,94.18522001779479
Saline+IAV,Lung,48,Ly6C(hi)CD64(hi) Monocytes,2.042163216666667,2.2811714,1.55595185,2.52258545,89.52256795200339
Saline+IAV,Lung,48,Ly6C+ NK cells,4.349574866666667,4.010155699999999,3.9084289500000002,4.50698275,108.46398973153755
Saline+IAV,Lung,48,Ly6C+CD8+ T-cells,5.60488105,5.77373155,5.571055125,5.99979755,97.0755394749865
Saline+IAV,Lung,48,Ly6C- NK cells,5.8930493,5.76212965,5.290066549999999,5.9677935,102.27207053558749
Saline+IAV,Lung,48,Ly6C-CD8+ T-cells,4.6649350499999995,3.6016478000000003,3.268711875,4.79618395,129.5222439573353
Saline+IAV,Lung,48,Monocytes,1.6014138333333334,1.6373176,1.393801575,1.848630725,97.8071593033223
Saline+IAV,Lung,48,Neutrophils,2.2069315,0.9120963500000001,0.649284525,3.5110261749999996,241.96254047064213
Saline+IAV,Lung,48,Unknown Myeloid,4.33045315,3.94547805,3.822117925,4.878924575,109.75737528181155
Saline+IAV,Lung,48,cDC1,0.3595877,0.3203709,0.25332705,0.409376175,112.24106184425612
Saline+IAV,Lung,48,cDC2,0.15673065,0.17738315000000002,0.09902635000000001,0.2041737,88.35712411240864
Saline+IAV,Lung,48,moDCs,1.3797629333333334,1.233478,1.0769642499999998,1.498872775,111.85954944744319
Saline+IAV,Lung,48,pDCs,0.6788301833333333,0.6640408,0.566341175,0.66970905,102.22717991625414
Saline+IAV,Lung,72,B-cells,33.524442566666664,36.81824185,28.884341474999996,37.981199,91.05389307628404
Saline+IAV,Lung,72,CD103+CD4+ T-cells,1.1390320666666667,1.1384154,0.9136162999999999,1.3799283249999998,100.0541688619696
Saline+IAV,Lung,72,CD206+ Macrophages,0.33582120000000004,0.26378310000000005,0.18351775,0.34991465,127.30959640704806
Saline+IAV,Lung,72,CD4+ T-cells,18.955510683333333,19.62749085,16.334603025,20.907792450000002,96.57633177973604
Saline+IAV,Lung,72,CD64+MHCII- Macrophages,0.21146423333333336,0.1897689,0.156367175,0.2659867,111.432502023953
Saline+IAV,Lung,72,Drop,7.7159266,7.56547635,6.707326525000001,9.490995425000001,101.98864212958647
Saline+IAV,Lung,72,Ly6C(hi)CD64(hi) Monocytes,5.03375825,4.9262022000000005,3.62579955,6.005369025,102.18334622967768
Saline+IAV,Lung,72,Ly6C+ NK cells,7.067667466666666,6.72077675,4.516678775,9.495768575000001,105.16146763343488
Saline+IAV,Lung,72,Ly6C+CD8+ T-cells,7.7838846833333335,7.9579471999999996,7.09062045,9.19989985,97.81272089029862
Saline+IAV,Lung,72,Ly6C- NK cells,6.845347083333333,6.688247950000001,5.688311425,7.929967674999999,102.34888321287987
Saline+IAV,Lung,72,Ly6C-CD8+ T-cells,2.55921515,2.56623575,2.401483975,2.7501216000000004,99.72642419933554
Saline+IAV,Lung,72,Monocytes,1.4856496166666666,1.47357975,1.023409075,1.8574213249999998,100.81908472660992
Saline+IAV,Lung,72,Neutrophils,1.8891811666666667,1.23963125,0.9269062,2.917801725,152.3986400525694
Saline+IAV,Lung,72,Unknown Myeloid,2.921872733333333,2.9131639000000003,1.8770613749999998,3.3900467000000005,100.29894759211224
Saline+IAV,Lung,72,cDC1,0.29615005,0.2106596,0.17745185,0.2592155,140.5822711141576
Saline+IAV,Lung,72,cDC2,0.04351865,0.02391355,0.021169724999999997,0.03291042499999999,181.9832270825536
Saline+IAV,Lung,72,moDCs,1.0329903,0.71503355,0.591992475,0.903495625,144.46738897776194
Saline+IAV,Lung,72,pDCs,1.1585674833333333,1.16724365,0.840898325,1.455602375,99.25669617764322
Saline+IAV,Lung,96,B-cells,38.76614561666667,39.0951035,38.450660525,42.592394,99.1585701177813
Saline+IAV,Lung,96,CD103+CD4+ T-cells,0.96851665,0.8623652999999999,0.8254199999999999,1.12476645,112.30932529404882
Saline+IAV,Lung,96,CD206+ Macrophages,0.3059284166666667,0.2787253,0.23404990000000003,0.3574231,109.75983043759095
Saline+IAV,Lung,96,CD4+ T-cells,16.098419,15.9842583,15.477229850000002,16.451080825000002,100.71420705207197
Saline+IAV,Lung,96,CD64+MHCII- Macrophages,0.2777665166666667,0.2435726,0.23507375,0.24861305000000003,114.03849064577325
Saline+IAV,Lung,96,Drop,6.055666566666666,5.74872325,5.4751281999999994,6.326067399999999,105.33933020113058
Saline+IAV,Lung,96,Ly6C(hi)CD64(hi) Monocytes,5.055312416666666,4.7786892,3.7672031999999995,6.46346535,105.78868399030151
Saline+IAV,Lung,96,Ly6C+ NK cells,6.2811640833333335,5.99822335,5.6986513,6.586085875,104.71707565429908
Saline+IAV,Lung,96,Ly6C+CD8+ T-cells,8.7865753,8.7256731,8.0713555,8.94452975,100.69796563889153
Saline+IAV,Lung,96,Ly6C- NK cells,6.832244666666668,6.469209800000001,6.1601757500000005,7.2624202250000005,105.61173432134892
Saline+IAV,Lung,96,Ly6C-CD8+ T-cells,2.25981005,2.33753525,2.042994675,2.5721274249999997,96.67490789711086
Saline+IAV,Lung,96,Monocytes,1.5524644666666667,1.4730759,1.2193565250000002,1.7615435999999998,105.38930591876947
Saline+IAV,Lung,96,Neutrophils,1.80041835,1.3687451499999999,0.989076125,2.608647,131.5378797871905
Saline+IAV,Lung,96,Unknown Myeloid,2.7319859,2.76455495,2.4999472750000002,3.00408255,98.82190621676737
Saline+IAV,Lung,96,cDC1,0.39191909999999996,0.38954455,0.31284154999999997,0.432063075,100.60957084369424
Saline+IAV,Lung,96,cDC2,0.029589566666666664,0.0310892,0.02730675,0.032587975,95.17635277416808
Saline+IAV,Lung,96,moDCs,0.5439657,0.5197934,0.31919005,0.7718727750000001,104.6503668572937
Saline+IAV,Lung,96,pDCs,1.2621076333333334,1.3442207,1.03137405,1.4610769749999999,93.89139992661426
Saline+IAV,Lung,144,B-cells,28.44464563333333,29.310213149999996,26.268834775,32.0760218,97.04687402907315
Saline+IAV,Lung,144,CD103+CD4+ T-cells,1.02906895,1.12690145,0.864467675,1.229964275,91.31845113873977
Saline+IAV,Lung,144,CD206+ Macrophages,0.60652805,0.6595018,0.43695647500000007,0.6943214500000001,91.96761100576222
Saline+IAV,Lung,144,CD4+ T-cells,17.23218125,18.22478245,16.719593075,19.5020829,94.55356351866907
Saline+IAV,Lung,144,CD64+MHCII- Macrophages,0.48379018333333335,0.4257747,0.34055125,0.5399937499999999,113.62586441452096
Saline+IAV,Lung,144,Drop,7.357762633333334,7.07929045,6.980251450000001,7.321390450000001,103.9336171513253
Saline+IAV,Lung,144,Ly6C(hi)CD64(hi) Monocytes,7.495141666666666,6.94063225,5.6492503,9.35697355,107.98932138591071
Saline+IAV,Lung,144,Ly6C+ NK cells,4.318580383333334,4.3086344,4.1354864749999996,5.148974,100.23083841444831
Saline+IAV,Lung,144,Ly6C+CD8+ T-cells,7.716692566666667,7.6093301,6.731384874999999,8.693773725000002,101.41093191195196
Saline+IAV,Lung,144,Ly6C- NK cells,8.869762083333335,8.6420605,7.3278582000000005,10.430309600000001,102.63480663359547
Saline+IAV,Lung,144,Ly6C-CD8+ T-cells,2.7994193833333334,2.51962405,2.0383184,2.921748525,111.10464608136017
Saline+IAV,Lung,144,Monocytes,2.2668906333333334,2.0462287000000003,2.0012904999999996,2.5838998749999997,110.78383532267596
Saline+IAV,Lung,144,Neutrophils,4.5652642666666665,3.7410923499999997,3.0696068,5.499674625,122.03024784102607
Saline+IAV,Lung,144,Unknown Myeloid,4.280327383333334,4.4077328,3.3287327000000007,5.1174605,97.1095022668646
Saline+IAV,Lung,144,cDC1,0.47225175,0.4623884,0.416539575,0.52684795,102.1331309349456
Saline+IAV,Lung,144,cDC2,0.04963803333333333,0.051037549999999994,0.03566725,0.061841549999999995,97.25786863462947
Saline+IAV,Lung,144,moDCs,0.6212972166666666,0.6055618500000001,0.535356425,0.6836497,102.59847390760606
Saline+IAV,Lung,144,pDCs,1.3907578333333332,1.2161123,1.0294225000000001,1.8033687,114.36097088511754
Saline+IAV,Nasal Tissue,2,B-cells,58.093123266666666,58.24281140000001,52.186843800000005,62.893733875,99.74299294670837
Saline+IAV,Nasal Tissue,2,CD103+CD4+ T-cells,0.39258048333333334,0.37296255,0.312840475,0.46687707500000003,105.26002767123224
Saline+IAV,Nasal Tissue,2,CD206+ Macrophages,2.1675279499999998,2.0046924,1.662066425,2.5013404,108.12271997439605
Saline+IAV,Nasal Tissue,2,CD4+ T-cells,2.7664519333333337,2.5987135,1.423561875,4.111755274999999,106.45467202649826
Saline+IAV,Nasal Tissue,2,CD64+MHCII- Macrophages,0.37790465,0.37072325,0.295939825,0.46191045,101.93713234872644
Saline+IAV,Nasal Tissue,2,Drop,5.967591633333333,5.94037545,5.65337135,6.4659184,100.4581559459063
Saline+IAV,Nasal Tissue,2,Ly6C(hi)CD64(hi) Monocytes,4.374698966666666,4.3948506499999995,3.7138484,4.8069389750000004,99.54147057685945
Saline+IAV,Nasal Tissue,2,Ly6C+ NK cells,0.4750884,0.4183486,0.39541857499999994,0.48109102499999995,113.5628038434932
Saline+IAV,Nasal Tissue,2,Ly6C+CD8+ T-cells,0.5925104333333333,0.46971145000000003,0.353402375,0.835321575,126.14349369880877
Saline+IAV,Nasal Tissue,2,Ly6C- NK cells,1.7466995666666665,1.7264482499999998,1.4783387749999999,2.043867325,101.1730045581538
Saline+IAV,Nasal Tissue,2,Ly6C-CD8+ T-cells,0.5603036,0.507051,0.35909189999999996,0.68115015,110.50241494445332
Saline+IAV,Nasal Tissue,2,Monocytes,1.8771275333333333,2.0369541,1.7614984,2.2267537249999996,92.15364908484356
Saline+IAV,Nasal Tissue,2,Neutrophils,15.759914466666666,14.97890285,9.5747623,21.859422000000002,105.21407758957903
Saline+IAV,Nasal Tissue,2,Unknown Myeloid,3.1298543166666666,2.89923105,2.6091192999999997,3.452116325,107.95463564956876
Saline+IAV,Nasal Tissue,2,cDC1,0.09954809999999999,0.0821315,0.0735151,0.1216434,121.20574931664463
Saline+IAV,Nasal Tissue,2,cDC2,0.07215453333333334,0.061681049999999994,0.06130285,0.080070125,116.9800665412365
Saline+IAV,Nasal Tissue,2,moDCs,0.02812758,0.027178100000000004,0.024476800000000003,0.0344738,103.49354811410656
Saline+IAV,Nasal Tissue,2,pDCs,1.5234804666666668,1.5283664,1.385023875,1.6281069249999998,99.68031662215728
Saline+IAV,Nasal Tissue,6,B-cells,51.129953783333335,52.55453575,47.139572400000006,55.37653842500001,97.2893263229584
Saline+IAV,Nasal Tissue,6,CD103+CD4+ T-cells,0.3048637833333333,0.2949205,0.20793299999999998,0.355073825,103.3715131139861
Saline+IAV,Nasal Tissue,6,CD206+ Macrophages,1.24622115,1.1967109,0.904423375,1.6099054000000002,104.137193870299
Saline+IAV,Nasal Tissue,6,CD4+ T-cells,1.23493495,1.1590474,0.71232735,1.59986615,106.54740694815415
Saline+IAV,Nasal Tissue,6,CD64+MHCII- Macrophages,0.21531833333333336,0.1818543,0.12242410000000001,0.27855867500000003,118.40156286287065
Saline+IAV,Nasal Tissue,6,Drop,5.453821566666667,5.2263261000000005,5.1492942,5.455367925,104.35287546765721
Saline+IAV,Nasal Tissue,6,Ly6C(hi)CD64(hi) Monocytes,4.646436966666666,4.6176847,4.484914874999999,4.843026275,100.62265547638336
Saline+IAV,Nasal Tissue,6,Ly6C+ NK cells,0.4612397333333333,0.431871,0.3921005,0.4999828750000001,106.80034856087426
Saline+IAV,Nasal Tissue,6,Ly6C+CD8+ T-cells,0.42513795000000004,0.3834202,0.36787844999999997,0.44928290000000004,110.88042570527064
Saline+IAV,Nasal Tissue,6,Ly6C- NK cells,1.9569631,1.9106712499999998,1.5158068,1.981688475,102.42280559777095
Saline+IAV,Nasal Tissue,6,Ly6C-CD8+ T-cells,0.304234,0.31731175,0.21226632500000003,0.352032975,95.87857997694697
Saline+IAV,Nasal Tissue,6,Monocytes,1.8484345999999998,1.86101115,1.55684905,2.1375452,99.32420877757771
Saline+IAV,Nasal Tissue,6,Neutrophils,25.365574083333332,21.7415776,19.127338124999998,31.425069575,116.66850745611639
Saline+IAV,Nasal Tissue,6,Unknown Myeloid,3.5564328499999998,3.7307462,2.9646272750000002,4.049646350000001,95.32765455875824
Saline+IAV,Nasal Tissue,6,cDC1,0.07161038333333333,0.07076785,0.06573419999999999,0.088723175,101.1905594607344
Saline+IAV,Nasal Tissue,6,cDC2,0.04684275,0.04716715,0.04279725,0.050371775,99.31223319619694
Saline+IAV,Nasal Tissue,6,moDCs,0.027199921666666668,0.02427685,0.012187124999999998,0.0370199,112.04057225985524
Saline+IAV,Nasal Tissue,6,pDCs,1.7047800666666664,1.6693011,1.407454625,1.8989629000000001,102.12537849922141
Saline+IAV,Nasal Tissue,24,B-cells,55.50452541666666,55.04391629999999,52.623879875,56.434745875000004,100.83680295231221
Saline+IAV,Nasal Tissue,24,CD103+CD4+ T-cells,0.40144710000000006,0.3828629,0.176286675,0.591221725,104.85400909829603
Saline+IAV,Nasal Tissue,24,CD206+ Macrophages,2.1285976833333335,2.11062445,1.76336255,2.2888310250000004,100.85155998895652
Saline+IAV,Nasal Tissue,24,CD4+ T-cells,1.3355915166666665,1.0804683499999999,0.9182771499999999,1.6234930500000002,123.61227579379504
Saline+IAV,Nasal Tissue,24,CD64+MHCII- Macrophages,0.5109668166666667,0.45956695,0.33362805,0.518229425,111.18441321045098
Saline+IAV,Nasal Tissue,24,Drop,5.843217283333333,5.88176415,5.427333075,6.4069822499999995,99.34463766850176
Saline+IAV,Nasal Tissue,24,Ly6C(hi)CD64(hi) Monocytes,4.437311766666666,4.288642199999999,3.684992425,4.951617124999999,103.46658825179371
Saline+IAV,Nasal Tissue,24,Ly6C+ NK cells,0.41217146666666665,0.38420055,0.31229055,0.51177015,107.28029063640506
Saline+IAV,Nasal Tissue,24,Ly6C+CD8+ T-cells,0.2871337666666667,0.28359005000000004,0.265268625,0.322087675,101.24959132616486
Saline+IAV,Nasal Tissue,24,Ly6C- NK cells,1.8071520333333333,1.69653245,1.56114225,2.123017525,106.52033406925598
Saline+IAV,Nasal Tissue,24,Ly6C-CD8+ T-cells,0.23295181666666667,0.1828687,0.151537825,0.2667346,127.38747345317525
Saline+IAV,Nasal Tissue,24,Monocytes,2.0020677333333334,1.9538584,1.67508095,2.3450628,102.46739135923737
Saline+IAV,Nasal Tissue,24,Neutrophils,19.057719633333335,21.1598929,17.164486275,22.4520485,90.06529344642068
Saline+IAV,Nasal Tissue,24,Unknown Myeloid,4.08795195,3.86593425,3.2548131499999995,4.702099675,105.74292488290509
Saline+IAV,Nasal Tissue,24,cDC1,0.13710356666666665,0.16459464999999998,0.08600859999999999,0.1763602,83.29770540334492
Saline+IAV,Nasal Tissue,24,cDC2,0.07999096666666666,0.07207505,0.058390899999999996,0.1015548,110.9828805761032
Saline+IAV,Nasal Tissue,24,moDCs,0.041298536,0.028556,0.014349299999999999,0.0778903,144.62297240509875
Saline+IAV,Nasal Tissue,24,pDCs,1.6996839833333333,1.77616705,1.4541290500000001,1.9900243000000002,95.69392604897908
Saline+IAV,Nasal Tissue,48,B-cells,46.178199199999995,50.19497669999999,45.709567425,50.487278024999995,91.99765043421169
Saline+IAV,Nasal Tissue,48,CD103+CD4+ T-cells,0.36792651666666665,0.3435969,0.25973485,0.474742025,107.08086035312503
Saline+IAV,Nasal Tissue,48,CD206+ Macrophages,1.8577693833333333,1.5935918,1.156098975,2.1605220249999997,116.5774938935638
Saline+IAV,Nasal Tissue,48,CD4+ T-cells,1.09417095,0.8486037,0.780623325,1.43928615,128.9378010018104
Saline+IAV,Nasal Tissue,48,CD64+MHCII- Macrophages,0.3538356,0.2358568,0.15539622499999997,0.49477627499999993,150.0213688984163
Saline+IAV,Nasal Tissue,48,Drop,6.052584666666667,6.0376674,5.667512825,6.6180974500000005,100.24707003016873
Saline+IAV,Nasal Tissue,48,Ly6C(hi)CD64(hi) Monocytes,5.070334466666667,4.5665941000000005,4.408301,5.4810558,111.03098623691268
Saline+IAV,Nasal Tissue,48,Ly6C+ NK cells,0.3526558833333333,0.3026611,0.27586025000000003,0.4416537,116.51840402791547
Saline+IAV,Nasal Tissue,48,Ly6C+CD8+ T-cells,0.29973736666666667,0.2772489,0.25440172499999997,0.2870841,108.11129157470658
Saline+IAV,Nasal Tissue,48,Ly6C- NK cells,1.6080123333333334,1.5859000999999997,1.4989151250000001,1.6879309750000002,101.39430178063131
Saline+IAV,Nasal Tissue,48,Ly6C-CD8+ T-cells,0.2402443833333333,0.18850709999999998,0.1700782,0.27386659999999996,127.44580089202653
Saline+IAV,Nasal Tissue,48,Monocytes,3.11468405,2.9081405,2.4679576,4.0377426750000005,107.10225486010734
Saline+IAV,Nasal Tissue,48,Neutrophils,27.337350583333333,25.66938325,23.580660674999997,26.610715024999998,106.49788628378258
Saline+IAV,Nasal Tissue,48,Unknown Myeloid,4.169955666666667,4.01494565,2.792337425,5.2392365750000005,103.86082478268833
Saline+IAV,Nasal Tissue,48,cDC1,0.1177324,0.10682389999999999,0.0748743,0.15005785,110.21166611591602
Saline+IAV,Nasal Tissue,48,cDC2,0.05972315,0.06048144999999999,0.05861515,0.063275425,98.74622714898537
Saline+IAV,Nasal Tissue,48,moDCs,0.0118998125,0.009495175,0.0057655125,0.015629475,125.32483603514417
Saline+IAV,Nasal Tissue,48,pDCs,1.7171502500000002,1.7029941499999999,1.535199425,1.863058325,100.83124771743933
Saline+IAV,Nasal Tissue,72,B-cells,53.09023793333333,52.7365019,49.782344675000004,57.297226550000005,100.67076127651411
Saline+IAV,Nasal Tissue,72,CD103+CD4+ T-cells,0.34001223333333336,0.3315892,0.2865202,0.37285825,102.54020134954136
Saline+IAV,Nasal Tissue,72,CD206+ Macrophages,1.84293125,1.5047419,1.1705974,1.599074125,122.47490749077966
Saline+IAV,Nasal Tissue,72,CD4+ T-cells,1.6764909333333335,1.1647055499999999,0.782524375,2.5774150750000002,143.94118181486587
Saline+IAV,Nasal Tissue,72,CD64+MHCII- Macrophages,0.62620705,0.54419765,0.36149367500000007,0.93521195,115.06978209112076
Saline+IAV,Nasal Tissue,72,Drop,5.270110566666666,5.29891635,4.979614475,5.631856075,99.45638350502865
Saline+IAV,Nasal Tissue,72,Ly6C(hi)CD64(hi) Monocytes,5.080011233333334,4.923113,4.29801695,5.808638225,103.18697201005409
Saline+IAV,Nasal Tissue,72,Ly6C+ NK cells,0.5153300000000001,0.5064897,0.39199602499999997,0.6215859250000001,101.74540568149757
Saline+IAV,Nasal Tissue,72,Ly6C+CD8+ T-cells,0.6154202999999999,0.5006458,0.374252675,0.8168491499999999,122.92528969582885
Saline+IAV,Nasal Tissue,72,Ly6C- NK cells,1.1989148833333332,0.9536082499999999,0.8566138750000001,1.044251925,125.72404688543051
Saline+IAV,Nasal Tissue,72,Ly6C-CD8+ T-cells,0.2018495,0.18061655,0.12416327499999999,0.25048672499999997,111.75581639667018
Saline+IAV,Nasal Tissue,72,Monocytes,2.9878869833333335,2.80293245,2.57783555,3.294165425,106.59860830157835
Saline+IAV,Nasal Tissue,72,Neutrophils,21.791157083333335,21.4807659,16.920152825,24.4086715,101.44497260841771
Saline+IAV,Nasal Tissue,72,Unknown Myeloid,2.9567911833333334,3.0440326,2.4404131749999998,3.1759986999999996,97.13401831942711
Saline+IAV,Nasal Tissue,72,cDC1,0.10497763333333332,0.0780808,0.0649271,0.09944175,134.44743564785878
Saline+IAV,Nasal Tissue,72,cDC2,0.0194649,0.0151838,0.012719175000000001,0.0208999,128.19518170681908
Saline+IAV,Nasal Tissue,72,moDCs,0.00306697,0.00306697,0.00306697,0.00306697,100
Saline+IAV,Nasal Tissue,72,pDCs,1.6816952166666665,1.7405123500000002,1.490834975,1.819366725,96.62070002931415
Saline+IAV,Nasal Tissue,96,B-cells,41.97243706666667,43.20456405,39.42790002499999,44.714245675,97.14815550063783
Saline+IAV,Nasal Tissue,96,CD103+CD4+ T-cells,0.48872610000000005,0.4285908,0.27244227499999996,0.6382180000000001,114.03093580170179
Saline+IAV,Nasal Tissue,96,CD206+ Macrophages,2.0821362,1.9629556499999998,1.285595325,2.7355530750000003,106.07148460027614
Saline+IAV,Nasal Tissue,96,CD4+ T-cells,1.5591892833333332,1.3802870999999999,0.8469974,1.8263638000000002,112.96122982916621
Saline+IAV,Nasal Tissue,96,CD64+MHCII- Macrophages,0.7014577333333333,0.6100540499999999,0.25326934999999995,1.1501295999999999,114.9828828008491
Saline+IAV,Nasal Tissue,96,Drop,5.9122177166666665,5.875538150000001,5.6819904,6.106306975000001,100.62427586597606
Saline+IAV,Nasal Tissue,96,Ly6C(hi)CD64(hi) Monocytes,10.597826366666666,10.74605485,8.867380775,11.53913865,98.62062416949851
Saline+IAV,Nasal Tissue,96,Ly6C+ NK cells,1.0149110666666668,0.8342487500000001,0.5296277,1.3811769500000002,121.6556892253859
Saline+IAV,Nasal Tissue,96,Ly6C+CD8+ T-cells,0.6503877,0.64004985,0.47525330000000005,0.734046175,101.61516325642448
Saline+IAV,Nasal Tissue,96,Ly6C- NK cells,3.1018375833333334,2.9069413,2.406795125,3.196872075,106.70451389346367
Saline+IAV,Nasal Tissue,96,Ly6C-CD8+ T-cells,0.20408359999999998,0.1886444,0.16008735,0.23285702500000002,108.18428747421073
Saline+IAV,Nasal Tissue,96,Monocytes,2.6654515333333335,2.7288532,2.612010325,2.8530390249999997,97.67661863721116
Saline+IAV,Nasal Tissue,96,Neutrophils,23.849770133333333,23.3376516,21.1543153,26.822000224999996,102.19438760210701
Saline+IAV,Nasal Tissue,96,Unknown Myeloid,3.0580230833333335,2.9749784000000004,2.5062507750000003,3.7158184750000003,102.7914381944196
Saline+IAV,Nasal Tissue,96,cDC1,0.10940118333333333,0.1256465,0.071575875,0.14645125,87.07061743330163
Saline+IAV,Nasal Tissue,96,cDC2,0.012812916666666669,0.009978365,0.007604065,0.017266875,128.40697515741977
Saline+IAV,Nasal Tissue,96,moDCs,0.0033261249999999997,0.0033261249999999997,0.0031662325,0.0034860174999999994,100
Saline+IAV,Nasal Tissue,96,pDCs,2.01822205,1.9195123500000002,1.860879575,1.993876,105.14243630680468
Saline+IAV,Nasal Tissue,144,B-cells,26.617805399999998,26.273971200000002,21.032131800000002,31.851750300000003,101.30864952763592
Saline+IAV,Nasal Tissue,144,CD103+CD4+ T-cells,0.8421849166666667,0.95703765,0.58774885,1.0213420249999998,87.99914158723712
Saline+IAV,Nasal Tissue,144,CD206+ Macrophages,1.7123415833333333,1.6049099,1.2986765,1.9196208499999998,106.6939386026177
Saline+IAV,Nasal Tissue,144,CD4+ T-cells,3.1500760333333337,3.2464575999999994,2.7167431499999997,3.7996699999999994,97.03117740805654
Saline+IAV,Nasal Tissue,144,CD64+MHCII- Macrophages,0.6762427,0.47862960000000004,0.448080975,0.6133485,141.28727099201552
Saline+IAV,Nasal Tissue,144,Drop,6.0153096,5.7871797,5.550560225,6.467958175000001,103.9419874934936
Saline+IAV,Nasal Tissue,144,Ly6C(hi)CD64(hi) Monocytes,9.461715966666667,9.29265645,8.653094575,10.605775175000002,101.81928082218799
Saline+IAV,Nasal Tissue,144,Ly6C+ NK cells,1.1263279000000002,1.1321275,0.719433,1.4653679000000002,99.48772554328026
Saline+IAV,Nasal Tissue,144,Ly6C+CD8+ T-cells,1.3462965333333334,1.4308316,1.01001805,1.51909065,94.09189266810527
Saline+IAV,Nasal Tissue,144,Ly6C- NK cells,4.928157733333333,5.1357274,3.8070373749999997,5.858477425,95.95832001000156
Saline+IAV,Nasal Tissue,144,Ly6C-CD8+ T-cells,0.3183665,0.3112721,0.20507125000000004,0.45861712499999996,102.27916347144507
Saline+IAV,Nasal Tissue,144,Monocytes,3.702008516666667,3.3739775499999998,2.9739582,4.700468075,109.72238142683157
Saline+IAV,Nasal Tissue,144,Neutrophils,33.87164223333333,31.009495100000002,29.992416374999998,36.690769375,109.22990562762607
Saline+IAV,Nasal Tissue,144,Unknown Myeloid,3.946080166666667,4.1116401499999995,3.1751181500000003,4.725745775,95.97338343596697
Saline+IAV,Nasal Tissue,144,cDC1,0.18937895000000002,0.1638523,0.146744325,0.231403025,115.57906114226044
Saline+IAV,Nasal Tissue,144,cDC2,0.017761616666666667,0.008607945,0.0053927325,0.029782949999999996,206.3398019697694
Saline+IAV,Nasal Tissue,144,moDCs,0.011497351999999999,0.00589449,0.0037738,0.0192372,195.0525321104964
Saline+IAV,Nasal Tissue,144,pDCs,2.06872255,2.0951104999999997,1.9190500999999998,2.356956425,98.74049841285222
Saline+IAV,Spleen,2,B-cells,54.81204753333333,54.321127149999995,50.602806275,59.47090740000001,100.90373747580334
Saline+IAV,Spleen,2,CD103+CD4+ T-cells,0.7066266833333333,0.6515673,0.6315491000000001,0.80168215,108.45029873864655
Saline+IAV,Spleen,2,CD206+ Macrophages,1.42739605,0.9754427499999999,0.940258825,1.7892493000000003,146.33314461561176
Saline+IAV,Spleen,2,CD4+ T-cells,21.122128716666666,20.47410835,18.76123505,23.6149491,103.16507246903703
Saline+IAV,Spleen,2,CD64+MHCII- Macrophages,0.00904095,0.01029837,0.0040399599999999996,0.0124631,87.79010658968363
Saline+IAV,Spleen,2,Drop,2.292150783333333,2.1096653499999998,2.01080475,2.6679251,108.64997063791817
Saline+IAV,Spleen,2,Ly6C(hi)CD64(hi) Monocytes,0.3315320666666666,0.34628045,0.286421125,0.38250195,95.74091366309204
Saline+IAV,Spleen,2,Ly6C+ NK cells,1.3896810666666668,1.35528885,1.080529975,1.7151398749999998,102.53763001641065
Saline+IAV,Spleen,2,Ly6C+CD8+ T-cells,7.153847716666667,7.32807915,5.840019175,8.21402645,97.62241332596233
Saline+IAV,Spleen,2,Ly6C- NK cells,1.966812316666667,1.94372205,1.8104656000000001,2.0722659500000002,101.18794076893178
Saline+IAV,Spleen,2,Ly6C-CD8+ T-cells,5.8245283,5.760435,5.53352555,7.025477425,101.11264687475858
Saline+IAV,Spleen,2,Monocytes,0.28999545,0.2947071,0.22545587499999997,0.361529525,98.40124313258825
Saline+IAV,Spleen,2,Neutrophils,0.23225035,0.1429631,0.11584742499999999,0.36519727500000004,162.4547523102115
Saline+IAV,Spleen,2,Unknown Myeloid,0.6080923166666666,0.6433117,0.5231477,0.72604935,94.52530035854572
Saline+IAV,Spleen,2,cDC1,0.40550995,0.3914007,0.344839825,0.42533675,103.6048095979389
Saline+IAV,Spleen,2,cDC2,0.7348260333333334,0.69335855,0.660159,0.737847625,105.9806695011309
Saline+IAV,Spleen,2,moDCs,0.007623791666666667,0.007077550000000001,0.0059692124999999995,0.010134200000000001,107.71794853680532
Saline+IAV,Spleen,2,pDCs,0.6859099833333333,0.71534275,0.6306342500000001,0.7290070500000001,95.88550150726114
Saline+IAV,Spleen,6,B-cells,51.82039913333334,51.172752900000006,50.12391387500001,53.601481075,101.26560756775962
Saline+IAV,Spleen,6,CD103+CD4+ T-cells,0.6492643166666667,0.6388685999999999,0.6003948,0.7041591749999999,101.62720732661879
Saline+IAV,Spleen,6,CD206+ Macrophages,1.0055672666666668,0.9159439500000002,0.8652505750000001,1.23317285,109.78480360797913
Saline+IAV,Spleen,6,CD4+ T-cells,23.030451733333337,22.5695414,22.159517049999998,24.039935175,102.04217855012925
Saline+IAV,Spleen,6,CD64+MHCII- Macrophages,0.0029872216666666667,0.002670745,0.0018443049999999999,0.00427228,111.84975228509897
Saline+IAV,Spleen,6,Drop,2.0557751499999997,1.7052158999999998,1.5808876,2.455175675,120.5580566073774
Saline+IAV,Spleen,6,Ly6C(hi)CD64(hi) Monocytes,0.2447607333333333,0.22800885,0.20250597499999998,0.25885622500000005,107.34703207061187
Saline+IAV,Spleen,6,Ly6C+ NK cells,1.1709155333333334,1.25486465,1.0202032749999999,1.3262692500000002,93.31010586148342
Saline+IAV,Spleen,6,Ly6C+CD8+ T-cells,8.302876966666666,7.8615933,7.543536100000001,9.585335,105.61315817070651
Saline+IAV,Spleen,6,Ly6C- NK cells,1.6611129833333331,1.5780712999999997,1.4370453250000002,1.7130675000000002,105.26222632230453
Saline+IAV,Spleen,6,Ly6C-CD8+ T-cells,6.518853483333334,6.5143266,5.7906911249999995,7.246325849999999,100.06949119396829
Saline+IAV,Spleen,6,Monocytes,0.20289476666666664,0.20943225,0.20518217500000002,0.21181842500000003,96.87847342836008
Saline+IAV,Spleen,6,Neutrophils,0.6250016333333334,0.5881598,0.215562825,1.003609075,106.26391557759189
Saline+IAV,Spleen,6,Unknown Myeloid,0.6635367833333333,0.64717435,0.53451935,0.7592274,102.52828829407923
Saline+IAV,Spleen,6,cDC1,0.3745239166666667,0.40244240000000003,0.34212025,0.4103583,93.06273808790193
Saline+IAV,Spleen,6,cDC2,0.8811985833333332,0.9251754000000001,0.8395430999999999,0.9334170749999999,95.2466508873164
Saline+IAV,Spleen,6,moDCs,0.004530323333333333,0.004555465,0.00385761,0.0053081974999999995,99.4480987853783
Saline+IAV,Spleen,6,pDCs,0.7853495333333333,0.76174115,0.659311625,0.8816153,103.09926585078584
Saline+IAV,Spleen,24,B-cells,53.566902999999996,53.1709859,49.29390195,56.876412025,100.74461116960404
Saline+IAV,Spleen,24,CD103+CD4+ T-cells,0.6536303,0.6503818,0.61075665,0.689952575,100.49947584634134
Saline+IAV,Spleen,24,CD206+ Macrophages,1.2847957333333333,1.1277059,1.0090403000000001,1.5327163250000002,113.93003560000292
Saline+IAV,Spleen,24,CD4+ T-cells,22.29955655,22.2188837,19.995361575,24.826523499999997,100.36308237213557
Saline+IAV,Spleen,24,CD64+MHCII- Macrophages,0.008819292,0.00411228,0.00363429,0.0159304,214.4623420584201
Saline+IAV,Spleen,24,Drop,2.103964866666667,2.1473226499999996,1.7492405,2.44915115,97.98084450264926
Saline+IAV,Spleen,24,Ly6C(hi)CD64(hi) Monocytes,0.2643597166666667,0.2475063,0.18678375,0.3206436750000001,106.80928795213158
Saline+IAV,Spleen,24,Ly6C+ NK cells,1.0665333,1.04878175,0.7650838,1.330316175,101.69258761415327
Saline+IAV,Spleen,24,Ly6C+CD8+ T-cells,6.950763233333333,6.5828850999999995,6.279209825,7.5406268999999995,105.58840277089652
Saline+IAV,Spleen,24,Ly6C- NK cells,1.8142800833333332,1.8347306,1.6115306999999999,2.05492585,98.88536678536528
Saline+IAV,Spleen,24,Ly6C-CD8+ T-cells,6.730346783333334,6.871838050000001,5.961594750000001,7.518201350000001,97.94099823602993
Saline+IAV,Spleen,24,Monocytes,0.20503685,0.20859534999999998,0.19975795,0.21280255,98.29406551967722
Saline+IAV,Spleen,24,Neutrophils,0.31360659999999996,0.24714380000000002,0.194495925,0.38559279999999996,126.89235983261564
Saline+IAV,Spleen,24,Unknown Myeloid,0.66603605,0.64526835,0.616441525,0.7070370500000001,103.21845942079754
Saline+IAV,Spleen,24,cDC1,0.36415796666666667,0.38159119999999996,0.32651247499999997,0.40772345000000004,95.43143727283719
Saline+IAV,Spleen,24,cDC2,0.8960849,0.7831488500000001,0.7686942,0.957904825,114.4207643285181
Saline+IAV,Spleen,24,moDCs,0.0042837150000000004,0.00320719,0.0029517825,0.005168022499999999,133.56598767145073
Saline+IAV,Spleen,24,pDCs,0.8083109166666667,0.7466225,0.6556290249999999,1.0162966500000001,108.26233024944555
Saline+IAV,Spleen,48,B-cells,53.28754208333333,54.50057465,53.3910774,55.89731575,97.77427563937316
Saline+IAV,Spleen,48,CD103+CD4+ T-cells,0.6551317666666666,0.644005,0.59948275,0.679425925,101.72774538499958
Saline+IAV,Spleen,48,CD206+ Macrophages,1.2590976,1.32063265,1.022903175,1.4630451500000001,95.34048700068108
Saline+IAV,Spleen,48,CD4+ T-cells,21.033966416666665,20.226714899999997,20.09641805,20.5522954,103.9910164386935
Saline+IAV,Spleen,48,CD64+MHCII- Macrophages,0.004430536666666667,0.0031673,0.0023365350000000003,0.0057167500000000005,139.88370746903252
Saline+IAV,Spleen,48,Drop,2.03039905,1.80056385,1.731687725,2.0966515749999997,112.764623703847
Saline+IAV,Spleen,48,Ly6C(hi)CD64(hi) Monocytes,0.2993121166666667,0.2540033,0.2481974,0.348232925,117.83788504585047
Saline+IAV,Spleen,48,Ly6C+ NK cells,1.3230754833333334,1.37900715,0.919825,1.664080175,95.94406260571841
Saline+IAV,Spleen,48,Ly6C+CD8+ T-cells,7.753632633333334,7.247901400000001,7.0172604750000005,8.24921705,106.97762297557377
Saline+IAV,Spleen,48,Ly6C- NK cells,2.2325125833333335,2.2197219,1.8576386999999999,2.5573710000000003,100.5762290912809
Saline+IAV,Spleen,48,Ly6C-CD8+ T-cells,6.053378816666667,5.956889749999999,5.48510965,6.536736525,101.61978936519125
Saline+IAV,Spleen,48,Monocytes,0.29885046666666665,0.31037395,0.26357595,0.31453077500000004,96.2872259951799
Saline+IAV,Spleen,48,Neutrophils,0.6463401333333334,0.58298295,0.503290125,0.6802935749999999,110.86775922577725
Saline+IAV,Spleen,48,Unknown Myeloid,0.8182947333333332,0.8072022999999999,0.6736452,0.9385442,101.37418257273714
Saline+IAV,Spleen,48,cDC1,0.45003795,0.4423918,0.40933507500000005,0.46785515,101.72836612251854
Saline+IAV,Spleen,48,cDC2,0.9552814,0.95157625,0.90658145,1.020912675,100.38936974309732
Saline+IAV,Spleen,48,moDCs,0.0047707850000000005,0.004461735,0.002733305,0.0060334825,106.92667762652871
Saline+IAV,Spleen,48,pDCs,0.8939455166666668,0.8327376500000001,0.7694363,1.0472154500000002,107.3501980685834
Saline+IAV,Spleen,72,B-cells,53.949422999999996,54.76420315,53.572449774999995,55.96865875,98.51220303933154
Saline+IAV,Spleen,72,CD103+CD4+ T-cells,0.7096682833333333,0.6942568,0.6280560000000001,0.7638685249999999,102.21985342215349
Saline+IAV,Spleen,72,CD206+ Macrophages,1.3330967333333335,1.2995184,1.1100504,1.50376035,102.58390595572433
Saline+IAV,Spleen,72,CD4+ T-cells,18.525779866666667,19.3071006,17.700764225,19.56449785,95.95319489176262
Saline+IAV,Spleen,72,CD64+MHCII- Macrophages,0.049514800000000005,0.02193095,0.018466475,0.08515160000000001,225.77590118075142
Saline+IAV,Spleen,72,Drop,2.2545685333333334,2.1454084,1.9020444,2.15282705,105.0880817532612
Saline+IAV,Spleen,72,Ly6C(hi)CD64(hi) Monocytes,0.5879111666666667,0.6105937,0.48159752499999997,0.697201375,96.28516747989157
Saline+IAV,Spleen,72,Ly6C+ NK cells,1.1299366333333334,1.09635775,0.946022,1.3592394,103.06276699675206
Saline+IAV,Spleen,72,Ly6C+CD8+ T-cells,10.180708466666665,10.0664244,9.435614724999999,11.382246575,101.13529950780402
Saline+IAV,Spleen,72,Ly6C- NK cells,1.8903689333333333,1.80391045,1.605681875,2.1754320000000003,104.79283676932707
Saline+IAV,Spleen,72,Ly6C-CD8+ T-cells,4.40767995,4.5709928,4.237193274999999,4.755971325,96.4271908282157
Saline+IAV,Spleen,72,Monocytes,0.2364137,0.24652125000000003,0.19722777500000002,0.301134625,95.89992749103779
Saline+IAV,Spleen,72,Neutrophils,2.0322436666666666,1.8306280000000001,1.02125205,2.95301045,111.01347005872664
Saline+IAV,Spleen,72,Unknown Myeloid,0.58134655,0.5519888000000001,0.4730017,0.669303825,105.31854088343822
Saline+IAV,Spleen,72,cDC1,0.5016838,0.468703,0.4247431499999999,0.495714875,107.03660953738296
Saline+IAV,Spleen,72,cDC2,0.8716314833333334,0.7914001,0.7287955,0.9317882499999999,110.13790411870472
Saline+IAV,Spleen,72,moDCs,0.010391633333333334,0.00709728,0.004760517500000001,0.011531312499999998,146.41712505823827
Saline+IAV,Spleen,72,pDCs,0.7476327500000001,0.7297698,0.637022,0.789858475,102.44775133199538
Saline+IAV,Spleen,96,B-cells,57.82269638333334,59.144688599999995,54.981252549999994,61.040924375,97.76481667591929
Saline+IAV,Spleen,96,CD103+CD4+ T-cells,0.5795223,0.5757187,0.533555925,0.6277652749999999,100.66066987228312
Saline+IAV,Spleen,96,CD206+ Macrophages,1.62700875,1.6168440999999998,1.4253180749999999,1.8834095750000002,100.62867223871493
Saline+IAV,Spleen,96,CD4+ T-cells,16.713697633333332,16.7544902,15.149012849999998,18.34267045,99.75652755661484
Saline+IAV,Spleen,96,CD64+MHCII- Macrophages,0.02461805,0.026886450000000003,0.022050774999999998,0.028954700000000003,91.56303639937589
Saline+IAV,Spleen,96,Drop,2.9241898166666664,2.95404975,2.7912995,3.0264416499999998,98.98918651138717
Saline+IAV,Spleen,96,Ly6C(hi)CD64(hi) Monocytes,0.5935294,0.5816220000000001,0.46153040000000006,0.6559804,102.04727469043466
Saline+IAV,Spleen,96,Ly6C+ NK cells,1.13038785,1.0312686000000002,0.9789665250000001,1.1328894,109.61139028183344
Saline+IAV,Spleen,96,Ly6C+CD8+ T-cells,9.4438163,9.056646800000001,8.291855850000001,10.262194375,104.27497625280031
Saline+IAV,Spleen,96,Ly6C- NK cells,2.15831995,2.07526185,1.98627355,2.2807159999999995,104.00229493931093
Saline+IAV,Spleen,96,Ly6C-CD8+ T-cells,3.3099557333333336,3.1923863,2.920532775,3.556265425,103.6828072258465
Saline+IAV,Spleen,96,Monocytes,0.27232696666666667,0.25611025,0.22368635,0.270657675,106.33192801407468
Saline+IAV,Spleen,96,Neutrophils,0.7550576833333333,0.71898025,0.5285291,0.8765823,105.01786152447627
Saline+IAV,Spleen,96,Unknown Myeloid,0.5639704,0.5724534499999999,0.523062025,0.61508565,98.51812405008653
Saline+IAV,Spleen,96,cDC1,0.5220343833333333,0.52042245,0.468103925,0.57578335,100.30973554913575
Saline+IAV,Spleen,96,cDC2,0.80403035,0.7731303,0.7196431,0.893781875,103.99674543864079
Saline+IAV,Spleen,96,moDCs,0.016239595,0.0156899,0.013680874999999999,0.019943375,103.50349587951484
Saline+IAV,Spleen,96,pDCs,0.7385983666666667,0.6836297,0.64098425,0.776555225,108.0407078081404
Saline+IAV,Spleen,144,B-cells,47.426046033333336,47.5422717,44.486953175,51.061884925,99.75553194554928
Saline+IAV,Spleen,144,CD103+CD4+ T-cells,0.9031290166666668,0.8182449500000001,0.7973632250000001,0.95525225,110.37391879615836
Saline+IAV,Spleen,144,CD206+ Macrophages,2.5576487833333332,2.08189275,1.5941998499999999,3.6427204499999997,122.85209136413646
Saline+IAV,Spleen,144,CD4+ T-cells,21.86797855,21.974306799999997,20.444076425,24.2419254,99.51612466792355
Saline+IAV,Spleen,144,CD64+MHCII- Macrophages,0.018336023333333333,0.01708005,0.012340025,0.020525350000000005,107.35345232205604
Saline+IAV,Spleen,144,Drop,2.7563006333333333,2.649671,2.436178925,2.85853925,104.02425936402418
Saline+IAV,Spleen,144,Ly6C(hi)CD64(hi) Monocytes,0.8126847333333332,0.73204315,0.6036820500000001,0.87788675,111.01596037519555
Saline+IAV,Spleen,144,Ly6C+ NK cells,0.9566657166666666,0.93114745,0.8216006499999999,1.062928825,102.74051834289688
Saline+IAV,Spleen,144,Ly6C+CD8+ T-cells,10.175221950000001,10.116813599999999,10.012175525,10.725199674999999,100.57733939073468
Saline+IAV,Spleen,144,Ly6C- NK cells,2.7001899833333334,2.6660918999999996,2.5371358,2.8144397000000003,101.27895378750198
Saline+IAV,Spleen,144,Ly6C-CD8+ T-cells,4.1962869666666665,4.3386510000000005,3.6832115250000004,4.4607363,96.71870281031283
Saline+IAV,Spleen,144,Monocytes,0.4037368666666667,0.4254651,0.349995675,0.45558547499999996,94.89306330100088
Saline+IAV,Spleen,144,Neutrophils,2.1873249333333336,2.0604317500000002,1.8790275749999998,2.3152928,106.15857250953997
Saline+IAV,Spleen,144,Unknown Myeloid,0.8613006,0.83215215,0.8212255749999999,0.890731475,103.50277890888103
Saline+IAV,Spleen,144,cDC1,0.4790793666666667,0.42328985,0.39900365000000004,0.485979125,113.17997978611267
Saline+IAV,Spleen,144,cDC2,0.8908171166666666,0.9228771,0.8884553,0.9394891750000001,96.52608312273287
Saline+IAV,Spleen,144,moDCs,0.0151781,0.01506515,0.013183374999999999,0.0159654,100.74974361357172
Saline+IAV,Spleen,144,pDCs,0.7920746500000001,0.7854446500000001,0.663006225,0.881774075,100.84410785661345
Saline+IAV+NTHi,Lung,2,B-cells,32.09550323333333,30.887291250000004,29.915435675,35.858729724999996,103.9116799642744
Saline+IAV+NTHi,Lung,2,CD103+CD4+ T-cells,0.8390452333333333,0.8826697000000001,0.7933665,0.92045645,95.0576680420018
Saline+IAV+NTHi,Lung,2,CD206+ Macrophages,0.5884375333333333,0.5088656500000001,0.413753475,0.727390925,115.63711037153584
Saline+IAV+NTHi,Lung,2,CD4+ T-cells,23.58138215,23.34743985,20.964842425,25.08648245,101.00200408054589
Saline+IAV+NTHi,Lung,2,CD64+MHCII- Macrophages,0.07145113333333333,0.06713055,0.033922325,0.0706687,106.43609106931693
Saline+IAV+NTHi,Lung,2,Drop,9.47607835,9.048294000000002,8.497021825000001,10.279646675,104.7277901226463
Saline+IAV+NTHi,Lung,2,Ly6C(hi)CD64(hi) Monocytes,1.0636585666666667,0.9391805499999999,0.8178777500000002,1.372522875,113.25389635322696
Saline+IAV+NTHi,Lung,2,Ly6C+ NK cells,5.212827066666667,5.2589152,5.10647285,5.679766874999999,99.12361900543037
Saline+IAV+NTHi,Lung,2,Ly6C+CD8+ T-cells,5.610262783333334,5.88493495,5.574289375,6.023657350000001,95.33262187262298
Saline+IAV+NTHi,Lung,2,Ly6C- NK cells,5.858991049999999,5.5570256,4.8699909749999994,6.3180649749999995,105.43394023594203
Saline+IAV+NTHi,Lung,2,Ly6C-CD8+ T-cells,5.372282233333333,5.43551365,4.302199975000001,6.3680545,98.83669841089137
Saline+IAV+NTHi,Lung,2,Monocytes,0.7941669666666666,0.7150534,0.692352725,0.9170943,111.06400817990189
Saline+IAV+NTHi,Lung,2,Neutrophils,0.9906895166666667,0.91974445,0.601427025,1.413917225,107.7135628996366
Saline+IAV+NTHi,Lung,2,Unknown Myeloid,4.1472768166666665,4.0611517,3.6150899499999998,4.631655025000001,102.12070671151403
Saline+IAV+NTHi,Lung,2,cDC1,0.38062335,0.39524060000000005,0.3533636,0.427215575,96.30168307608074
Saline+IAV+NTHi,Lung,2,cDC2,0.15289203333333334,0.14741715,0.12973175,0.161257675,103.71387137340082
Saline+IAV+NTHi,Lung,2,moDCs,3.3928579666666665,2.9940537,2.65835775,4.360580625,113.3198768835264
Saline+IAV+NTHi,Lung,2,pDCs,0.3715739666666667,0.37946265,0.299948,0.4347847,97.92109096024778
Saline+IAV+NTHi,Lung,6,B-cells,31.270147233333333,32.4725239,25.6634594,38.30673735,96.29724911322133
Saline+IAV+NTHi,Lung,6,CD103+CD4+ T-cells,0.7643137,0.78082065,0.6455346500000001,0.9287658249999999,97.88594858499195
Saline+IAV+NTHi,Lung,6,CD206+ Macrophages,0.46995960000000003,0.43159775,0.385470125,0.5874527,108.88833410276119
Saline+IAV+NTHi,Lung,6,CD4+ T-cells,23.77353925,23.17547265,19.337344925,28.256252049999997,102.5806015222736
Saline+IAV+NTHi,Lung,6,CD64+MHCII- Macrophages,0.04868758333333333,0.02633195,0.02090655,0.0820276,184.89927002494434
Saline+IAV+NTHi,Lung,6,Drop,6.709000133333333,8.0865462,4.7778868249999995,8.231506975,82.96496387213286
Saline+IAV+NTHi,Lung,6,Ly6C(hi)CD64(hi) Monocytes,1.2761659833333332,1.1338869,0.549678025,1.947396575,112.54790784983344
Saline+IAV+NTHi,Lung,6,Ly6C+ NK cells,4.953004366666666,4.434502749999999,3.6290140750000006,5.945187024999999,111.69244097698817
Saline+IAV+NTHi,Lung,6,Ly6C+CD8+ T-cells,6.009345383333334,6.1193613,5.485195975000001,6.583086424999999,98.20216667601133
Saline+IAV+NTHi,Lung,6,Ly6C- NK cells,6.14979345,5.4809673000000005,4.10868665,7.824185125,112.20270279663956
Saline+IAV+NTHi,Lung,6,Ly6C-CD8+ T-cells,6.468324966666667,5.6561684,4.42211755,6.31689465,114.35877628160198
Saline+IAV+NTHi,Lung,6,Monocytes,0.70850235,0.67770495,0.48239535000000006,0.841016925,104.54436698448195
Saline+IAV+NTHi,Lung,6,Neutrophils,3.980976233333334,0.38843269999999996,0.16727782500000002,7.839879625,1024.881847829324
Saline+IAV+NTHi,Lung,6,Unknown Myeloid,4.201954166666667,4.0775801000000005,3.949375725,4.6049584,103.05019309532794
Saline+IAV+NTHi,Lung,6,cDC1,0.3688635333333333,0.31176675,0.286253825,0.3681223,118.31394250135186
Saline+IAV+NTHi,Lung,6,cDC2,0.11902853333333333,0.12085425000000001,0.0969438,0.1452906,98.48932357226438
Saline+IAV+NTHi,Lung,6,moDCs,2.3585569833333335,2.32007485,1.901415825,2.8842733249999997,101.65865913047303
Saline+IAV+NTHi,Lung,6,pDCs,0.3698366166666667,0.36669095,0.284767675,0.42708337500000004,100.85785227769233
Saline+IAV+NTHi,Lung,24,B-cells,39.61989173333333,39.329992950000005,36.30897207499999,40.773410725000005,100.73709340274195
Saline+IAV+NTHi,Lung,24,CD103+CD4+ T-cells,0.6437749833333334,0.6614938499999999,0.5816296249999999,0.69158035,97.32138603153052
Saline+IAV+NTHi,Lung,24,CD206+ Macrophages,0.69175905,0.51329075,0.447514975,0.845483325,134.7694362308302
Saline+IAV+NTHi,Lung,24,CD4+ T-cells,20.929220666666666,20.7861869,20.3252424,22.1856631,100.68811931382501
Saline+IAV+NTHi,Lung,24,CD64+MHCII- Macrophages,0.10143413333333334,0.0777026,0.048176875,0.149038875,130.54149196208795
Saline+IAV+NTHi,Lung,24,Drop,5.2326847333333335,5.05110525,4.465648849999999,5.372005225,103.59484656023221
Saline+IAV+NTHi,Lung,24,Ly6C(hi)CD64(hi) Monocytes,1.69680465,1.5753871499999998,1.1616751749999998,2.0865282499999998,107.70715312740747
Saline+IAV+NTHi,Lung,24,Ly6C+ NK cells,4.3725973,4.4611845,3.810285075,4.790628450000001,98.01426728708485
Saline+IAV+NTHi,Lung,24,Ly6C+CD8+ T-cells,5.6297677833333335,5.71795555,5.20234115,6.072687825,98.45770457822698
Saline+IAV+NTHi,Lung,24,Ly6C- NK cells,5.5390763000000005,5.962629,4.663185725000001,6.311452525,92.89654446050561
Saline+IAV+NTHi,Lung,24,Ly6C-CD8+ T-cells,4.99354155,4.94660715,4.714333325,5.281024,100.94882004122765
Saline+IAV+NTHi,Lung,24,Monocytes,1.4284288333333335,1.39881285,1.094567475,1.7064884249999999,102.11722271019555
Saline+IAV+NTHi,Lung,24,Neutrophils,1.1080260833333335,0.61772425,0.508796475,1.5058553000000001,179.37228194187514
Saline+IAV+NTHi,Lung,24,Unknown Myeloid,4.6697877,4.7247484,4.196475975,5.137664675,98.83674864041436
Saline+IAV+NTHi,Lung,24,cDC1,0.4079718166666667,0.33106630000000004,0.28006777499999996,0.542584325,123.22964211901564
Saline+IAV+NTHi,Lung,24,cDC2,0.12341338333333335,0.1220418,0.114239525,0.125697475,101.12386357242629
Saline+IAV+NTHi,Lung,24,moDCs,2.2186364,1.9396753500000004,1.252831475,2.582260975,114.38184230159956
Saline+IAV+NTHi,Lung,24,pDCs,0.5931829333333334,0.53745865,0.47656950000000003,0.6764195000000001,110.36810614794894
Saline+IAV+NTHi,Lung,48,B-cells,41.56196261666666,43.75259285,36.93682265,45.963455825,94.99314191311215
Saline+IAV+NTHi,Lung,48,CD103+CD4+ T-cells,0.7751457333333333,0.7400561999999999,0.699709175,0.7632838750000001,104.7414687335007
Saline+IAV+NTHi,Lung,48,CD206+ Macrophages,0.5024325833333333,0.38080685000000003,0.30354594999999995,0.573170025,131.93895628015443
Saline+IAV+NTHi,Lung,48,CD4+ T-cells,18.0232412,17.14964315,16.23784135,18.82601415,105.09397217399246
Saline+IAV+NTHi,Lung,48,CD64+MHCII- Macrophages,0.08182608333333334,0.0690305,0.062202525,0.075333175,118.53613016468567
Saline+IAV+NTHi,Lung,48,Drop,5.787078466666666,6.1443594500000005,5.041818875000001,6.456271175,94.18522001779479
Saline+IAV+NTHi,Lung,48,Ly6C(hi)CD64(hi) Monocytes,2.042163216666667,2.2811714,1.55595185,2.52258545,89.52256795200339
Saline+IAV+NTHi,Lung,48,Ly6C+ NK cells,4.349574866666667,4.010155699999999,3.9084289500000002,4.50698275,108.46398973153755
Saline+IAV+NTHi,Lung,48,Ly6C+CD8+ T-cells,5.60488105,5.77373155,5.571055125,5.99979755,97.0755394749865
Saline+IAV+NTHi,Lung,48,Ly6C- NK cells,5.8930493,5.76212965,5.290066549999999,5.9677935,102.27207053558749
Saline+IAV+NTHi,Lung,48,Ly6C-CD8+ T-cells,4.6649350499999995,3.6016478000000003,3.268711875,4.79618395,129.5222439573353
Saline+IAV+NTHi,Lung,48,Monocytes,1.6014138333333334,1.6373176,1.393801575,1.848630725,97.8071593033223
Saline+IAV+NTHi,Lung,48,Neutrophils,2.2069315,0.9120963500000001,0.649284525,3.5110261749999996,241.96254047064213
Saline+IAV+NTHi,Lung,48,Unknown Myeloid,4.33045315,3.94547805,3.822117925,4.878924575,109.75737528181155
Saline+IAV+NTHi,Lung,48,cDC1,0.3595877,0.3203709,0.25332705,0.409376175,112.24106184425612
Saline+IAV+NTHi,Lung,48,cDC2,0.15673065,0.17738315000000002,0.09902635000000001,0.2041737,88.35712411240864
Saline+IAV+NTHi,Lung,48,moDCs,1.3797629333333334,1.233478,1.0769642499999998,1.498872775,111.85954944744319
Saline+IAV+NTHi,Lung,48,pDCs,0.6788301833333333,0.6640408,0.566341175,0.66970905,102.22717991625414
Saline+IAV+NTHi,Lung,72,B-cells,33.524442566666664,36.81824185,28.884341474999996,37.981199,91.05389307628404
Saline+IAV+NTHi,Lung,72,CD103+CD4+ T-cells,1.1390320666666667,1.1384154,0.9136162999999999,1.3799283249999998,100.0541688619696
Saline+IAV+NTHi,Lung,72,CD206+ Macrophages,0.33582120000000004,0.26378310000000005,0.18351775,0.34991465,127.30959640704806
Saline+IAV+NTHi,Lung,72,CD4+ T-cells,18.955510683333333,19.62749085,16.334603025,20.907792450000002,96.57633177973604
Saline+IAV+NTHi,Lung,72,CD64+MHCII- Macrophages,0.21146423333333336,0.1897689,0.156367175,0.2659867,111.432502023953
Saline+IAV+NTHi,Lung,72,Drop,7.7159266,7.56547635,6.707326525000001,9.490995425000001,101.98864212958647
Saline+IAV+NTHi,Lung,72,Ly6C(hi)CD64(hi) Monocytes,5.03375825,4.9262022000000005,3.62579955,6.005369025,102.18334622967768
Saline+IAV+NTHi,Lung,72,Ly6C+ NK cells,7.067667466666666,6.72077675,4.516678775,9.495768575000001,105.16146763343488
Saline+IAV+NTHi,Lung,72,Ly6C+CD8+ T-cells,7.7838846833333335,7.9579471999999996,7.09062045,9.19989985,97.81272089029862
Saline+IAV+NTHi,Lung,72,Ly6C- NK cells,6.845347083333333,6.688247950000001,5.688311425,7.929967674999999,102.34888321287987
Saline+IAV+NTHi,Lung,72,Ly6C-CD8+ T-cells,2.55921515,2.56623575,2.401483975,2.7501216000000004,99.72642419933554
Saline+IAV+NTHi,Lung,72,Monocytes,1.4856496166666666,1.47357975,1.023409075,1.8574213249999998,100.81908472660992
Saline+IAV+NTHi,Lung,72,Neutrophils,1.8891811666666667,1.23963125,0.9269062,2.917801725,152.3986400525694
Saline+IAV+NTHi,Lung,72,Unknown Myeloid,2.921872733333333,2.9131639000000003,1.8770613749999998,3.3900467000000005,100.29894759211224
Saline+IAV+NTHi,Lung,72,cDC1,0.29615005,0.2106596,0.17745185,0.2592155,140.5822711141576
Saline+IAV+NTHi,Lung,72,cDC2,0.04351865,0.02391355,0.021169724999999997,0.03291042499999999,181.9832270825536
Saline+IAV+NTHi,Lung,72,moDCs,1.0329903,0.71503355,0.591992475,0.903495625,144.46738897776194
Saline+IAV+NTHi,Lung,72,pDCs,1.1585674833333333,1.16724365,0.840898325,1.455602375,99.25669617764322
Saline+IAV+NTHi,Lung,96,B-cells,38.76614561666667,39.0951035,38.450660525,42.592394,99.1585701177813
Saline+IAV+NTHi,Lung,96,CD103+CD4+ T-cells,0.96851665,0.8623652999999999,0.8254199999999999,1.12476645,112.30932529404882
Saline+IAV+NTHi,Lung,96,CD206+ Macrophages,0.3059284166666667,0.2787253,0.23404990000000003,0.3574231,109.75983043759095
Saline+IAV+NTHi,Lung,96,CD4+ T-cells,16.098419,15.9842583,15.477229850000002,16.451080825000002,100.71420705207197
Saline+IAV+NTHi,Lung,96,CD64+MHCII- Macrophages,0.2777665166666667,0.2435726,0.23507375,0.24861305000000003,114.03849064577325
Saline+IAV+NTHi,Lung,96,Drop,6.055666566666666,5.74872325,5.4751281999999994,6.326067399999999,105.33933020113058
Saline+IAV+NTHi,Lung,96,Ly6C(hi)CD64(hi) Monocytes,5.055312416666666,4.7786892,3.7672031999999995,6.46346535,105.78868399030151
Saline+IAV+NTHi,Lung,96,Ly6C+ NK cells,6.2811640833333335,5.99822335,5.6986513,6.586085875,104.71707565429908
Saline+IAV+NTHi,Lung,96,Ly6C+CD8+ T-cells,8.7865753,8.7256731,8.0713555,8.94452975,100.69796563889153
Saline+IAV+NTHi,Lung,96,Ly6C- NK cells,6.832244666666668,6.469209800000001,6.1601757500000005,7.2624202250000005,105.61173432134892
Saline+IAV+NTHi,Lung,96,Ly6C-CD8+ T-cells,2.25981005,2.33753525,2.042994675,2.5721274249999997,96.67490789711086
Saline+IAV+NTHi,Lung,96,Monocytes,1.5524644666666667,1.4730759,1.2193565250000002,1.7615435999999998,105.38930591876947
Saline+IAV+NTHi,Lung,96,Neutrophils,1.80041835,1.3687451499999999,0.989076125,2.608647,131.5378797871905
Saline+IAV+NTHi,Lung,96,Unknown Myeloid,2.7319859,2.76455495,2.4999472750000002,3.00408255,98.82190621676737
Saline+IAV+NTHi,Lung,96,cDC1,0.39191909999999996,0.38954455,0.31284154999999997,0.432063075,100.60957084369424
Saline+IAV+NTHi,Lung,96,cDC2,0.029589566666666664,0.0310892,0.02730675,0.032587975,95.17635277416808
Saline+IAV+NTHi,Lung,96,moDCs,0.5439657,0.5197934,0.31919005,0.7718727750000001,104.6503668572937
Saline+IAV+NTHi,Lung,96,pDCs,1.2621076333333334,1.3442207,1.03137405,1.4610769749999999,93.89139992661426
Saline+IAV+NTHi,Lung,144,B-cells,32.7358675,30.975006699999994,29.286207949999998,36.1358958,105.68477939990244
Saline+IAV+NTHi,Lung,144,CD103+CD4+ T-cells,1.10167045,1.060076,0.9814078,1.097256225,103.92372339341709
Saline+IAV+NTHi,Lung,144,CD206+ Macrophages,0.5362260333333334,0.5427609999999999,0.4693175,0.5821839000000001,98.7959771120868
Saline+IAV+NTHi,Lung,144,CD4+ T-cells,17.629564883333334,18.0462104,16.152934100000003,19.8572702,97.6912298624942
Saline+IAV+NTHi,Lung,144,CD64+MHCII- Macrophages,0.36131793333333334,0.3677718,0.30624932499999996,0.4366142,98.2451436823958
Saline+IAV+NTHi,Lung,144,Drop,6.889524349999999,6.8616863,6.168570025,7.59226935,100.40570274977449
Saline+IAV+NTHi,Lung,144,Ly6C(hi)CD64(hi) Monocytes,4.201589466666666,4.08432735,3.90982375,4.528008799999999,102.87102640454779
Saline+IAV+NTHi,Lung,144,Ly6C+ NK cells,4.669622683333333,4.88463185,4.1839616500000005,5.4828882750000005,95.59825237051045
Saline+IAV+NTHi,Lung,144,Ly6C+CD8+ T-cells,8.077366583333333,8.0287766,6.906989499999999,9.158106075,100.60519784961177
Saline+IAV+NTHi,Lung,144,Ly6C- NK cells,8.133800650000001,7.9368491,7.600440875,8.472169625000001,102.48148285948892
Saline+IAV+NTHi,Lung,144,Ly6C-CD8+ T-cells,2.417522216666667,2.5319276000000004,1.8033589500000002,2.9719784500000004,95.4814907293031
Saline+IAV+NTHi,Lung,144,Monocytes,1.648829916666667,1.5994829000000002,1.4363786,1.7559573499999999,103.08518563509912
Saline+IAV+NTHi,Lung,144,Neutrophils,5.33227645,4.913112849999999,2.94401585,7.5622203,108.53152803115445
Saline+IAV+NTHi,Lung,144,Unknown Myeloid,3.8249651333333334,3.8117656,3.616137675,3.9979310749999994,100.34628397227084
Saline+IAV+NTHi,Lung,144,cDC1,0.5054712166666667,0.5088827,0.4873199999999999,0.52025845,99.32961302607983
Saline+IAV+NTHi,Lung,144,cDC2,0.05097681666666667,0.0485718,0.042987225000000004,0.055136924999999996,104.9514670378011
Saline+IAV+NTHi,Lung,144,moDCs,0.7019826166666666,0.65699985,0.606168,0.7567732499999998,106.8466935976723
Saline+IAV+NTHi,Lung,144,pDCs,1.1814251,1.1461735000000002,1.013787725,1.359273825,103.07559021387249
Saline+IAV+NTHi,Nasal Tissue,2,B-cells,58.093123266666666,58.24281140000001,52.186843800000005,62.893733875,99.74299294670837
Saline+IAV+NTHi,Nasal Tissue,2,CD103+CD4+ T-cells,0.39258048333333334,0.37296255,0.312840475,0.46687707500000003,105.26002767123224
Saline+IAV+NTHi,Nasal Tissue,2,CD206+ Macrophages,2.1675279499999998,2.0046924,1.662066425,2.5013404,108.12271997439605
Saline+IAV+NTHi,Nasal Tissue,2,CD4+ T-cells,2.7664519333333337,2.5987135,1.423561875,4.111755274999999,106.45467202649826
Saline+IAV+NTHi,Nasal Tissue,2,CD64+MHCII- Macrophages,0.37790465,0.37072325,0.295939825,0.46191045,101.93713234872644
Saline+IAV+NTHi,Nasal Tissue,2,Drop,5.967591633333333,5.94037545,5.65337135,6.4659184,100.4581559459063
Saline+IAV+NTHi,Nasal Tissue,2,Ly6C(hi)CD64(hi) Monocytes,4.374698966666666,4.3948506499999995,3.7138484,4.8069389750000004,99.54147057685945
Saline+IAV+NTHi,Nasal Tissue,2,Ly6C+ NK cells,0.4750884,0.4183486,0.39541857499999994,0.48109102499999995,113.5628038434932
Saline+IAV+NTHi,Nasal Tissue,2,Ly6C+CD8+ T-cells,0.5925104333333333,0.46971145000000003,0.353402375,0.835321575,126.14349369880877
Saline+IAV+NTHi,Nasal Tissue,2,Ly6C- NK cells,1.7466995666666665,1.7264482499999998,1.4783387749999999,2.043867325,101.1730045581538
Saline+IAV+NTHi,Nasal Tissue,2,Ly6C-CD8+ T-cells,0.5603036,0.507051,0.35909189999999996,0.68115015,110.50241494445332
Saline+IAV+NTHi,Nasal Tissue,2,Monocytes,1.8771275333333333,2.0369541,1.7614984,2.2267537249999996,92.15364908484356
Saline+IAV+NTHi,Nasal Tissue,2,Neutrophils,15.759914466666666,14.97890285,9.5747623,21.859422000000002,105.21407758957903
Saline+IAV+NTHi,Nasal Tissue,2,Unknown Myeloid,3.1298543166666666,2.89923105,2.6091192999999997,3.452116325,107.95463564956876
Saline+IAV+NTHi,Nasal Tissue,2,cDC1,0.09954809999999999,0.0821315,0.0735151,0.1216434,121.20574931664463
Saline+IAV+NTHi,Nasal Tissue,2,cDC2,0.07215453333333334,0.061681049999999994,0.06130285,0.080070125,116.9800665412365
Saline+IAV+NTHi,Nasal Tissue,2,moDCs,0.02812758,0.027178100000000004,0.024476800000000003,0.0344738,103.49354811410656
Saline+IAV+NTHi,Nasal Tissue,2,pDCs,1.5234804666666668,1.5283664,1.385023875,1.6281069249999998,99.68031662215728
Saline+IAV+NTHi,Nasal Tissue,6,B-cells,51.129953783333335,52.55453575,47.139572400000006,55.37653842500001,97.2893263229584
Saline+IAV+NTHi,Nasal Tissue,6,CD103+CD4+ T-cells,0.3048637833333333,0.2949205,0.20793299999999998,0.355073825,103.3715131139861
Saline+IAV+NTHi,Nasal Tissue,6,CD206+ Macrophages,1.24622115,1.1967109,0.904423375,1.6099054000000002,104.137193870299
Saline+IAV+NTHi,Nasal Tissue,6,CD4+ T-cells,1.23493495,1.1590474,0.71232735,1.59986615,106.54740694815415
Saline+IAV+NTHi,Nasal Tissue,6,CD64+MHCII- Macrophages,0.21531833333333336,0.1818543,0.12242410000000001,0.27855867500000003,118.40156286287065
Saline+IAV+NTHi,Nasal Tissue,6,Drop,5.453821566666667,5.2263261000000005,5.1492942,5.455367925,104.35287546765721
Saline+IAV+NTHi,Nasal Tissue,6,Ly6C(hi)CD64(hi) Monocytes,4.646436966666666,4.6176847,4.484914874999999,4.843026275,100.62265547638336
Saline+IAV+NTHi,Nasal Tissue,6,Ly6C+ NK cells,0.4612397333333333,0.431871,0.3921005,0.4999828750000001,106.80034856087426
Saline+IAV+NTHi,Nasal Tissue,6,Ly6C+CD8+ T-cells,0.42513795000000004,0.3834202,0.36787844999999997,0.44928290000000004,110.88042570527064
Saline+IAV+NTHi,Nasal Tissue,6,Ly6C- NK cells,1.9569631,1.9106712499999998,1.5158068,1.981688475,102.42280559777095
Saline+IAV+NTHi,Nasal Tissue,6,Ly6C-CD8+ T-cells,0.304234,0.31731175,0.21226632500000003,0.352032975,95.87857997694697
Saline+IAV+NTHi,Nasal Tissue,6,Monocytes,1.8484345999999998,1.86101115,1.55684905,2.1375452,99.32420877757771
Saline+IAV+NTHi,Nasal Tissue,6,Neutrophils,25.365574083333332,21.7415776,19.127338124999998,31.425069575,116.66850745611639
Saline+IAV+NTHi,Nasal Tissue,6,Unknown Myeloid,3.5564328499999998,3.7307462,2.9646272750000002,4.049646350000001,95.32765455875824
Saline+IAV+NTHi,Nasal Tissue,6,cDC1,0.07161038333333333,0.07076785,0.06573419999999999,0.088723175,101.1905594607344
Saline+IAV+NTHi,Nasal Tissue,6,cDC2,0.04684275,0.04716715,0.04279725,0.050371775,99.31223319619694
Saline+IAV+NTHi,Nasal Tissue,6,moDCs,0.027199921666666668,0.02427685,0.012187124999999998,0.0370199,112.04057225985524
Saline+IAV+NTHi,Nasal Tissue,6,pDCs,1.7047800666666664,1.6693011,1.407454625,1.8989629000000001,102.12537849922141
Saline+IAV+NTHi,Nasal Tissue,24,B-cells,55.50452541666666,55.04391629999999,52.623879875,56.434745875000004,100.83680295231221
Saline+IAV+NTHi,Nasal Tissue,24,CD103+CD4+ T-cells,0.40144710000000006,0.3828629,0.176286675,0.591221725,104.85400909829603
Saline+IAV+NTHi,Nasal Tissue,24,CD206+ Macrophages,2.1285976833333335,2.11062445,1.76336255,2.2888310250000004,100.85155998895652
Saline+IAV+NTHi,Nasal Tissue,24,CD4+ T-cells,1.3355915166666665,1.0804683499999999,0.9182771499999999,1.6234930500000002,123.61227579379504
Saline+IAV+NTHi,Nasal Tissue,24,CD64+MHCII- Macrophages,0.5109668166666667,0.45956695,0.33362805,0.518229425,111.18441321045098
Saline+IAV+NTHi,Nasal Tissue,24,Drop,5.843217283333333,5.88176415,5.427333075,6.4069822499999995,99.34463766850176
Saline+IAV+NTHi,Nasal Tissue,24,Ly6C(hi)CD64(hi) Monocytes,4.437311766666666,4.288642199999999,3.684992425,4.951617124999999,103.46658825179371
Saline+IAV+NTHi,Nasal Tissue,24,Ly6C+ NK cells,0.41217146666666665,0.38420055,0.31229055,0.51177015,107.28029063640506
Saline+IAV+NTHi,Nasal Tissue,24,Ly6C+CD8+ T-cells,0.2871337666666667,0.28359005000000004,0.265268625,0.322087675,101.24959132616486
Saline+IAV+NTHi,Nasal Tissue,24,Ly6C- NK cells,1.8071520333333333,1.69653245,1.56114225,2.123017525,106.52033406925598
Saline+IAV+NTHi,Nasal Tissue,24,Ly6C-CD8+ T-cells,0.23295181666666667,0.1828687,0.151537825,0.2667346,127.38747345317525
Saline+IAV+NTHi,Nasal Tissue,24,Monocytes,2.0020677333333334,1.9538584,1.67508095,2.3450628,102.46739135923737
Saline+IAV+NTHi,Nasal Tissue,24,Neutrophils,19.057719633333335,21.1598929,17.164486275,22.4520485,90.06529344642068
Saline+IAV+NTHi,Nasal Tissue,24,Unknown Myeloid,4.08795195,3.86593425,3.2548131499999995,4.702099675,105.74292488290509
Saline+IAV+NTHi,Nasal Tissue,24,cDC1,0.13710356666666665,0.16459464999999998,0.08600859999999999,0.1763602,83.29770540334492
Saline+IAV+NTHi,Nasal Tissue,24,cDC2,0.07999096666666666,0.07207505,0.058390899999999996,0.1015548,110.9828805761032
Saline+IAV+NTHi,Nasal Tissue,24,moDCs,0.041298536,0.028556,0.014349299999999999,0.0778903,144.62297240509875
Saline+IAV+NTHi,Nasal Tissue,24,pDCs,1.6996839833333333,1.77616705,1.4541290500000001,1.9900243000000002,95.69392604897908
Saline+IAV+NTHi,Nasal Tissue,48,B-cells,46.178199199999995,50.19497669999999,45.709567425,50.487278024999995,91.99765043421169
Saline+IAV+NTHi,Nasal Tissue,48,CD103+CD4+ T-cells,0.36792651666666665,0.3435969,0.25973485,0.474742025,107.08086035312503
Saline+IAV+NTHi,Nasal Tissue,48,CD206+ Macrophages,1.8577693833333333,1.5935918,1.156098975,2.1605220249999997,116.5774938935638
Saline+IAV+NTHi,Nasal Tissue,48,CD4+ T-cells,1.09417095,0.8486037,0.780623325,1.43928615,128.9378010018104
Saline+IAV+NTHi,Nasal Tissue,48,CD64+MHCII- Macrophages,0.3538356,0.2358568,0.15539622499999997,0.49477627499999993,150.0213688984163
Saline+IAV+NTHi,Nasal Tissue,48,Drop,6.052584666666667,6.0376674,5.667512825,6.6180974500000005,100.24707003016873
Saline+IAV+NTHi,Nasal Tissue,48,Ly6C(hi)CD64(hi) Monocytes,5.070334466666667,4.5665941000000005,4.408301,5.4810558,111.03098623691268
Saline+IAV+NTHi,Nasal Tissue,48,Ly6C+ NK cells,0.3526558833333333,0.3026611,0.27586025000000003,0.4416537,116.51840402791547
Saline+IAV+NTHi,Nasal Tissue,48,Ly6C+CD8+ T-cells,0.29973736666666667,0.2772489,0.25440172499999997,0.2870841,108.11129157470658
Saline+IAV+NTHi,Nasal Tissue,48,Ly6C- NK cells,1.6080123333333334,1.5859000999999997,1.4989151250000001,1.6879309750000002,101.39430178063131
Saline+IAV+NTHi,Nasal Tissue,48,Ly6C-CD8+ T-cells,0.2402443833333333,0.18850709999999998,0.1700782,0.27386659999999996,127.44580089202653
Saline+IAV+NTHi,Nasal Tissue,48,Monocytes,3.11468405,2.9081405,2.4679576,4.0377426750000005,107.10225486010734
Saline+IAV+NTHi,Nasal Tissue,48,Neutrophils,27.337350583333333,25.66938325,23.580660674999997,26.610715024999998,106.49788628378258
Saline+IAV+NTHi,Nasal Tissue,48,Unknown Myeloid,4.169955666666667,4.01494565,2.792337425,5.2392365750000005,103.86082478268833
Saline+IAV+NTHi,Nasal Tissue,48,cDC1,0.1177324,0.10682389999999999,0.0748743,0.15005785,110.21166611591602
Saline+IAV+NTHi,Nasal Tissue,48,cDC2,0.05972315,0.06048144999999999,0.05861515,0.063275425,98.74622714898537
Saline+IAV+NTHi,Nasal Tissue,48,moDCs,0.0118998125,0.009495175,0.0057655125,0.015629475,125.32483603514417
Saline+IAV+NTHi,Nasal Tissue,48,pDCs,1.7171502500000002,1.7029941499999999,1.535199425,1.863058325,100.83124771743933
Saline+IAV+NTHi,Nasal Tissue,72,B-cells,53.09023793333333,52.7365019,49.782344675000004,57.297226550000005,100.67076127651411
Saline+IAV+NTHi,Nasal Tissue,72,CD103+CD4+ T-cells,0.34001223333333336,0.3315892,0.2865202,0.37285825,102.54020134954136
Saline+IAV+NTHi,Nasal Tissue,72,CD206+ Macrophages,1.84293125,1.5047419,1.1705974,1.599074125,122.47490749077966
Saline+IAV+NTHi,Nasal Tissue,72,CD4+ T-cells,1.6764909333333335,1.1647055499999999,0.782524375,2.5774150750000002,143.94118181486587
Saline+IAV+NTHi,Nasal Tissue,72,CD64+MHCII- Macrophages,0.62620705,0.54419765,0.36149367500000007,0.93521195,115.06978209112076
Saline+IAV+NTHi,Nasal Tissue,72,Drop,5.270110566666666,5.29891635,4.979614475,5.631856075,99.45638350502865
Saline+IAV+NTHi,Nasal Tissue,72,Ly6C(hi)CD64(hi) Monocytes,5.080011233333334,4.923113,4.29801695,5.808638225,103.18697201005409
Saline+IAV+NTHi,Nasal Tissue,72,Ly6C+ NK cells,0.5153300000000001,0.5064897,0.39199602499999997,0.6215859250000001,101.74540568149757
Saline+IAV+NTHi,Nasal Tissue,72,Ly6C+CD8+ T-cells,0.6154202999999999,0.5006458,0.374252675,0.8168491499999999,122.92528969582885
Saline+IAV+NTHi,Nasal Tissue,72,Ly6C- NK cells,1.1989148833333332,0.9536082499999999,0.8566138750000001,1.044251925,125.72404688543051
Saline+IAV+NTHi,Nasal Tissue,72,Ly6C-CD8+ T-cells,0.2018495,0.18061655,0.12416327499999999,0.25048672499999997,111.75581639667018
Saline+IAV+NTHi,Nasal Tissue,72,Monocytes,2.9878869833333335,2.80293245,2.57783555,3.294165425,106.59860830157835
Saline+IAV+NTHi,Nasal Tissue,72,Neutrophils,21.791157083333335,21.4807659,16.920152825,24.4086715,101.44497260841771
Saline+IAV+NTHi,Nasal Tissue,72,Unknown Myeloid,2.9567911833333334,3.0440326,2.4404131749999998,3.1759986999999996,97.13401831942711
Saline+IAV+NTHi,Nasal Tissue,72,cDC1,0.10497763333333332,0.0780808,0.0649271,0.09944175,134.44743564785878
Saline+IAV+NTHi,Nasal Tissue,72,cDC2,0.0194649,0.0151838,0.012719175000000001,0.0208999,128.19518170681908
Saline+IAV+NTHi,Nasal Tissue,72,moDCs,0.00306697,0.00306697,0.00306697,0.00306697,100
Saline+IAV+NTHi,Nasal Tissue,72,pDCs,1.6816952166666665,1.7405123500000002,1.490834975,1.819366725,96.62070002931415
Saline+IAV+NTHi,Nasal Tissue,96,B-cells,41.97243706666667,43.20456405,39.42790002499999,44.714245675,97.14815550063783
Saline+IAV+NTHi,Nasal Tissue,96,CD103+CD4+ T-cells,0.48872610000000005,0.4285908,0.27244227499999996,0.6382180000000001,114.03093580170179
Saline+IAV+NTHi,Nasal Tissue,96,CD206+ Macrophages,2.0821362,1.9629556499999998,1.285595325,2.7355530750000003,106.07148460027614
Saline+IAV+NTHi,Nasal Tissue,96,CD4+ T-cells,1.5591892833333332,1.3802870999999999,0.8469974,1.8263638000000002,112.96122982916621
Saline+IAV+NTHi,Nasal Tissue,96,CD64+MHCII- Macrophages,0.7014577333333333,0.6100540499999999,0.25326934999999995,1.1501295999999999,114.9828828008491
Saline+IAV+NTHi,Nasal Tissue,96,Drop,5.9122177166666665,5.875538150000001,5.6819904,6.106306975000001,100.62427586597606
Saline+IAV+NTHi,Nasal Tissue,96,Ly6C(hi)CD64(hi) Monocytes,10.597826366666666,10.74605485,8.867380775,11.53913865,98.62062416949851
Saline+IAV+NTHi,Nasal Tissue,96,Ly6C+ NK cells,1.0149110666666668,0.8342487500000001,0.5296277,1.3811769500000002,121.6556892253859
Saline+IAV+NTHi,Nasal Tissue,96,Ly6C+CD8+ T-cells,0.6503877,0.64004985,0.47525330000000005,0.734046175,101.61516325642448
Saline+IAV+NTHi,Nasal Tissue,96,Ly6C- NK cells,3.1018375833333334,2.9069413,2.406795125,3.196872075,106.70451389346367
Saline+IAV+NTHi,Nasal Tissue,96,Ly6C-CD8+ T-cells,0.20408359999999998,0.1886444,0.16008735,0.23285702500000002,108.18428747421073
Saline+IAV+NTHi,Nasal Tissue,96,Monocytes,2.6654515333333335,2.7288532,2.612010325,2.8530390249999997,97.67661863721116
Saline+IAV+NTHi,Nasal Tissue,96,Neutrophils,23.849770133333333,23.3376516,21.1543153,26.822000224999996,102.19438760210701
Saline+IAV+NTHi,Nasal Tissue,96,Unknown Myeloid,3.0580230833333335,2.9749784000000004,2.5062507750000003,3.7158184750000003,102.7914381944196
Saline+IAV+NTHi,Nasal Tissue,96,cDC1,0.10940118333333333,0.1256465,0.071575875,0.14645125,87.07061743330163
Saline+IAV+NTHi,Nasal Tissue,96,cDC2,0.012812916666666669,0.009978365,0.007604065,0.017266875,128.40697515741977
Saline+IAV+NTHi,Nasal Tissue,96,moDCs,0.0033261249999999997,0.0033261249999999997,0.0031662325,0.0034860174999999994,100
Saline+IAV+NTHi,Nasal Tissue,96,pDCs,2.01822205,1.9195123500000002,1.860879575,1.993876,105.14243630680468
Saline+IAV+NTHi,Nasal Tissue,144,B-cells,27.731671966666667,29.4106366,25.393831700000003,31.596387149999998,94.29130128610228
Saline+IAV+NTHi,Nasal Tissue,144,CD103+CD4+ T-cells,1.33323495,1.3241721000000002,0.920896275,1.5273784500000003,100.68441632322565
Saline+IAV+NTHi,Nasal Tissue,144,CD206+ Macrophages,1.0137101833333333,1.05384785,1.0093377000000001,1.094218975,96.19132243172801
Saline+IAV+NTHi,Nasal Tissue,144,CD4+ T-cells,3.921832966666667,4.165934350000001,2.8000863750000002,5.5551593,94.14053696421468
Saline+IAV+NTHi,Nasal Tissue,144,CD64+MHCII- Macrophages,0.5172200499999999,0.49444694999999994,0.46025555,0.62554195,104.60577216625563
Saline+IAV+NTHi,Nasal Tissue,144,Drop,5.8593437,5.78694195,5.4189639000000005,6.404683425,101.25112279724873
Saline+IAV+NTHi,Nasal Tissue,144,Ly6C(hi)CD64(hi) Monocytes,7.928701333333334,7.757968549999999,7.28152215,8.388802525,102.20074085416772
Saline+IAV+NTHi,Nasal Tissue,144,Ly6C+ NK cells,0.94569735,0.8491266500000001,0.7257021749999999,1.02086635,111.37294418918542
Saline+IAV+NTHi,Nasal Tissue,144,Ly6C+CD8+ T-cells,1.6935335999999999,1.89116675,1.34129915,2.32470755,89.54967085795052
Saline+IAV+NTHi,Nasal Tissue,144,Ly6C- NK cells,4.009971999999999,4.13082285,3.2280322,4.22871035,97.07441218400346
Saline+IAV+NTHi,Nasal Tissue,144,Ly6C-CD8+ T-cells,0.4755729,0.4409637500000001,0.402429425,0.6200297,107.8485249637867
Saline+IAV+NTHi,Nasal Tissue,144,Monocytes,4.054032333333334,3.772423,3.4110892249999996,4.913443275,107.46494582747836
Saline+IAV+NTHi,Nasal Tissue,144,Neutrophils,33.63424191666667,33.3880669,30.273817225,36.639370525,100.73731437463564
Saline+IAV+NTHi,Nasal Tissue,144,Unknown Myeloid,4.54125445,4.1015574,3.8406711,5.4246362249999995,110.72024616795562
Saline+IAV+NTHi,Nasal Tissue,144,cDC1,0.2142745,0.22172755,0.16225594999999998,0.281792925,96.63864503982478
Saline+IAV+NTHi,Nasal Tissue,144,cDC2,0.0296552,0.025514250000000002,0.0165574,0.0410222,116.22994992994109
Saline+IAV+NTHi,Nasal Tissue,144,moDCs,0.005667845,0.00574852,0.0043863324999999995,0.0070300325,98.59659529757225
Saline+IAV+NTHi,Nasal Tissue,144,pDCs,2.0922719666666665,2.1248386,1.757962925,2.394522525,98.4673361386915
Saline+IAV+NTHi,Spleen,2,B-cells,54.81204753333333,54.321127149999995,50.602806275,59.47090740000001,100.90373747580334
Saline+IAV+NTHi,Spleen,2,CD103+CD4+ T-cells,0.7066266833333333,0.6515673,0.6315491000000001,0.80168215,108.45029873864655
Saline+IAV+NTHi,Spleen,2,CD206+ Macrophages,1.42739605,0.9754427499999999,0.940258825,1.7892493000000003,146.33314461561176
Saline+IAV+NTHi,Spleen,2,CD4+ T-cells,21.122128716666666,20.47410835,18.76123505,23.6149491,103.16507246903703
Saline+IAV+NTHi,Spleen,2,CD64+MHCII- Macrophages,0.00904095,0.01029837,0.0040399599999999996,0.0124631,87.79010658968363
Saline+IAV+NTHi,Spleen,2,Drop,2.292150783333333,2.1096653499999998,2.01080475,2.6679251,108.64997063791817
Saline+IAV+NTHi,Spleen,2,Ly6C(hi)CD64(hi) Monocytes,0.3315320666666666,0.34628045,0.286421125,0.38250195,95.74091366309204
Saline+IAV+NTHi,Spleen,2,Ly6C+ NK cells,1.3896810666666668,1.35528885,1.080529975,1.7151398749999998,102.53763001641065
Saline+IAV+NTHi,Spleen,2,Ly6C+CD8+ T-cells,7.153847716666667,7.32807915,5.840019175,8.21402645,97.62241332596233
Saline+IAV+NTHi,Spleen,2,Ly6C- NK cells,1.966812316666667,1.94372205,1.8104656000000001,2.0722659500000002,101.18794076893178
Saline+IAV+NTHi,Spleen,2,Ly6C-CD8+ T-cells,5.8245283,5.760435,5.53352555,7.025477425,101.11264687475858
Saline+IAV+NTHi,Spleen,2,Monocytes,0.28999545,0.2947071,0.22545587499999997,0.361529525,98.40124313258825
Saline+IAV+NTHi,Spleen,2,Neutrophils,0.23225035,0.1429631,0.11584742499999999,0.36519727500000004,162.4547523102115
Saline+IAV+NTHi,Spleen,2,Unknown Myeloid,0.6080923166666666,0.6433117,0.5231477,0.72604935,94.52530035854572
Saline+IAV+NTHi,Spleen,2,cDC1,0.40550995,0.3914007,0.344839825,0.42533675,103.6048095979389
Saline+IAV+NTHi,Spleen,2,cDC2,0.7348260333333334,0.69335855,0.660159,0.737847625,105.9806695011309
Saline+IAV+NTHi,Spleen,2,moDCs,0.007623791666666667,0.007077550000000001,0.0059692124999999995,0.010134200000000001,107.71794853680532
Saline+IAV+NTHi,Spleen,2,pDCs,0.6859099833333333,0.71534275,0.6306342500000001,0.7290070500000001,95.88550150726114
Saline+IAV+NTHi,Spleen,6,B-cells,51.82039913333334,51.172752900000006,50.12391387500001,53.601481075,101.26560756775962
Saline+IAV+NTHi,Spleen,6,CD103+CD4+ T-cells,0.6492643166666667,0.6388685999999999,0.6003948,0.7041591749999999,101.62720732661879
Saline+IAV+NTHi,Spleen,6,CD206+ Macrophages,1.0055672666666668,0.9159439500000002,0.8652505750000001,1.23317285,109.78480360797913
Saline+IAV+NTHi,Spleen,6,CD4+ T-cells,23.030451733333337,22.5695414,22.159517049999998,24.039935175,102.04217855012925
Saline+IAV+NTHi,Spleen,6,CD64+MHCII- Macrophages,0.0029872216666666667,0.002670745,0.0018443049999999999,0.00427228,111.84975228509897
Saline+IAV+NTHi,Spleen,6,Drop,2.0557751499999997,1.7052158999999998,1.5808876,2.455175675,120.5580566073774
Saline+IAV+NTHi,Spleen,6,Ly6C(hi)CD64(hi) Monocytes,0.2447607333333333,0.22800885,0.20250597499999998,0.25885622500000005,107.34703207061187
Saline+IAV+NTHi,Spleen,6,Ly6C+ NK cells,1.1709155333333334,1.25486465,1.0202032749999999,1.3262692500000002,93.31010586148342
Saline+IAV+NTHi,Spleen,6,Ly6C+CD8+ T-cells,8.302876966666666,7.8615933,7.543536100000001,9.585335,105.61315817070651
Saline+IAV+NTHi,Spleen,6,Ly6C- NK cells,1.6611129833333331,1.5780712999999997,1.4370453250000002,1.7130675000000002,105.26222632230453
Saline+IAV+NTHi,Spleen,6,Ly6C-CD8+ T-cells,6.518853483333334,6.5143266,5.7906911249999995,7.246325849999999,100.06949119396829
Saline+IAV+NTHi,Spleen,6,Monocytes,0.20289476666666664,0.20943225,0.20518217500000002,0.21181842500000003,96.87847342836008
Saline+IAV+NTHi,Spleen,6,Neutrophils,0.6250016333333334,0.5881598,0.215562825,1.003609075,106.26391557759189
Saline+IAV+NTHi,Spleen,6,Unknown Myeloid,0.6635367833333333,0.64717435,0.53451935,0.7592274,102.52828829407923
Saline+IAV+NTHi,Spleen,6,cDC1,0.3745239166666667,0.40244240000000003,0.34212025,0.4103583,93.06273808790193
Saline+IAV+NTHi,Spleen,6,cDC2,0.8811985833333332,0.9251754000000001,0.8395430999999999,0.9334170749999999,95.2466508873164
Saline+IAV+NTHi,Spleen,6,moDCs,0.004530323333333333,0.004555465,0.00385761,0.0053081974999999995,99.4480987853783
Saline+IAV+NTHi,Spleen,6,pDCs,0.7853495333333333,0.76174115,0.659311625,0.8816153,103.09926585078584
Saline+IAV+NTHi,Spleen,24,B-cells,53.566902999999996,53.1709859,49.29390195,56.876412025,100.74461116960404
Saline+IAV+NTHi,Spleen,24,CD103+CD4+ T-cells,0.6536303,0.6503818,0.61075665,0.689952575,100.49947584634134
Saline+IAV+NTHi,Spleen,24,CD206+ Macrophages,1.2847957333333333,1.1277059,1.0090403000000001,1.5327163250000002,113.93003560000292
Saline+IAV+NTHi,Spleen,24,CD4+ T-cells,22.29955655,22.2188837,19.995361575,24.826523499999997,100.36308237213557
Saline+IAV+NTHi,Spleen,24,CD64+MHCII- Macrophages,0.008819292,0.00411228,0.00363429,0.0159304,214.4623420584201
Saline+IAV+NTHi,Spleen,24,Drop,2.103964866666667,2.1473226499999996,1.7492405,2.44915115,97.98084450264926
Saline+IAV+NTHi,Spleen,24,Ly6C(hi)CD64(hi) Monocytes,0.2643597166666667,0.2475063,0.18678375,0.3206436750000001,106.80928795213158
Saline+IAV+NTHi,Spleen,24,Ly6C+ NK cells,1.0665333,1.04878175,0.7650838,1.330316175,101.69258761415327
Saline+IAV+NTHi,Spleen,24,Ly6C+CD8+ T-cells,6.950763233333333,6.5828850999999995,6.279209825,7.5406268999999995,105.58840277089652
Saline+IAV+NTHi,Spleen,24,Ly6C- NK cells,1.8142800833333332,1.8347306,1.6115306999999999,2.05492585,98.88536678536528
Saline+IAV+NTHi,Spleen,24,Ly6C-CD8+ T-cells,6.730346783333334,6.871838050000001,5.961594750000001,7.518201350000001,97.94099823602993
Saline+IAV+NTHi,Spleen,24,Monocytes,0.20503685,0.20859534999999998,0.19975795,0.21280255,98.29406551967722
Saline+IAV+NTHi,Spleen,24,Neutrophils,0.31360659999999996,0.24714380000000002,0.194495925,0.38559279999999996,126.89235983261564
Saline+IAV+NTHi,Spleen,24,Unknown Myeloid,0.66603605,0.64526835,0.616441525,0.7070370500000001,103.21845942079754
Saline+IAV+NTHi,Spleen,24,cDC1,0.36415796666666667,0.38159119999999996,0.32651247499999997,0.40772345000000004,95.43143727283719
Saline+IAV+NTHi,Spleen,24,cDC2,0.8960849,0.7831488500000001,0.7686942,0.957904825,114.4207643285181
Saline+IAV+NTHi,Spleen,24,moDCs,0.0042837150000000004,0.00320719,0.0029517825,0.005168022499999999,133.56598767145073
Saline+IAV+NTHi,Spleen,24,pDCs,0.8083109166666667,0.7466225,0.6556290249999999,1.0162966500000001,108.26233024944555
Saline+IAV+NTHi,Spleen,48,B-cells,53.28754208333333,54.50057465,53.3910774,55.89731575,97.77427563937316
Saline+IAV+NTHi,Spleen,48,CD103+CD4+ T-cells,0.6551317666666666,0.644005,0.59948275,0.679425925,101.72774538499958
Saline+IAV+NTHi,Spleen,48,CD206+ Macrophages,1.2590976,1.32063265,1.022903175,1.4630451500000001,95.34048700068108
Saline+IAV+NTHi,Spleen,48,CD4+ T-cells,21.033966416666665,20.226714899999997,20.09641805,20.5522954,103.9910164386935
Saline+IAV+NTHi,Spleen,48,CD64+MHCII- Macrophages,0.004430536666666667,0.0031673,0.0023365350000000003,0.0057167500000000005,139.88370746903252
Saline+IAV+NTHi,Spleen,48,Drop,2.03039905,1.80056385,1.731687725,2.0966515749999997,112.764623703847
Saline+IAV+NTHi,Spleen,48,Ly6C(hi)CD64(hi) Monocytes,0.2993121166666667,0.2540033,0.2481974,0.348232925,117.83788504585047
Saline+IAV+NTHi,Spleen,48,Ly6C+ NK cells,1.3230754833333334,1.37900715,0.919825,1.664080175,95.94406260571841
Saline+IAV+NTHi,Spleen,48,Ly6C+CD8+ T-cells,7.753632633333334,7.247901400000001,7.0172604750000005,8.24921705,106.97762297557377
Saline+IAV+NTHi,Spleen,48,Ly6C- NK cells,2.2325125833333335,2.2197219,1.8576386999999999,2.5573710000000003,100.5762290912809
Saline+IAV+NTHi,Spleen,48,Ly6C-CD8+ T-cells,6.053378816666667,5.956889749999999,5.48510965,6.536736525,101.61978936519125
Saline+IAV+NTHi,Spleen,48,Monocytes,0.29885046666666665,0.31037395,0.26357595,0.31453077500000004,96.2872259951799
Saline+IAV+NTHi,Spleen,48,Neutrophils,0.6463401333333334,0.58298295,0.503290125,0.6802935749999999,110.86775922577725
Saline+IAV+NTHi,Spleen,48,Unknown Myeloid,0.8182947333333332,0.8072022999999999,0.6736452,0.9385442,101.37418257273714
Saline+IAV+NTHi,Spleen,48,cDC1,0.45003795,0.4423918,0.40933507500000005,0.46785515,101.72836612251854
Saline+IAV+NTHi,Spleen,48,cDC2,0.9552814,0.95157625,0.90658145,1.020912675,100.38936974309732
Saline+IAV+NTHi,Spleen,48,moDCs,0.0047707850000000005,0.004461735,0.002733305,0.0060334825,106.92667762652871
Saline+IAV+NTHi,Spleen,48,pDCs,0.8939455166666668,0.8327376500000001,0.7694363,1.0472154500000002,107.3501980685834
Saline+IAV+NTHi,Spleen,72,B-cells,53.949422999999996,54.76420315,53.572449774999995,55.96865875,98.51220303933154
Saline+IAV+NTHi,Spleen,72,CD103+CD4+ T-cells,0.7096682833333333,0.6942568,0.6280560000000001,0.7638685249999999,102.21985342215349
Saline+IAV+NTHi,Spleen,72,CD206+ Macrophages,1.3330967333333335,1.2995184,1.1100504,1.50376035,102.58390595572433
Saline+IAV+NTHi,Spleen,72,CD4+ T-cells,18.525779866666667,19.3071006,17.700764225,19.56449785,95.95319489176262
Saline+IAV+NTHi,Spleen,72,CD64+MHCII- Macrophages,0.049514800000000005,0.02193095,0.018466475,0.08515160000000001,225.77590118075142
Saline+IAV+NTHi,Spleen,72,Drop,2.2545685333333334,2.1454084,1.9020444,2.15282705,105.0880817532612
Saline+IAV+NTHi,Spleen,72,Ly6C(hi)CD64(hi) Monocytes,0.5879111666666667,0.6105937,0.48159752499999997,0.697201375,96.28516747989157
Saline+IAV+NTHi,Spleen,72,Ly6C+ NK cells,1.1299366333333334,1.09635775,0.946022,1.3592394,103.06276699675206
Saline+IAV+NTHi,Spleen,72,Ly6C+CD8+ T-cells,10.180708466666665,10.0664244,9.435614724999999,11.382246575,101.13529950780402
Saline+IAV+NTHi,Spleen,72,Ly6C- NK cells,1.8903689333333333,1.80391045,1.605681875,2.1754320000000003,104.79283676932707
Saline+IAV+NTHi,Spleen,72,Ly6C-CD8+ T-cells,4.40767995,4.5709928,4.237193274999999,4.755971325,96.4271908282157
Saline+IAV+NTHi,Spleen,72,Monocytes,0.2364137,0.24652125000000003,0.19722777500000002,0.301134625,95.89992749103779
Saline+IAV+NTHi,Spleen,72,Neutrophils,2.0322436666666666,1.8306280000000001,1.02125205,2.95301045,111.01347005872664
Saline+IAV+NTHi,Spleen,72,Unknown Myeloid,0.58134655,0.5519888000000001,0.4730017,0.669303825,105.31854088343822
Saline+IAV+NTHi,Spleen,72,cDC1,0.5016838,0.468703,0.4247431499999999,0.495714875,107.03660953738296
Saline+IAV+NTHi,Spleen,72,cDC2,0.8716314833333334,0.7914001,0.7287955,0.9317882499999999,110.13790411870472
Saline+IAV+NTHi,Spleen,72,moDCs,0.010391633333333334,0.00709728,0.004760517500000001,0.011531312499999998,146.41712505823827
Saline+IAV+NTHi,Spleen,72,pDCs,0.7476327500000001,0.7297698,0.637022,0.789858475,102.44775133199538
Saline+IAV+NTHi,Spleen,96,B-cells,57.82269638333334,59.144688599999995,54.981252549999994,61.040924375,97.76481667591929
Saline+IAV+NTHi,Spleen,96,CD103+CD4+ T-cells,0.5795223,0.5757187,0.533555925,0.6277652749999999,100.66066987228312
Saline+IAV+NTHi,Spleen,96,CD206+ Macrophages,1.62700875,1.6168440999999998,1.4253180749999999,1.8834095750000002,100.62867223871493
Saline+IAV+NTHi,Spleen,96,CD4+ T-cells,16.713697633333332,16.7544902,15.149012849999998,18.34267045,99.75652755661484
Saline+IAV+NTHi,Spleen,96,CD64+MHCII- Macrophages,0.02461805,0.026886450000000003,0.022050774999999998,0.028954700000000003,91.56303639937589
Saline+IAV+NTHi,Spleen,96,Drop,2.9241898166666664,2.95404975,2.7912995,3.0264416499999998,98.98918651138717
Saline+IAV+NTHi,Spleen,96,Ly6C(hi)CD64(hi) Monocytes,0.5935294,0.5816220000000001,0.46153040000000006,0.6559804,102.04727469043466
Saline+IAV+NTHi,Spleen,96,Ly6C+ NK cells,1.13038785,1.0312686000000002,0.9789665250000001,1.1328894,109.61139028183344
Saline+IAV+NTHi,Spleen,96,Ly6C+CD8+ T-cells,9.4438163,9.056646800000001,8.291855850000001,10.262194375,104.27497625280031
Saline+IAV+NTHi,Spleen,96,Ly6C- NK cells,2.15831995,2.07526185,1.98627355,2.2807159999999995,104.00229493931093
Saline+IAV+NTHi,Spleen,96,Ly6C-CD8+ T-cells,3.3099557333333336,3.1923863,2.920532775,3.556265425,103.6828072258465
Saline+IAV+NTHi,Spleen,96,Monocytes,0.27232696666666667,0.25611025,0.22368635,0.270657675,106.33192801407468
Saline+IAV+NTHi,Spleen,96,Neutrophils,0.7550576833333333,0.71898025,0.5285291,0.8765823,105.01786152447627
Saline+IAV+NTHi,Spleen,96,Unknown Myeloid,0.5639704,0.5724534499999999,0.523062025,0.61508565,98.51812405008653
Saline+IAV+NTHi,Spleen,96,cDC1,0.5220343833333333,0.52042245,0.468103925,0.57578335,100.30973554913575
Saline+IAV+NTHi,Spleen,96,cDC2,0.80403035,0.7731303,0.7196431,0.893781875,103.99674543864079
Saline+IAV+NTHi,Spleen,96,moDCs,0.016239595,0.0156899,0.013680874999999999,0.019943375,103.50349587951484
Saline+IAV+NTHi,Spleen,96,pDCs,0.7385983666666667,0.6836297,0.64098425,0.776555225,108.0407078081404
Saline+IAV+NTHi,Spleen,144,B-cells,47.23494071666667,46.66965265,45.119154775000005,48.924843325,101.2112540689044
Saline+IAV+NTHi,Spleen,144,CD103+CD4+ T-cells,0.8549624833333334,0.778613,0.71971535,1.0062194,109.80583208003634
Saline+IAV+NTHi,Spleen,144,CD206+ Macrophages,1.3345920500000001,1.3057832500000002,1.001676875,1.6564381499999998,102.2062467105471
Saline+IAV+NTHi,Spleen,144,CD4+ T-cells,22.00748516666667,22.22663245,21.687865574999996,24.431955050000003,99.01403290027712
Saline+IAV+NTHi,Spleen,144,CD64+MHCII- Macrophages,0.008484343333333333,0.009102055000000001,0.0055320000000000005,0.0107546,93.21349226447579
Saline+IAV+NTHi,Spleen,144,Drop,2.80378965,2.4428299,2.224367125,3.1554518499999995,114.77629490289112
Saline+IAV+NTHi,Spleen,144,Ly6C(hi)CD64(hi) Monocytes,0.45899843333333334,0.41997579999999995,0.36200692500000003,0.5277143750000001,109.29163854996726
Saline+IAV+NTHi,Spleen,144,Ly6C+ NK cells,0.9334037833333333,0.9494333500000001,0.8436537500000001,0.983839125,98.31167014865585
Saline+IAV+NTHi,Spleen,144,Ly6C+CD8+ T-cells,10.935428433333334,10.99358755,10.412599700000001,11.369712524999999,99.47097236091355
Saline+IAV+NTHi,Spleen,144,Ly6C- NK cells,2.44905365,2.32948575,2.1256729749999996,2.72882735,105.13280237923756
Saline+IAV+NTHi,Spleen,144,Ly6C-CD8+ T-cells,4.531883566666667,4.90506765,4.097190100000001,5.180308849999999,92.39186673942544
Saline+IAV+NTHi,Spleen,144,Monocytes,0.3687872833333333,0.42162725,0.2606470249999999,0.45785059999999994,87.467611102777
Saline+IAV+NTHi,Spleen,144,Neutrophils,3.4112247499999997,3.9033927499999996,1.7908612000000002,4.0862555249999994,87.39127647352421
Saline+IAV+NTHi,Spleen,144,Unknown Myeloid,0.8413548833333333,0.8217856499999999,0.774363525,0.8570352,102.38130628507973
Saline+IAV+NTHi,Spleen,144,cDC1,0.4950348,0.47433270000000005,0.442831875,0.5714486249999999,104.36446823084302
Saline+IAV+NTHi,Spleen,144,cDC2,0.79718285,0.8036934499999999,0.768136575,0.8780934250000001,99.18991501050557
Saline+IAV+NTHi,Spleen,144,moDCs,0.020346635000000002,0.0177533,0.012192825000000001,0.027659424999999998,114.60762224487844
Saline+IAV+NTHi,Spleen,144,pDCs,0.5130465,0.51283705,0.47304765000000004,0.565351625,100.04084143296588
Saline+NTHi,Lung,2,B-cells,32.09550323333333,30.887291250000004,29.915435675,35.858729724999996,103.9116799642744
Saline+NTHi,Lung,2,CD103+CD4+ T-cells,0.8390452333333333,0.8826697000000001,0.7933665,0.92045645,95.0576680420018
Saline+NTHi,Lung,2,CD206+ Macrophages,0.5884375333333333,0.5088656500000001,0.413753475,0.727390925,115.63711037153584
Saline+NTHi,Lung,2,CD4+ T-cells,23.58138215,23.34743985,20.964842425,25.08648245,101.00200408054589
Saline+NTHi,Lung,2,CD64+MHCII- Macrophages,0.07145113333333333,0.06713055,0.033922325,0.0706687,106.43609106931693
Saline+NTHi,Lung,2,Drop,9.47607835,9.048294000000002,8.497021825000001,10.279646675,104.7277901226463
Saline+NTHi,Lung,2,Ly6C(hi)CD64(hi) Monocytes,1.0636585666666667,0.9391805499999999,0.8178777500000002,1.372522875,113.25389635322696
Saline+NTHi,Lung,2,Ly6C+ NK cells,5.212827066666667,5.2589152,5.10647285,5.679766874999999,99.12361900543037
Saline+NTHi,Lung,2,Ly6C+CD8+ T-cells,5.610262783333334,5.88493495,5.574289375,6.023657350000001,95.33262187262298
Saline+NTHi,Lung,2,Ly6C- NK cells,5.858991049999999,5.5570256,4.8699909749999994,6.3180649749999995,105.43394023594203
Saline+NTHi,Lung,2,Ly6C-CD8+ T-cells,5.372282233333333,5.43551365,4.302199975000001,6.3680545,98.83669841089137
Saline+NTHi,Lung,2,Monocytes,0.7941669666666666,0.7150534,0.692352725,0.9170943,111.06400817990189
Saline+NTHi,Lung,2,Neutrophils,0.9906895166666667,0.91974445,0.601427025,1.413917225,107.7135628996366
Saline+NTHi,Lung,2,Unknown Myeloid,4.1472768166666665,4.0611517,3.6150899499999998,4.631655025000001,102.12070671151403
Saline+NTHi,Lung,2,cDC1,0.38062335,0.39524060000000005,0.3533636,0.427215575,96.30168307608074
Saline+NTHi,Lung,2,cDC2,0.15289203333333334,0.14741715,0.12973175,0.161257675,103.71387137340082
Saline+NTHi,Lung,2,moDCs,3.3928579666666665,2.9940537,2.65835775,4.360580625,113.3198768835264
Saline+NTHi,Lung,2,pDCs,0.3715739666666667,0.37946265,0.299948,0.4347847,97.92109096024778
Saline+NTHi,Lung,6,B-cells,31.270147233333333,32.4725239,25.6634594,38.30673735,96.29724911322133
Saline+NTHi,Lung,6,CD103+CD4+ T-cells,0.7643137,0.78082065,0.6455346500000001,0.9287658249999999,97.88594858499195
Saline+NTHi,Lung,6,CD206+ Macrophages,0.46995960000000003,0.43159775,0.385470125,0.5874527,108.88833410276119
Saline+NTHi,Lung,6,CD4+ T-cells,23.77353925,23.17547265,19.337344925,28.256252049999997,102.5806015222736
Saline+NTHi,Lung,6,CD64+MHCII- Macrophages,0.04868758333333333,0.02633195,0.02090655,0.0820276,184.89927002494434
Saline+NTHi,Lung,6,Drop,6.709000133333333,8.0865462,4.7778868249999995,8.231506975,82.96496387213286
Saline+NTHi,Lung,6,Ly6C(hi)CD64(hi) Monocytes,1.2761659833333332,1.1338869,0.549678025,1.947396575,112.54790784983344
Saline+NTHi,Lung,6,Ly6C+ NK cells,4.953004366666666,4.434502749999999,3.6290140750000006,5.945187024999999,111.69244097698817
Saline+NTHi,Lung,6,Ly6C+CD8+ T-cells,6.009345383333334,6.1193613,5.485195975000001,6.583086424999999,98.20216667601133
Saline+NTHi,Lung,6,Ly6C- NK cells,6.14979345,5.4809673000000005,4.10868665,7.824185125,112.20270279663956
Saline+NTHi,Lung,6,Ly6C-CD8+ T-cells,6.468324966666667,5.6561684,4.42211755,6.31689465,114.35877628160198
Saline+NTHi,Lung,6,Monocytes,0.70850235,0.67770495,0.48239535000000006,0.841016925,104.54436698448195
Saline+NTHi,Lung,6,Neutrophils,3.980976233333334,0.38843269999999996,0.16727782500000002,7.839879625,1024.881847829324
Saline+NTHi,Lung,6,Unknown Myeloid,4.201954166666667,4.0775801000000005,3.949375725,4.6049584,103.05019309532794
Saline+NTHi,Lung,6,cDC1,0.3688635333333333,0.31176675,0.286253825,0.3681223,118.31394250135186
Saline+NTHi,Lung,6,cDC2,0.11902853333333333,0.12085425000000001,0.0969438,0.1452906,98.48932357226438
Saline+NTHi,Lung,6,moDCs,2.3585569833333335,2.32007485,1.901415825,2.8842733249999997,101.65865913047303
Saline+NTHi,Lung,6,pDCs,0.3698366166666667,0.36669095,0.284767675,0.42708337500000004,100.85785227769233
Saline+NTHi,Lung,24,B-cells,39.61989173333333,39.329992950000005,36.30897207499999,40.773410725000005,100.73709340274195
Saline+NTHi,Lung,24,CD103+CD4+ T-cells,0.6437749833333334,0.6614938499999999,0.5816296249999999,0.69158035,97.32138603153052
Saline+NTHi,Lung,24,CD206+ Macrophages,0.69175905,0.51329075,0.447514975,0.845483325,134.7694362308302
Saline+NTHi,Lung,24,CD4+ T-cells,20.929220666666666,20.7861869,20.3252424,22.1856631,100.68811931382501
Saline+NTHi,Lung,24,CD64+MHCII- Macrophages,0.10143413333333334,0.0777026,0.048176875,0.149038875,130.54149196208795
Saline+NTHi,Lung,24,Drop,5.2326847333333335,5.05110525,4.465648849999999,5.372005225,103.59484656023221
Saline+NTHi,Lung,24,Ly6C(hi)CD64(hi) Monocytes,1.69680465,1.5753871499999998,1.1616751749999998,2.0865282499999998,107.70715312740747
Saline+NTHi,Lung,24,Ly6C+ NK cells,4.3725973,4.4611845,3.810285075,4.790628450000001,98.01426728708485
Saline+NTHi,Lung,24,Ly6C+CD8+ T-cells,5.6297677833333335,5.71795555,5.20234115,6.072687825,98.45770457822698
Saline+NTHi,Lung,24,Ly6C- NK cells,5.5390763000000005,5.962629,4.663185725000001,6.311452525,92.89654446050561
Saline+NTHi,Lung,24,Ly6C-CD8+ T-cells,4.99354155,4.94660715,4.714333325,5.281024,100.94882004122765
Saline+NTHi,Lung,24,Monocytes,1.4284288333333335,1.39881285,1.094567475,1.7064884249999999,102.11722271019555
Saline+NTHi,Lung,24,Neutrophils,1.1080260833333335,0.61772425,0.508796475,1.5058553000000001,179.37228194187514
Saline+NTHi,Lung,24,Unknown Myeloid,4.6697877,4.7247484,4.196475975,5.137664675,98.83674864041436
Saline+NTHi,Lung,24,cDC1,0.4079718166666667,0.33106630000000004,0.28006777499999996,0.542584325,123.22964211901564
Saline+NTHi,Lung,24,cDC2,0.12341338333333335,0.1220418,0.114239525,0.125697475,101.12386357242629
Saline+NTHi,Lung,24,moDCs,2.2186364,1.9396753500000004,1.252831475,2.582260975,114.38184230159956
Saline+NTHi,Lung,24,pDCs,0.5931829333333334,0.53745865,0.47656950000000003,0.6764195000000001,110.36810614794894
Saline+NTHi,Lung,48,B-cells,42.76386206666667,44.18482315,41.844275975,45.0863436,96.78405166744832
Saline+NTHi,Lung,48,CD103+CD4+ T-cells,0.6273677833333333,0.61517685,0.50983385,0.7284517,101.98169572429998
Saline+NTHi,Lung,48,CD206+ Macrophages,0.5173842666666667,0.5561325,0.42961484999999994,0.592672275,93.03255369298982
Saline+NTHi,Lung,48,CD4+ T-cells,18.18969095,17.43487085,16.387629625,20.045438700000002,104.3293701828597
Saline+NTHi,Lung,48,CD64+MHCII- Macrophages,0.0835521,0.0886314,0.0517166,0.1099231,94.26918676676664
Saline+NTHi,Lung,48,Drop,7.130608116666666,7.056668199999999,6.778802300000001,7.5646149750000005,101.04780208692068
Saline+NTHi,Lung,48,Ly6C(hi)CD64(hi) Monocytes,1.5378424333333334,1.5467617,1.299898175,1.6966425,99.4233587069898
Saline+NTHi,Lung,48,Ly6C+ NK cells,3.96803255,3.58449105,3.571603575,4.619611875,110.70002671648463
Saline+NTHi,Lung,48,Ly6C+CD8+ T-cells,5.470569083333333,5.1463041,5.05703705,5.71066015,106.30092930834255
Saline+NTHi,Lung,48,Ly6C- NK cells,4.9068860333333335,4.72382705,4.527353574999999,5.1680775,103.87522619680442
Saline+NTHi,Lung,48,Ly6C-CD8+ T-cells,3.9291304166666667,3.9221150499999995,3.3132536249999998,4.799428925,100.17886692708484
Saline+NTHi,Lung,48,Monocytes,1.2390586166666666,1.2710525000000001,1.1307593500000002,1.36046055,97.48288262417692
Saline+NTHi,Lung,48,Neutrophils,2.4412509499999997,2.29709475,1.3317933,3.027299475,106.27558789205365
Saline+NTHi,Lung,48,Unknown Myeloid,4.435107566666667,4.60084375,4.551301625000001,4.729843275,96.39770024067144
Saline+NTHi,Lung,48,cDC1,0.408751,0.3950348,0.3602867,0.45222597500000006,103.47214979541042
Saline+NTHi,Lung,48,cDC2,0.14495528333333332,0.15065479999999998,0.1327778,0.156608825,96.21683698981602
Saline+NTHi,Lung,48,moDCs,1.7533540333333333,1.8743788000000001,1.385571525,2.0127464,93.54320659907876
Saline+NTHi,Lung,48,pDCs,0.4525968166666667,0.45336385,0.40289442499999994,0.4993926,99.83081285961963
Saline+NTHi,Lung,72,B-cells,43.93646385,44.435012949999994,40.1486699,47.839313775,98.87802643253198
Saline+NTHi,Lung,72,CD103+CD4+ T-cells,0.7351787166666667,0.71883995,0.6829215750000001,0.8059137250000001,102.27293525723864
Saline+NTHi,Lung,72,CD206+ Macrophages,0.3201843166666667,0.3176733,0.2946759,0.354748725,100.79043994779124
Saline+NTHi,Lung,72,CD4+ T-cells,19.46296245,18.323021049999998,16.201284575,21.023444325,106.22136162420664
Saline+NTHi,Lung,72,CD64+MHCII- Macrophages,0.048609400000000004,0.0476654,0.031451074999999995,0.06448775000000001,101.9804722083524
Saline+NTHi,Lung,72,Drop,6.106515816666667,4.8565507,4.208568125,7.883909999999999,125.73771373717291
Saline+NTHi,Lung,72,Ly6C(hi)CD64(hi) Monocytes,2.2534410666666664,2.45111835,1.853012825,2.560535425,91.93522078061497
Saline+NTHi,Lung,72,Ly6C+ NK cells,4.0050910166666664,4.288905199999999,2.967343725,4.464839274999999,93.38259602162965
Saline+NTHi,Lung,72,Ly6C+CD8+ T-cells,5.0737128,5.2070250499999995,4.91252265,5.590548849999999,97.4397616927155
Saline+NTHi,Lung,72,Ly6C- NK cells,5.199068016666667,5.1472315,4.375402224999999,6.212080975000001,101.00707568071626
Saline+NTHi,Lung,72,Ly6C-CD8+ T-cells,4.4687978500000005,4.3311473000000005,3.5897883000000004,5.297310625,103.17815443496923
Saline+NTHi,Lung,72,Monocytes,1.1016656666666669,0.9940465500000001,0.9362752,1.11036305,110.82636589470249
Saline+NTHi,Lung,72,Neutrophils,0.72663635,0.6900909000000001,0.465031225,0.855244025,105.2957443722269
Saline+NTHi,Lung,72,Unknown Myeloid,4.189811133333333,3.5787786500000003,3.257543525000001,5.16464045,117.07377133630025
Saline+NTHi,Lung,72,cDC1,0.2951427833333333,0.29027295000000003,0.282399175,0.32867015,101.67767383537918
Saline+NTHi,Lung,72,cDC2,0.10788753333333334,0.11379070000000001,0.09481310000000001,0.13024395,94.81225911549303
Saline+NTHi,Lung,72,moDCs,1.4602313,1.2862334,1.154504,1.431011525,113.52770811269556
Saline+NTHi,Lung,72,pDCs,0.5086000333333334,0.5192113,0.40748502499999995,0.564360375,97.95627200974504
Saline+NTHi,Lung,96,B-cells,42.8653409,42.7090484,40.825341075000004,45.85068835,100.36594704367144
Saline+NTHi,Lung,96,CD103+CD4+ T-cells,0.7277528666666666,0.74361635,0.6931800499999999,0.7786334,97.8667113312754
Saline+NTHi,Lung,96,CD206+ Macrophages,0.4884416,0.44706745000000003,0.39872564999999993,0.51456485,109.25456550236434
Saline+NTHi,Lung,96,CD4+ T-cells,19.2936822,19.352376500000002,17.83771385,20.8557473,99.69670753356829
Saline+NTHi,Lung,96,CD64+MHCII- Macrophages,0.06360293333333333,0.06177095,0.044597575,0.08417835,102.96576842890279
Saline+NTHi,Lung,96,Drop,4.6741676000000005,4.695280100000001,4.251061,5.209187850000001,99.55034631480238
Saline+NTHi,Lung,96,Ly6C(hi)CD64(hi) Monocytes,1.9950738833333332,1.8539199999999998,1.4998377999999999,2.5001002000000003,107.61380660078825
Saline+NTHi,Lung,96,Ly6C+ NK cells,4.9414292,4.986454849999999,4.079187699999999,6.115595999999999,99.09704085659175
Saline+NTHi,Lung,96,Ly6C+CD8+ T-cells,5.818538733333334,5.84715375,5.110857925,6.378324425,99.51061631196774
Saline+NTHi,Lung,96,Ly6C- NK cells,5.8271306,5.7468322,4.78257565,6.968755075000001,101.3972636959889
Saline+NTHi,Lung,96,Ly6C-CD8+ T-cells,4.6296216,4.30572285,3.4918687000000004,5.281396325,107.52251738636637
Saline+NTHi,Lung,96,Monocytes,1.3095526833333333,1.27562365,1.04783615,1.47354885,102.65979964649709
Saline+NTHi,Lung,96,Neutrophils,0.9001183500000001,0.8397355000000001,0.666596825,0.9639093750000001,107.19069873787639
Saline+NTHi,Lung,96,Unknown Myeloid,3.906047916666667,3.8036443500000003,3.3306445499999997,4.3717914,102.69224872895035
Saline+NTHi,Lung,96,cDC1,0.3394561,0.34231605,0.26888799999999996,0.360111725,99.16452938738922
Saline+NTHi,Lung,96,cDC2,0.12325146666666666,0.1273573,0.10387924999999999,0.138411075,96.77613035661611
Saline+NTHi,Lung,96,moDCs,1.5116704666666667,1.36446785,1.02741665,1.9885673,110.78828032970264
Saline+NTHi,Lung,96,pDCs,0.5851208666666666,0.6270324,0.567345725,0.67609885,93.31589032188235
Saline+NTHi,Lung,144,B-cells,36.65959708333333,35.9336613,33.633299725,39.828070100000005,102.02021101404807
Saline+NTHi,Lung,144,CD103+CD4+ T-cells,1.0135462,1.00406265,0.8093403000000001,1.033154475,100.94451775494286
Saline+NTHi,Lung,144,CD206+ Macrophages,0.5319132166666667,0.49288760000000004,0.46153917499999997,0.6038770250000001,107.91775176869263
Saline+NTHi,Lung,144,CD4+ T-cells,17.977510933333335,17.07196335,15.924311699999999,19.2907206,105.30429666915455
Saline+NTHi,Lung,144,CD64+MHCII- Macrophages,0.10676281666666668,0.08575335,0.064932575,0.15762505,124.49987862476122
Saline+NTHi,Lung,144,Drop,6.886733716666667,6.22322425,6.10996255,6.255097675,110.66182801731219
Saline+NTHi,Lung,144,Ly6C(hi)CD64(hi) Monocytes,1.8526787833333336,1.8204731500000002,1.6336282,2.0369069500000005,101.76908038074242
Saline+NTHi,Lung,144,Ly6C+ NK cells,5.272434083333334,5.407960500000001,5.117659874999999,5.960036025,97.49394588465158
Saline+NTHi,Lung,144,Ly6C+CD8+ T-cells,6.2801675333333336,6.09476785,5.9461229499999995,6.723245575,103.04194823980595
Saline+NTHi,Lung,144,Ly6C- NK cells,5.927062733333333,5.77708785,5.7185375,6.180109675,102.59602912795125
Saline+NTHi,Lung,144,Ly6C-CD8+ T-cells,4.700634483333333,4.5171178,3.806992475,5.28913965,104.06269421030669
Saline+NTHi,Lung,144,Monocytes,1.7598277833333331,1.7457613,1.19927395,2.1104923,100.8057506678223
Saline+NTHi,Lung,144,Neutrophils,3.0891568166666663,3.5400348999999998,2.0195133249999997,3.833172175,87.26345654577209
Saline+NTHi,Lung,144,Unknown Myeloid,4.619366483333334,4.55946255,4.23629805,5.163988725,101.31383759985778
Saline+NTHi,Lung,144,cDC1,0.49151801666666667,0.47209835000000006,0.46642372499999996,0.491918575,104.1134790381425
Saline+NTHi,Lung,144,cDC2,0.12108671666666666,0.10852275,0.096074075,0.11947457500000001,111.5772652892289
Saline+NTHi,Lung,144,moDCs,1.9127142833333333,2.1311342,1.5362125249999998,2.375643575,89.75100128998602
Saline+NTHi,Lung,144,pDCs,0.7972882833333333,0.76355125,0.70513655,0.911497425,104.41843731292867
Saline+NTHi,Nasal Tissue,2,B-cells,58.093123266666666,58.24281140000001,52.186843800000005,62.893733875,99.74299294670837
Saline+NTHi,Nasal Tissue,2,CD103+CD4+ T-cells,0.39258048333333334,0.37296255,0.312840475,0.46687707500000003,105.26002767123224
Saline+NTHi,Nasal Tissue,2,CD206+ Macrophages,2.1675279499999998,2.0046924,1.662066425,2.5013404,108.12271997439605
Saline+NTHi,Nasal Tissue,2,CD4+ T-cells,2.7664519333333337,2.5987135,1.423561875,4.111755274999999,106.45467202649826
Saline+NTHi,Nasal Tissue,2,CD64+MHCII- Macrophages,0.37790465,0.37072325,0.295939825,0.46191045,101.93713234872644
Saline+NTHi,Nasal Tissue,2,Drop,5.967591633333333,5.94037545,5.65337135,6.4659184,100.4581559459063
Saline+NTHi,Nasal Tissue,2,Ly6C(hi)CD64(hi) Monocytes,4.374698966666666,4.3948506499999995,3.7138484,4.8069389750000004,99.54147057685945
Saline+NTHi,Nasal Tissue,2,Ly6C+ NK cells,0.4750884,0.4183486,0.39541857499999994,0.48109102499999995,113.5628038434932
Saline+NTHi,Nasal Tissue,2,Ly6C+CD8+ T-cells,0.5925104333333333,0.46971145000000003,0.353402375,0.835321575,126.14349369880877
Saline+NTHi,Nasal Tissue,2,Ly6C- NK cells,1.7466995666666665,1.7264482499999998,1.4783387749999999,2.043867325,101.1730045581538
Saline+NTHi,Nasal Tissue,2,Ly6C-CD8+ T-cells,0.5603036,0.507051,0.35909189999999996,0.68115015,110.50241494445332
Saline+NTHi,Nasal Tissue,2,Monocytes,1.8771275333333333,2.0369541,1.7614984,2.2267537249999996,92.15364908484356
Saline+NTHi,Nasal Tissue,2,Neutrophils,15.759914466666666,14.97890285,9.5747623,21.859422000000002,105.21407758957903
Saline+NTHi,Nasal Tissue,2,Unknown Myeloid,3.1298543166666666,2.89923105,2.6091192999999997,3.452116325,107.95463564956876
Saline+NTHi,Nasal Tissue,2,cDC1,0.09954809999999999,0.0821315,0.0735151,0.1216434,121.20574931664463
Saline+NTHi,Nasal Tissue,2,cDC2,0.07215453333333334,0.061681049999999994,0.06130285,0.080070125,116.9800665412365
Saline+NTHi,Nasal Tissue,2,moDCs,0.02812758,0.027178100000000004,0.024476800000000003,0.0344738,103.49354811410656
Saline+NTHi,Nasal Tissue,2,pDCs,1.5234804666666668,1.5283664,1.385023875,1.6281069249999998,99.68031662215728
Saline+NTHi,Nasal Tissue,6,B-cells,51.129953783333335,52.55453575,47.139572400000006,55.37653842500001,97.2893263229584
Saline+NTHi,Nasal Tissue,6,CD103+CD4+ T-cells,0.3048637833333333,0.2949205,0.20793299999999998,0.355073825,103.3715131139861
Saline+NTHi,Nasal Tissue,6,CD206+ Macrophages,1.24622115,1.1967109,0.904423375,1.6099054000000002,104.137193870299
Saline+NTHi,Nasal Tissue,6,CD4+ T-cells,1.23493495,1.1590474,0.71232735,1.59986615,106.54740694815415
Saline+NTHi,Nasal Tissue,6,CD64+MHCII- Macrophages,0.21531833333333336,0.1818543,0.12242410000000001,0.27855867500000003,118.40156286287065
Saline+NTHi,Nasal Tissue,6,Drop,5.453821566666667,5.2263261000000005,5.1492942,5.455367925,104.35287546765721
Saline+NTHi,Nasal Tissue,6,Ly6C(hi)CD64(hi) Monocytes,4.646436966666666,4.6176847,4.484914874999999,4.843026275,100.62265547638336
Saline+NTHi,Nasal Tissue,6,Ly6C+ NK cells,0.4612397333333333,0.431871,0.3921005,0.4999828750000001,106.80034856087426
Saline+NTHi,Nasal Tissue,6,Ly6C+CD8+ T-cells,0.42513795000000004,0.3834202,0.36787844999999997,0.44928290000000004,110.88042570527064
Saline+NTHi,Nasal Tissue,6,Ly6C- NK cells,1.9569631,1.9106712499999998,1.5158068,1.981688475,102.42280559777095
Saline+NTHi,Nasal Tissue,6,Ly6C-CD8+ T-cells,0.304234,0.31731175,0.21226632500000003,0.352032975,95.87857997694697
Saline+NTHi,Nasal Tissue,6,Monocytes,1.8484345999999998,1.86101115,1.55684905,2.1375452,99.32420877757771
Saline+NTHi,Nasal Tissue,6,Neutrophils,25.365574083333332,21.7415776,19.127338124999998,31.425069575,116.66850745611639
Saline+NTHi,Nasal Tissue,6,Unknown Myeloid,3.5564328499999998,3.7307462,2.9646272750000002,4.049646350000001,95.32765455875824
Saline+NTHi,Nasal Tissue,6,cDC1,0.07161038333333333,0.07076785,0.06573419999999999,0.088723175,101.1905594607344
Saline+NTHi,Nasal Tissue,6,cDC2,0.04684275,0.04716715,0.04279725,0.050371775,99.31223319619694
Saline+NTHi,Nasal Tissue,6,moDCs,0.027199921666666668,0.02427685,0.012187124999999998,0.0370199,112.04057225985524
Saline+NTHi,Nasal Tissue,6,pDCs,1.7047800666666664,1.6693011,1.407454625,1.8989629000000001,102.12537849922141
Saline+NTHi,Nasal Tissue,24,B-cells,55.50452541666666,55.04391629999999,52.623879875,56.434745875000004,100.83680295231221
Saline+NTHi,Nasal Tissue,24,CD103+CD4+ T-cells,0.40144710000000006,0.3828629,0.176286675,0.591221725,104.85400909829603
Saline+NTHi,Nasal Tissue,24,CD206+ Macrophages,2.1285976833333335,2.11062445,1.76336255,2.2888310250000004,100.85155998895652
Saline+NTHi,Nasal Tissue,24,CD4+ T-cells,1.3355915166666665,1.0804683499999999,0.9182771499999999,1.6234930500000002,123.61227579379504
Saline+NTHi,Nasal Tissue,24,CD64+MHCII- Macrophages,0.5109668166666667,0.45956695,0.33362805,0.518229425,111.18441321045098
Saline+NTHi,Nasal Tissue,24,Drop,5.843217283333333,5.88176415,5.427333075,6.4069822499999995,99.34463766850176
Saline+NTHi,Nasal Tissue,24,Ly6C(hi)CD64(hi) Monocytes,4.437311766666666,4.288642199999999,3.684992425,4.951617124999999,103.46658825179371
Saline+NTHi,Nasal Tissue,24,Ly6C+ NK cells,0.41217146666666665,0.38420055,0.31229055,0.51177015,107.28029063640506
Saline+NTHi,Nasal Tissue,24,Ly6C+CD8+ T-cells,0.2871337666666667,0.28359005000000004,0.265268625,0.322087675,101.24959132616486
Saline+NTHi,Nasal Tissue,24,Ly6C- NK cells,1.8071520333333333,1.69653245,1.56114225,2.123017525,106.52033406925598
Saline+NTHi,Nasal Tissue,24,Ly6C-CD8+ T-cells,0.23295181666666667,0.1828687,0.151537825,0.2667346,127.38747345317525
Saline+NTHi,Nasal Tissue,24,Monocytes,2.0020677333333334,1.9538584,1.67508095,2.3450628,102.46739135923737
Saline+NTHi,Nasal Tissue,24,Neutrophils,19.057719633333335,21.1598929,17.164486275,22.4520485,90.06529344642068
Saline+NTHi,Nasal Tissue,24,Unknown Myeloid,4.08795195,3.86593425,3.2548131499999995,4.702099675,105.74292488290509
Saline+NTHi,Nasal Tissue,24,cDC1,0.13710356666666665,0.16459464999999998,0.08600859999999999,0.1763602,83.29770540334492
Saline+NTHi,Nasal Tissue,24,cDC2,0.07999096666666666,0.07207505,0.058390899999999996,0.1015548,110.9828805761032
Saline+NTHi,Nasal Tissue,24,moDCs,0.041298536,0.028556,0.014349299999999999,0.0778903,144.62297240509875
Saline+NTHi,Nasal Tissue,24,pDCs,1.6996839833333333,1.77616705,1.4541290500000001,1.9900243000000002,95.69392604897908
Saline+NTHi,Nasal Tissue,48,B-cells,52.93730173333333,52.686996500000006,47.013144825000005,58.774443175,100.47507971598517
Saline+NTHi,Nasal Tissue,48,CD103+CD4+ T-cells,0.33092001666666665,0.19146575,0.175746925,0.428525775,172.83509800926103
Saline+NTHi,Nasal Tissue,48,CD206+ Macrophages,1.6549041333333334,1.6276139499999998,0.775404375,2.20258145,101.67669878556482
Saline+NTHi,Nasal Tissue,48,CD4+ T-cells,1.54972815,1.03736045,0.828972775,1.4967605250000002,149.39148200608574
Saline+NTHi,Nasal Tissue,48,CD64+MHCII- Macrophages,0.3604286,0.2667818,0.15624807500000001,0.40897295,135.10239454115685
Saline+NTHi,Nasal Tissue,48,Drop,5.649934783333333,5.850149200000001,5.262479775,5.98725515,96.57761862438197
Saline+NTHi,Nasal Tissue,48,Ly6C(hi)CD64(hi) Monocytes,4.036370033333333,3.7342443500000004,3.443642225,4.553613275,108.09067792613338
Saline+NTHi,Nasal Tissue,48,Ly6C+ NK cells,0.36292016666666665,0.36261794999999997,0.23597164999999998,0.45161995,100.0833429968557
Saline+NTHi,Nasal Tissue,48,Ly6C+CD8+ T-cells,0.37311723333333335,0.32738275,0.2070119,0.413110575,113.96972911166925
Saline+NTHi,Nasal Tissue,48,Ly6C- NK cells,1.6133840833333333,1.52389895,1.3275625249999998,1.8608828750000002,105.87211726429324
Saline+NTHi,Nasal Tissue,48,Ly6C-CD8+ T-cells,0.30959576666666666,0.22271345,0.1394762,0.2850569,139.01080813335102
Saline+NTHi,Nasal Tissue,48,Monocytes,2.5375334,2.37732535,2.165685475,2.828968675,106.7390039819329
Saline+NTHi,Nasal Tissue,48,Neutrophils,23.153944983333332,22.314383799999998,19.6115092,26.731012225,103.76242154324393
Saline+NTHi,Nasal Tissue,48,Unknown Myeloid,3.4709973666666665,3.2504293000000004,2.4960705,4.655388725,106.7858133898395
Saline+NTHi,Nasal Tissue,48,cDC1,0.09791765,0.0815955,0.06676262499999999,0.118751825,120.00373795123505
Saline+NTHi,Nasal Tissue,48,cDC2,0.062341916666666664,0.049994899999999995,0.0443271,0.07655425,124.69655238167627
Saline+NTHi,Nasal Tissue,48,moDCs,0.014530396,0.0120062,0.011093,0.0139704,121.02410421282337
Saline+NTHi,Nasal Tissue,48,pDCs,1.4865513666666668,1.42412845,1.3756592,1.599869475,104.38323640445964
Saline+NTHi,Nasal Tissue,72,B-cells,55.17354759999999,54.843636,53.36261077499999,55.474028325,100.60154946692448
Saline+NTHi,Nasal Tissue,72,CD103+CD4+ T-cells,0.3236838,0.32524074999999997,0.27794727500000005,0.388433325,99.52129307290063
Saline+NTHi,Nasal Tissue,72,CD206+ Macrophages,1.4168580666666666,1.3635103499999999,1.247671425,1.4495613749999998,103.91252744555013
Saline+NTHi,Nasal Tissue,72,CD4+ T-cells,1.1301589333333335,0.960098,0.7913233000000001,1.379942475,117.7128723665015
Saline+NTHi,Nasal Tissue,72,CD64+MHCII- Macrophages,0.2973305,0.2832605,0.23581977499999998,0.340227275,104.96715920504269
Saline+NTHi,Nasal Tissue,72,Drop,5.5305825833333335,5.29819015,5.137842325,5.994880299999999,104.38626071835746
Saline+NTHi,Nasal Tissue,72,Ly6C(hi)CD64(hi) Monocytes,4.607180166666667,4.7141686,4.356068075,5.26557375,97.73049200375793
Saline+NTHi,Nasal Tissue,72,Ly6C+ NK cells,0.3786343833333333,0.3647694,0.34409565,0.430805625,103.80102698673007
Saline+NTHi,Nasal Tissue,72,Ly6C+CD8+ T-cells,0.32337485,0.3051987,0.2587074,0.40733295,105.95551357197786
Saline+NTHi,Nasal Tissue,72,Ly6C- NK cells,1.4752699833333334,1.55913985,1.4264211749999998,1.6709942750000002,94.6207605003062
Saline+NTHi,Nasal Tissue,72,Ly6C-CD8+ T-cells,0.27791746666666667,0.2847754,0.20772315000000002,0.35341475,97.59180977944958
Saline+NTHi,Nasal Tissue,72,Monocytes,1.9653878,1.9643498500000003,1.6237024000000002,2.1465994,100.05283936565574
Saline+NTHi,Nasal Tissue,72,Neutrophils,21.170187283333334,21.6113675,19.000858349999998,23.823952975,97.95857334494606
Saline+NTHi,Nasal Tissue,72,Unknown Myeloid,4.35170655,4.16658465,3.4925816750000003,4.905066174999999,104.44301305626902
Saline+NTHi,Nasal Tissue,72,cDC1,0.11379310000000001,0.12526985000000002,0.103034225,0.1328213,90.83837810933755
Saline+NTHi,Nasal Tissue,72,cDC2,0.059289666666666664,0.05635015000000001,0.040498675,0.05733730000000001,105.21651968391683
Saline+NTHi,Nasal Tissue,72,moDCs,0.004511265,0.0043246149999999995,0.0032540774999999995,0.0055818025,104.31599113447095
Saline+NTHi,Nasal Tissue,72,pDCs,1.4020897333333333,1.4229496,1.272079825,1.6491753249999999,98.53404037172739
Saline+NTHi,Nasal Tissue,96,B-cells,48.7446818,49.1343092,48.42418872499999,49.93232795,99.20701561425433
Saline+NTHi,Nasal Tissue,96,CD103+CD4+ T-cells,0.42141846666666666,0.39147755,0.265365475,0.471285225,107.64818229465946
Saline+NTHi,Nasal Tissue,96,CD206+ Macrophages,1.8394165166666667,1.9340161000000002,1.41690555,2.423124875,95.10864551058631
Saline+NTHi,Nasal Tissue,96,CD4+ T-cells,1.5680822333333333,1.4836751000000001,1.181402025,1.671074125,105.68905775485031
Saline+NTHi,Nasal Tissue,96,CD64+MHCII- Macrophages,0.3271719,0.37497759999999997,0.18886955,0.38187435000000003,87.25105179616064
Saline+NTHi,Nasal Tissue,96,Drop,5.6480253000000005,5.7712948,5.292434,5.912114775000001,97.86409282021083
Saline+NTHi,Nasal Tissue,96,Ly6C(hi)CD64(hi) Monocytes,5.106317333333334,5.11462715,4.793355249999999,5.499294375,99.8375283980052
Saline+NTHi,Nasal Tissue,96,Ly6C+ NK cells,0.41280358333333333,0.4381051,0.39343894999999995,0.45311250000000003,94.2247838094862
Saline+NTHi,Nasal Tissue,96,Ly6C+CD8+ T-cells,0.42449901666666673,0.41295430000000005,0.383491725,0.507524675,102.79564026011272
Saline+NTHi,Nasal Tissue,96,Ly6C- NK cells,1.8064438333333332,1.8053454,1.5490287249999999,2.053922525,100.06084338948841
Saline+NTHi,Nasal Tissue,96,Ly6C-CD8+ T-cells,0.3484849,0.328928,0.29660502499999997,0.393056375,105.94564767973537
Saline+NTHi,Nasal Tissue,96,Monocytes,2.7490786166666665,2.6700120000000003,2.443995925,2.9790959,102.96128319523157
Saline+NTHi,Nasal Tissue,96,Neutrophils,24.666205066666667,23.6293369,23.29984465,26.938005399999998,104.38805443866124
Saline+NTHi,Nasal Tissue,96,Unknown Myeloid,4.0484178,4.484524650000001,3.18660285,4.8989676,90.27529372594707
Saline+NTHi,Nasal Tissue,96,cDC1,0.10011298333333332,0.09245914999999999,0.06278515,0.12159555000000001,108.27807018919526
Saline+NTHi,Nasal Tissue,96,cDC2,0.06592046666666666,0.0624555,0.058330200000000006,0.07930875,105.54789676916631
Saline+NTHi,Nasal Tissue,96,moDCs,0.007682339999999999,0.00561199,0.00549541,0.005665399999999999,136.8915482743198
Saline+NTHi,Nasal Tissue,96,pDCs,1.7165182166666668,1.76953885,1.38991895,2.0010595500000004,97.0037033471555
Saline+NTHi,Nasal Tissue,144,B-cells,38.74809573333333,39.26109135,35.8451705,42.579386725,98.69337402749842
Saline+NTHi,Nasal Tissue,144,CD103+CD4+ T-cells,0.6228115833333333,0.43748935,0.41025112499999994,0.74688695,142.36039879218393
Saline+NTHi,Nasal Tissue,144,CD206+ Macrophages,1.27066705,1.1294871,0.746118925,1.780701875,112.49947431891873
Saline+NTHi,Nasal Tissue,144,CD4+ T-cells,2.4589192666666664,1.67327605,1.084971925,3.0451935999999997,146.95239716522963
Saline+NTHi,Nasal Tissue,144,CD64+MHCII- Macrophages,0.28358300000000003,0.22761385,0.1202983,0.3493774,124.5895186079406
Saline+NTHi,Nasal Tissue,144,Drop,6.558017133333334,6.888545600000001,6.0594352,6.940722675,95.20176702224825
Saline+NTHi,Nasal Tissue,144,Ly6C(hi)CD64(hi) Monocytes,5.027845,4.891636800000001,4.604194975,5.988165275,102.78451172008518
Saline+NTHi,Nasal Tissue,144,Ly6C+ NK cells,0.49283508333333337,0.42998145000000004,0.40140790000000004,0.5571661250000001,114.61775463414372
Saline+NTHi,Nasal Tissue,144,Ly6C+CD8+ T-cells,0.54547585,0.53309485,0.42251582499999996,0.597756325,102.3224760096632
Saline+NTHi,Nasal Tissue,144,Ly6C- NK cells,1.7525045499999998,1.87003125,1.573663075,1.9144086500000002,93.7152547584432
Saline+NTHi,Nasal Tissue,144,Ly6C-CD8+ T-cells,0.5234549666666666,0.37035495,0.350512475,0.60912535,141.33872563784192
Saline+NTHi,Nasal Tissue,144,Monocytes,4.47031925,4.0932536,3.709019675,4.680178024999999,109.21188098387064
Saline+NTHi,Nasal Tissue,144,Neutrophils,30.30464378333333,31.651422799999995,30.926020100000002,31.854769925,95.74496532059005
Saline+NTHi,Nasal Tissue,144,Unknown Myeloid,4.7495306500000005,4.90179385,3.36574115,6.1876584,96.89372493704525
Saline+NTHi,Nasal Tissue,144,cDC1,0.16253931666666668,0.16191180000000002,0.12159935,0.18480257500000002,100.38756697576498
Saline+NTHi,Nasal Tissue,144,cDC2,0.060918,0.058613000000000005,0.039360624999999996,0.075979575,103.93257468479689
Saline+NTHi,Nasal Tissue,144,moDCs,0.005722433333333333,0.0063918199999999994,0.004954675,0.006824884999999999,89.52744810293991
Saline+NTHi,Nasal Tissue,144,pDCs,1.9649785166666667,1.7005177,1.57160825,2.3934909,115.55178265222801
Saline+NTHi,Spleen,2,B-cells,54.81204753333333,54.321127149999995,50.602806275,59.47090740000001,100.90373747580334
Saline+NTHi,Spleen,2,CD103+CD4+ T-cells,0.7066266833333333,0.6515673,0.6315491000000001,0.80168215,108.45029873864655
Saline+NTHi,Spleen,2,CD206+ Macrophages,1.42739605,0.9754427499999999,0.940258825,1.7892493000000003,146.33314461561176
Saline+NTHi,Spleen,2,CD4+ T-cells,21.122128716666666,20.47410835,18.76123505,23.6149491,103.16507246903703
Saline+NTHi,Spleen,2,CD64+MHCII- Macrophages,0.00904095,0.01029837,0.0040399599999999996,0.0124631,87.79010658968363
Saline+NTHi,Spleen,2,Drop,2.292150783333333,2.1096653499999998,2.01080475,2.6679251,108.64997063791817
Saline+NTHi,Spleen,2,Ly6C(hi)CD64(hi) Monocytes,0.3315320666666666,0.34628045,0.286421125,0.38250195,95.74091366309204
Saline+NTHi,Spleen,2,Ly6C+ NK cells,1.3896810666666668,1.35528885,1.080529975,1.7151398749999998,102.53763001641065
Saline+NTHi,Spleen,2,Ly6C+CD8+ T-cells,7.153847716666667,7.32807915,5.840019175,8.21402645,97.62241332596233
Saline+NTHi,Spleen,2,Ly6C- NK cells,1.966812316666667,1.94372205,1.8104656000000001,2.0722659500000002,101.18794076893178
Saline+NTHi,Spleen,2,Ly6C-CD8+ T-cells,5.8245283,5.760435,5.53352555,7.025477425,101.11264687475858
Saline+NTHi,Spleen,2,Monocytes,0.28999545,0.2947071,0.22545587499999997,0.361529525,98.40124313258825
Saline+NTHi,Spleen,2,Neutrophils,0.23225035,0.1429631,0.11584742499999999,0.36519727500000004,162.4547523102115
Saline+NTHi,Spleen,2,Unknown Myeloid,0.6080923166666666,0.6433117,0.5231477,0.72604935,94.52530035854572
Saline+NTHi,Spleen,2,cDC1,0.40550995,0.3914007,0.344839825,0.42533675,103.6048095979389
Saline+NTHi,Spleen,2,cDC2,0.7348260333333334,0.69335855,0.660159,0.737847625,105.9806695011309
Saline+NTHi,Spleen,2,moDCs,0.007623791666666667,0.007077550000000001,0.0059692124999999995,0.010134200000000001,107.71794853680532
Saline+NTHi,Spleen,2,pDCs,0.6859099833333333,0.71534275,0.6306342500000001,0.7290070500000001,95.88550150726114
Saline+NTHi,Spleen,6,B-cells,51.82039913333334,51.172752900000006,50.12391387500001,53.601481075,101.26560756775962
Saline+NTHi,Spleen,6,CD103+CD4+ T-cells,0.6492643166666667,0.6388685999999999,0.6003948,0.7041591749999999,101.62720732661879
Saline+NTHi,Spleen,6,CD206+ Macrophages,1.0055672666666668,0.9159439500000002,0.8652505750000001,1.23317285,109.78480360797913
Saline+NTHi,Spleen,6,CD4+ T-cells,23.030451733333337,22.5695414,22.159517049999998,24.039935175,102.04217855012925
Saline+NTHi,Spleen,6,CD64+MHCII- Macrophages,0.0029872216666666667,0.002670745,0.0018443049999999999,0.00427228,111.84975228509897
Saline+NTHi,Spleen,6,Drop,2.0557751499999997,1.7052158999999998,1.5808876,2.455175675,120.5580566073774
Saline+NTHi,Spleen,6,Ly6C(hi)CD64(hi) Monocytes,0.2447607333333333,0.22800885,0.20250597499999998,0.25885622500000005,107.34703207061187
Saline+NTHi,Spleen,6,Ly6C+ NK cells,1.1709155333333334,1.25486465,1.0202032749999999,1.3262692500000002,93.31010586148342
Saline+NTHi,Spleen,6,Ly6C+CD8+ T-cells,8.302876966666666,7.8615933,7.543536100000001,9.585335,105.61315817070651
Saline+NTHi,Spleen,6,Ly6C- NK cells,1.6611129833333331,1.5780712999999997,1.4370453250000002,1.7130675000000002,105.26222632230453
Saline+NTHi,Spleen,6,Ly6C-CD8+ T-cells,6.518853483333334,6.5143266,5.7906911249999995,7.246325849999999,100.06949119396829
Saline+NTHi,Spleen,6,Monocytes,0.20289476666666664,0.20943225,0.20518217500000002,0.21181842500000003,96.87847342836008
Saline+NTHi,Spleen,6,Neutrophils,0.6250016333333334,0.5881598,0.215562825,1.003609075,106.26391557759189
Saline+NTHi,Spleen,6,Unknown Myeloid,0.6635367833333333,0.64717435,0.53451935,0.7592274,102.52828829407923
Saline+NTHi,Spleen,6,cDC1,0.3745239166666667,0.40244240000000003,0.34212025,0.4103583,93.06273808790193
Saline+NTHi,Spleen,6,cDC2,0.8811985833333332,0.9251754000000001,0.8395430999999999,0.9334170749999999,95.2466508873164
Saline+NTHi,Spleen,6,moDCs,0.004530323333333333,0.004555465,0.00385761,0.0053081974999999995,99.4480987853783
Saline+NTHi,Spleen,6,pDCs,0.7853495333333333,0.76174115,0.659311625,0.8816153,103.09926585078584
Saline+NTHi,Spleen,24,B-cells,53.566902999999996,53.1709859,49.29390195,56.876412025,100.74461116960404
Saline+NTHi,Spleen,24,CD103+CD4+ T-cells,0.6536303,0.6503818,0.61075665,0.689952575,100.49947584634134
Saline+NTHi,Spleen,24,CD206+ Macrophages,1.2847957333333333,1.1277059,1.0090403000000001,1.5327163250000002,113.93003560000292
Saline+NTHi,Spleen,24,CD4+ T-cells,22.29955655,22.2188837,19.995361575,24.826523499999997,100.36308237213557
Saline+NTHi,Spleen,24,CD64+MHCII- Macrophages,0.008819292,0.00411228,0.00363429,0.0159304,214.4623420584201
Saline+NTHi,Spleen,24,Drop,2.103964866666667,2.1473226499999996,1.7492405,2.44915115,97.98084450264926
Saline+NTHi,Spleen,24,Ly6C(hi)CD64(hi) Monocytes,0.2643597166666667,0.2475063,0.18678375,0.3206436750000001,106.80928795213158
Saline+NTHi,Spleen,24,Ly6C+ NK cells,1.0665333,1.04878175,0.7650838,1.330316175,101.69258761415327
Saline+NTHi,Spleen,24,Ly6C+CD8+ T-cells,6.950763233333333,6.5828850999999995,6.279209825,7.5406268999999995,105.58840277089652
Saline+NTHi,Spleen,24,Ly6C- NK cells,1.8142800833333332,1.8347306,1.6115306999999999,2.05492585,98.88536678536528
Saline+NTHi,Spleen,24,Ly6C-CD8+ T-cells,6.730346783333334,6.871838050000001,5.961594750000001,7.518201350000001,97.94099823602993
Saline+NTHi,Spleen,24,Monocytes,0.20503685,0.20859534999999998,0.19975795,0.21280255,98.29406551967722
Saline+NTHi,Spleen,24,Neutrophils,0.31360659999999996,0.24714380000000002,0.194495925,0.38559279999999996,126.89235983261564
Saline+NTHi,Spleen,24,Unknown Myeloid,0.66603605,0.64526835,0.616441525,0.7070370500000001,103.21845942079754
Saline+NTHi,Spleen,24,cDC1,0.36415796666666667,0.38159119999999996,0.32651247499999997,0.40772345000000004,95.43143727283719
Saline+NTHi,Spleen,24,cDC2,0.8960849,0.7831488500000001,0.7686942,0.957904825,114.4207643285181
Saline+NTHi,Spleen,24,moDCs,0.0042837150000000004,0.00320719,0.0029517825,0.005168022499999999,133.56598767145073
Saline+NTHi,Spleen,24,pDCs,0.8083109166666667,0.7466225,0.6556290249999999,1.0162966500000001,108.26233024944555
Saline+NTHi,Spleen,48,B-cells,55.32141801666667,56.46162325,51.771935925,57.799467424999996,97.98056597082811
Saline+NTHi,Spleen,48,CD103+CD4+ T-cells,0.6185603333333334,0.6199961,0.552179825,0.639809525,99.76842327449049
Saline+NTHi,Spleen,48,CD206+ Macrophages,1.1729626,1.1179161,1.01406405,1.3247335500000001,104.92402784072974
Saline+NTHi,Spleen,48,CD4+ T-cells,21.059979866666666,20.7865067,19.884244600000002,23.47983585,101.31562830933332
Saline+NTHi,Spleen,48,CD64+MHCII- Macrophages,0.0056124345,0.006964199999999999,0.002017968,0.008247907499999999,80.58979495132249
Saline+NTHi,Spleen,48,Drop,1.97350385,2.09085285,1.832455275,2.1693395250000003,94.3875055578397
Saline+NTHi,Spleen,48,Ly6C(hi)CD64(hi) Monocytes,0.2347774,0.22342094999999998,0.19571407500000002,0.255158025,105.08298348923859
Saline+NTHi,Spleen,48,Ly6C+ NK cells,1.1947767999999999,1.13465925,0.895817225,1.405370875,105.29829109488156
Saline+NTHi,Spleen,48,Ly6C+CD8+ T-cells,7.495481649999999,7.436390300000001,7.1254149,8.077328575000001,100.7946241068062
Saline+NTHi,Spleen,48,Ly6C- NK cells,1.9116774166666666,1.8090465999999998,1.77948775,1.995520525,105.67319916837225
Saline+NTHi,Spleen,48,Ly6C-CD8+ T-cells,5.56059965,5.47879535,4.912103225,6.520365875,101.4931074218715
Saline+NTHi,Spleen,48,Monocytes,0.25253146666666665,0.23303459999999995,0.225187,0.265522175,108.36651152518411
Saline+NTHi,Spleen,48,Neutrophils,0.6002448833333334,0.5596801,0.395102275,0.6139494999999999,107.24785164477588
Saline+NTHi,Spleen,48,Unknown Myeloid,0.7337765666666667,0.7487183999999999,0.63848695,0.8344600249999998,98.00434538094252
Saline+NTHi,Spleen,48,cDC1,0.3083687333333333,0.32108075,0.27794945,0.34667975,96.04086614763834
Saline+NTHi,Spleen,48,cDC2,0.8933721666666666,0.8904750499999999,0.78581465,1.024046675,100.32534506909168
Saline+NTHi,Spleen,48,moDCs,0.008100944,0.00803902,0.00777162,0.00812244,100.77029289639783
Saline+NTHi,Spleen,48,pDCs,0.6556054333333333,0.67837315,0.636916075,0.6862289500000001,96.64377685545682
Saline+NTHi,Spleen,72,B-cells,51.10564738333333,51.09499905,47.334685799999995,53.01193095000001,100.02084026525357
Saline+NTHi,Spleen,72,CD103+CD4+ T-cells,0.7401048,0.7509102,0.7030476,0.7871493,98.56102633843568
Saline+NTHi,Spleen,72,CD206+ Macrophages,1.040109,1.0173806,0.83784995,1.24287335,102.23401153904447
Saline+NTHi,Spleen,72,CD4+ T-cells,23.407961983333333,22.8882542,21.737969,25.397164774999997,102.27063094804905
Saline+NTHi,Spleen,72,CD64+MHCII- Macrophages,0.006408280000000001,0.00585986,0.0056320599999999995,0.006937759999999999,109.35892666377696
Saline+NTHi,Spleen,72,Drop,2.4230072999999996,2.36443335,2.176248075,2.5991238,102.47729334387876
Saline+NTHi,Spleen,72,Ly6C(hi)CD64(hi) Monocytes,0.34444653333333336,0.38046485,0.29187747500000005,0.402842225,90.53307640202067
Saline+NTHi,Spleen,72,Ly6C+ NK cells,1.1941380499999998,1.2085702,0.9491606749999999,1.4296656749999999,98.80584925890112
Saline+NTHi,Spleen,72,Ly6C+CD8+ T-cells,7.602713499999999,7.8125517,7.390997925000001,8.03730135,97.31408881428585
Saline+NTHi,Spleen,72,Ly6C- NK cells,2.0117564833333335,2.0298627,1.8745053,2.142344475,99.10800781419027
Saline+NTHi,Spleen,72,Ly6C-CD8+ T-cells,6.501815650000001,6.3677810500000005,5.579865175,7.461423550000001,102.10488707051259
Saline+NTHi,Spleen,72,Monocytes,0.2547909333333333,0.21398245,0.14629912500000003,0.29992504999999997,119.07094873123161
Saline+NTHi,Spleen,72,Neutrophils,0.29390656666666665,0.25778134999999996,0.25255672500000004,0.31849727499999997,114.01389847119145
Saline+NTHi,Spleen,72,Unknown Myeloid,0.8054994,0.76556185,0.69365625,0.7762649,105.21676334838264
Saline+NTHi,Spleen,72,cDC1,0.36799893333333333,0.35452310000000004,0.330254925,0.40144810000000003,103.80111573359629
Saline+NTHi,Spleen,72,cDC2,1.0788547333333334,1.06430005,0.9646321500000001,1.143259175,101.36753571827168
Saline+NTHi,Spleen,72,moDCs,0.005709021666666667,0.003500225,0.0018775975,0.009271169999999999,163.1044194777955
Saline+NTHi,Spleen,72,pDCs,0.81619955,0.7974789499999999,0.734192425,0.9903911250000001,102.34747261981023
Saline+NTHi,Spleen,96,B-cells,52.97187168333334,53.3634307,51.79968637500001,54.798053825000004,99.26624092279985
Saline+NTHi,Spleen,96,CD103+CD4+ T-cells,0.6616096499999999,0.67181525,0.63590285,0.683174225,98.48089188210596
Saline+NTHi,Spleen,96,CD206+ Macrophages,1.3579598666666666,1.39368645,1.2211141,1.4812041500000002,97.43654081351416
Saline+NTHi,Spleen,96,CD4+ T-cells,21.32567888333333,21.53402475,19.896838149999997,22.4616137,99.03248060181286
Saline+NTHi,Spleen,96,CD64+MHCII- Macrophages,0.004318971666666667,0.004682225,0.00294839,0.004985007499999999,92.24186506771176
Saline+NTHi,Spleen,96,Drop,3.075540216666667,2.9093649,2.623939175,3.102376525,105.71173855389083
Saline+NTHi,Spleen,96,Ly6C(hi)CD64(hi) Monocytes,0.27535735,0.25611195000000003,0.24023515,0.33910715,107.51444827154685
Saline+NTHi,Spleen,96,Ly6C+ NK cells,1.3192678166666667,1.27325125,1.1669675000000002,1.374859725,103.61409946910844
Saline+NTHi,Spleen,96,Ly6C+CD8+ T-cells,7.47565855,7.51213585,7.093906025000001,8.116293975,99.51442172068813
Saline+NTHi,Spleen,96,Ly6C- NK cells,2.1043257166666667,2.0962301,1.838792375,2.31311945,100.38619885606388
Saline+NTHi,Spleen,96,Ly6C-CD8+ T-cells,5.762991366666666,5.63206855,5.085613550000001,6.356637525,102.32459558161213
Saline+NTHi,Spleen,96,Monocytes,0.28158533333333335,0.2353492,0.22160775,0.342854375,119.64575759481373
Saline+NTHi,Spleen,96,Neutrophils,0.43380103333333336,0.4231731000000001,0.34443005,0.5045468500000001,102.5114860404249
Saline+NTHi,Spleen,96,Unknown Myeloid,0.70921725,0.7202752499999999,0.69096195,0.745580325,98.46475357857986
Saline+NTHi,Spleen,96,cDC1,0.38348346666666666,0.37438689999999997,0.32793415,0.43019057499999996,102.42972354712911
Saline+NTHi,Spleen,96,cDC2,1.0642437166666665,1.04109415,1.013943075,1.1249263999999999,102.22358051542857
Saline+NTHi,Spleen,96,moDCs,0.0077793233333333335,0.008071295,0.0048951175,0.010887,96.3825920541045
Saline+NTHi,Spleen,96,pDCs,0.7853097666666666,0.76187245,0.736700425,0.8211694,103.07627827553898
Saline+NTHi,Spleen,144,B-cells,50.28438311666667,45.774680700000005,41.961658375,60.56204075,109.85195821730038
Saline+NTHi,Spleen,144,CD103+CD4+ T-cells,0.7428993666666667,0.7850583500000001,0.6551215000000001,0.836079,94.62982804611487
Saline+NTHi,Spleen,144,CD206+ Macrophages,1.0606828833333333,1.07375865,0.74763325,1.328399675,98.78224341506662
Saline+NTHi,Spleen,144,CD4+ T-cells,22.893590233333335,25.28583855,17.234684175,27.089992949999996,90.53917744536628
Saline+NTHi,Spleen,144,CD64+MHCII- Macrophages,0.008402821666666666,0.00840083,0.0060868425,0.009112705,100.0237079748866
Saline+NTHi,Spleen,144,Drop,2.2850463333333333,2.0313645499999997,1.9794728749999997,2.47254935,112.48824507316195
Saline+NTHi,Spleen,144,Ly6C(hi)CD64(hi) Monocytes,0.23643266666666668,0.22250675,0.14010945,0.293230225,106.2586490821814
Saline+NTHi,Spleen,144,Ly6C+ NK cells,1.19600135,1.32150355,0.769853575,1.6422226000000002,90.50307507686982
Saline+NTHi,Spleen,144,Ly6C+CD8+ T-cells,8.638886399999999,9.9356187,6.3811328,10.360598725000001,86.94865071663831
Saline+NTHi,Spleen,144,Ly6C- NK cells,1.78692475,1.9873047499999998,1.267938075,2.2848664750000003,89.9169968773033
Saline+NTHi,Spleen,144,Ly6C-CD8+ T-cells,6.728909616666668,6.132003899999999,4.5406179,9.097301850000001,109.73426837948796
Saline+NTHi,Spleen,144,Monocytes,0.29729473333333334,0.31259315,0.27834417499999997,0.3591455,95.10596548047626
Saline+NTHi,Spleen,144,Neutrophils,0.7447335333333334,0.747177,0.37450135,1.0719113,99.67297351676154
Saline+NTHi,Spleen,144,Unknown Myeloid,0.7880227833333333,0.76435065,0.733003275,0.768933075,103.0970253421428
Saline+NTHi,Spleen,144,cDC1,0.3939711,0.42496145,0.30890692499999994,0.4683808750000001,92.70749146775549
Saline+NTHi,Spleen,144,cDC2,1.1578194833333333,1.0966606,1.0717925,1.122957,105.57682872288228
Saline+NTHi,Spleen,144,moDCs,0.011153841666666667,0.0107694,0.00867246,0.012433275,103.56975937997166
Saline+NTHi,Spleen,144,pDCs,0.7448449666666667,0.7317047999999999,0.599717425,0.8801864749999999,101.7958289554294
